Posting Date,Posting Time,TSP,TSP Name,CycleDesc,Eff Gas Day,Eff Time,Meas Basis Desc,Loc Purp Desc,Loc/QTI Desc,Interconnect Party Name,OIA,Loc,Loc Name,Operating Capacity,Total Scheduled Quantity,Operationally Available Capacity,Design Capacity,All Quantities Available Indicator,Quantity Not Available Reason,Flow Ind,IT,
09/27/2026,21:36,876833500,COVE POINT LNG LP,Intraday 3,09/27/2026,22:00,MMBtu,Receipt Location,Receipt point(s) quantity,WILLIAMS,X,45001,TRANSCO PLEASANT VALLEY,400000,14202,385798,1044000,Y,,R,Y,
09/27/2026,21:36,876833500,COVE POINT LNG LP,Intraday 3,09/27/2026,22:00,MMBtu,Receipt Location,Receipt point(s) quantity,WILLIAMS,X,45002,PLEASANT VALLEY (COMMISSIONING),0,0,0,0,Y,,R,N,
09/27/2026,21:36,876833500,COVE POINT LNG LP,Intraday 3,09/27/2026,22:00,MMBtu,Receipt Location,Receipt point(s) quantity,EASTERN GAS TRANSMISSION AND STORAGE*,X,47001,EGTS LOUDOUN,260000,218043,41957,260000,Y,,R,N,
09/27/2026,21:36,876833500,COVE POINT LNG LP,Intraday 3,09/27/2026,22:00,MMBtu,Receipt Location,Receipt point(s) quantity,COVE POINT LNG,X,10002,CVP STORAGE POINT (ST),1800000,18519,1781481,1800000,Y,,R,N,
09/27/2026,21:36,876833500,COVE POINT LNG LP,Intraday 3,09/27/2026,22:00,MMBtu,Receipt Location,Receipt point(s) quantity,COLUMBIA*,X,37001,COLUMBIA LOUDOUN,604000,56976,547024,604000,Y,,R,N,
09/27/2026,21:36,876833500,COVE POINT LNG LP,Intraday 3,09/27/2026,22:00,MMBtu,Receipt Location,Receipt point(s) quantity,COLUMBIA*,X,37002,TCO/CP LOUDOUN (COMMISSIONING),0,0,0,0,Y,,R,N,
09/27/2026,21:36,876833500,COVE POINT LNG LP,Intraday 3,09/27/2026,22:00,MMBtu,Delivery Location,Delivery point(s) quantity,WILLIAMS*,X,45001,TRANSCO PLEASANT VALLEY,725000,0,725000,725000,Y,,D,N,
09/27/2026,21:36,876833500,COVE POINT LNG LP,Intraday 3,09/27/2026,22:00,MMBtu,Delivery Location,Delivery point(s) quantity,EASTERN GAS TRANSMISSION AND STORAGE*,X,47001,EGTS LOUDOUN,741280,14202,727078,759608,Y,,D,Y,
09/27/2026,21:36,876833500,COVE POINT LNG LP,Intraday 3,09/27/2026,22:00,MMBtu,Delivery Location,Delivery point(s) quantity,COVE POINT LNG,X,10001,COVE POINT PLANT,920000,15000,905000,15000,Y,,D,N,
09/27/2026,21:36,876833500,COVE POINT LNG LP,Intraday 3,09/27/2026,22:00,MMBtu,Delivery Location,Delivery point(s) quantity,COVE POINT LNG,X,88000,WOODVILLE M&R,137500,117500,20000,117500,Y,,D,N,
09/27/2026,21:36,876833500,COVE POINT LNG LP,Intraday 3,09/27/2026,22:00,MMBtu,Delivery Location,Delivery point(s) quantity,COVE POINT LNG,X,89000,ST CHARLES M&R,132000,100000,32000,132000,Y,,D,N,
09/27/2026,21:36,876833500,COVE POINT LNG LP,Intraday 3,09/27/2026,22:00,MMBtu,Delivery Location,Delivery point(s) quantity,COVE POINT LNG,X,97000,POSSUM POINT PLANT,195700,0,195700,95000,Y,,D,N,
09/27/2026,21:36,876833500,COVE POINT LNG LP,Intraday 3,09/27/2026,22:00,MMBtu,Delivery Location,Delivery point(s) quantity,COLUMBIA*,X,37001,COLUMBIA LOUDOUN,549275,0,549275,659500,Y,,D,N,
09/27/2026,21:36,876833500,COVE POINT LNG LP,Intraday 3,09/27/2026,22:00,MMBtu,Delivery Location,Delivery point(s) quantity,WASHINGTON GAS & LIGHT,X,77010,WGL-CENTERVILLE,185400,0,185400,47000,Y,,D,N,
09/27/2026,21:36,876833500,COVE POINT LNG LP,Intraday 3,09/27/2026,22:00,MMBtu,Delivery Location,Delivery point(s) quantity,WASHINGTON GAS & LIGHT,X,77020,WGL-WHITE PLAINS,123600,0,123600,9000,Y,,D,N,
09/27/2026,21:36,876833500,COVE POINT LNG LP,Intraday 3,09/27/2026,22:00,MMBtu,Delivery Location,Delivery point(s) quantity,WASHINGTON GAS & LIGHT,X,77030,WGL-GARDINER ROAD,396000,37741,358259,396000,Y,,D,N,
09/27/2026,21:36,876833500,COVE POINT LNG LP,Intraday 3,09/27/2026,22:00,MMBtu,Delivery Location,Delivery point(s) quantity,WASHINGTON GAS & LIGHT,X,77040,WGL-PRINCE FREDERICK,4236,267,3969,2500,Y,,D,N,
09/27/2026,21:36,876833500,COVE POINT LNG LP,Intraday 3,09/27/2026,22:00,MMBtu,Delivery Location,Delivery point(s) quantity,WASHINGTON GAS & LIGHT,X,77050,WGL-PATUXENT,19500,992,18508,19500,Y,,D,N,
09/27/2026,21:36,876833500,COVE POINT LNG LP,Intraday 3,09/27/2026,22:00,MMBtu,Delivery Location,Delivery point(s) quantity,WASHINGTON GAS & LIGHT,X,77060,WGL -WILLOWSFORD,36000,0,36000,24000,Y,,D,N,
09/27/2026,21:36,876833500,COVE POINT LNG LP,Intraday 3,09/27/2026,22:00,MMBtu,Delivery Location,Delivery point(s) quantity,WASHINGTON GAS & LIGHT,X,77070,WGL - GARDINER ROAD II,0,0,0,126000,Y,,D,N,
09/27/2026,21:36,876833500,COVE POINT LNG LP,Intraday 3,09/27/2026,22:00,MMBtu,Delivery Location,Delivery point(s) quantity,WASHINGTON GAS & LIGHT,X,87000,CHALK POINT PLANT,150000,0,150000,0,Y,,D,N,
09/27/2026,21:36,876833500,COVE POINT LNG LP,Intraday 3,09/27/2026,22:00,MMBtu,Storage Area,Storage quantity,COVE POINT LNG,X,10001,COVE POINT PLANT,1800000,15000,1815000,1800000,Y,,SI,N,
