month,"Coal, Australian","Coal, South African **","Natural gas, US","Natural gas, Europe","Liquefied natural gas, Japan",Natural gas index
1960M01,…,…,0.14,0.4,…,…
1960M02,…,…,0.14,0.4,…,…
1960M03,…,…,0.14,0.4,…,…
1960M04,…,…,0.14,0.4,…,…
1960M05,…,…,0.14,0.4,…,…
1960M06,…,…,0.14,0.4,…,…
1960M07,…,…,0.14,0.4,…,…
1960M08,…,…,0.14,0.4,…,…
1960M09,…,…,0.14,0.4,…,…
1960M10,…,…,0.14,0.4,…,…
1960M11,…,…,0.14,0.4,…,…
1960M12,…,…,0.14,0.4,…,…
1961M01,…,…,0.15,0.4,…,…
1961M02,…,…,0.15,0.4,…,…
1961M03,…,…,0.15,0.4,…,…
1961M04,…,…,0.15,0.4,…,…
1961M05,…,…,0.15,0.4,…,…
1961M06,…,…,0.15,0.4,…,…
1961M07,…,…,0.15,0.4,…,…
1961M08,…,…,0.15,0.4,…,…
1961M09,…,…,0.15,0.4,…,…
1961M10,…,…,0.15,0.4,…,…
1961M11,…,…,0.15,0.4,…,…
1961M12,…,…,0.15,0.4,…,…
1962M01,…,…,0.16,0.4,…,…
1962M02,…,…,0.16,0.4,…,…
1962M03,…,…,0.16,0.4,…,…
1962M04,…,…,0.16,0.4,…,…
1962M05,…,…,0.16,0.4,…,…
1962M06,…,…,0.16,0.4,…,…
1962M07,…,…,0.16,0.4,…,…
1962M08,…,…,0.16,0.4,…,…
1962M09,…,…,0.16,0.4,…,…
1962M10,…,…,0.16,0.4,…,…
1962M11,…,…,0.16,0.4,…,…
1962M12,…,…,0.16,0.4,…,…
1963M01,…,…,0.16,0.39,…,…
1963M02,…,…,0.16,0.39,…,…
1963M03,…,…,0.16,0.39,…,…
1963M04,…,…,0.16,0.39,…,…
1963M05,…,…,0.16,0.39,…,…
1963M06,…,…,0.16,0.39,…,…
1963M07,…,…,0.16,0.39,…,…
1963M08,…,…,0.16,0.39,…,…
1963M09,…,…,0.16,0.39,…,…
1963M10,…,…,0.16,0.39,…,…
1963M11,…,…,0.16,0.39,…,…
1963M12,…,…,0.16,0.39,…,…
1964M01,…,…,0.15,0.38,…,…
1964M02,…,…,0.15,0.38,…,…
1964M03,…,…,0.15,0.38,…,…
1964M04,…,…,0.15,0.38,…,…
1964M05,…,…,0.15,0.38,…,…
1964M06,…,…,0.15,0.38,…,…
1964M07,…,…,0.15,0.38,…,…
1964M08,…,…,0.15,0.38,…,…
1964M09,…,…,0.15,0.38,…,…
1964M10,…,…,0.15,0.38,…,…
1964M11,…,…,0.15,0.38,…,…
1964M12,…,…,0.15,0.38,…,…
1965M01,…,…,0.16,0.41,…,…
1965M02,…,…,0.16,0.41,…,…
1965M03,…,…,0.16,0.41,…,…
1965M04,…,…,0.16,0.41,…,…
1965M05,…,…,0.16,0.41,…,…
1965M06,…,…,0.16,0.41,…,…
1965M07,…,…,0.16,0.41,…,…
1965M08,…,…,0.16,0.41,…,…
1965M09,…,…,0.16,0.41,…,…
1965M10,…,…,0.16,0.41,…,…
1965M11,…,…,0.16,0.41,…,…
1965M12,…,…,0.16,0.41,…,…
1966M01,…,…,0.16,0.42,…,…
1966M02,…,…,0.16,0.42,…,…
1966M03,…,…,0.16,0.42,…,…
1966M04,…,…,0.16,0.42,…,…
1966M05,…,…,0.16,0.42,…,…
1966M06,…,…,0.16,0.42,…,…
1966M07,…,…,0.16,0.42,…,…
1966M08,…,…,0.16,0.42,…,…
1966M09,…,…,0.16,0.42,…,…
1966M10,…,…,0.16,0.42,…,…
1966M11,…,…,0.16,0.42,…,…
1966M12,…,…,0.16,0.42,…,…
1967M01,…,…,0.16,0.46,…,…
1967M02,…,…,0.16,0.46,…,…
1967M03,…,…,0.16,0.46,…,…
1967M04,…,…,0.16,0.46,…,…
1967M05,…,…,0.16,0.46,…,…
1967M06,…,…,0.16,0.46,…,…
1967M07,…,…,0.16,0.46,…,…
1967M08,…,…,0.16,0.46,…,…
1967M09,…,…,0.16,0.46,…,…
1967M10,…,…,0.16,0.46,…,…
1967M11,…,…,0.16,0.46,…,…
1967M12,…,…,0.16,0.46,…,…
1968M01,…,…,0.16,0.45,…,…
1968M02,…,…,0.16,0.45,…,…
1968M03,…,…,0.16,0.45,…,…
1968M04,…,…,0.16,0.45,…,…
1968M05,…,…,0.16,0.45,…,…
1968M06,…,…,0.16,0.45,…,…
1968M07,…,…,0.16,0.45,…,…
1968M08,…,…,0.16,0.45,…,…
1968M09,…,…,0.16,0.45,…,…
1968M10,…,…,0.16,0.45,…,…
1968M11,…,…,0.16,0.45,…,…
1968M12,…,…,0.16,0.45,…,…
1969M01,…,…,0.17,0.45,…,…
1969M02,…,…,0.17,0.45,…,…
1969M03,…,…,0.17,0.45,…,…
1969M04,…,…,0.17,0.45,…,…
1969M05,…,…,0.17,0.45,…,…
1969M06,…,…,0.17,0.45,…,…
1969M07,…,…,0.17,0.45,…,…
1969M08,…,…,0.17,0.45,…,…
1969M09,…,…,0.17,0.45,…,…
1969M10,…,…,0.17,0.45,…,…
1969M11,…,…,0.17,0.45,…,…
1969M12,…,…,0.17,0.45,…,…
1970M01,7.8,…,0.17,0.45,…,…
1970M02,7.8,…,0.17,0.45,…,…
1970M03,7.8,…,0.17,0.45,…,…
1970M04,7.8,…,0.17,0.45,…,…
1970M05,7.8,…,0.17,0.45,…,…
1970M06,7.8,…,0.17,0.45,…,…
1970M07,7.8,…,0.17,0.45,…,…
1970M08,7.8,…,0.17,0.45,…,…
1970M09,7.8,…,0.17,0.45,…,…
1970M10,7.8,…,0.17,0.45,…,…
1970M11,7.8,…,0.17,0.45,…,…
1970M12,7.8,…,0.17,0.45,…,…
1971M01,8.7,…,0.18,0.5,…,…
1971M02,8.7,…,0.18,0.5,…,…
1971M03,8.7,…,0.18,0.5,…,…
1971M04,8.7,…,0.18,0.5,…,…
1971M05,8.7,…,0.18,0.5,…,…
1971M06,8.7,…,0.18,0.5,…,…
1971M07,8.7,…,0.18,0.5,…,…
1971M08,8.7,…,0.18,0.5,…,…
1971M09,8.7,…,0.18,0.5,…,…
1971M10,8.7,…,0.18,0.5,…,…
1971M11,8.7,…,0.18,0.5,…,…
1971M12,8.7,…,0.18,0.5,…,…
1972M01,9.6,…,0.19,0.54,…,…
1972M02,9.6,…,0.19,0.54,…,…
1972M03,9.6,…,0.19,0.54,…,…
1972M04,9.6,…,0.19,0.54,…,…
1972M05,9.6,…,0.19,0.54,…,…
1972M06,9.6,…,0.19,0.54,…,…
1972M07,9.6,…,0.19,0.54,…,…
1972M08,9.6,…,0.19,0.54,…,…
1972M09,9.6,…,0.19,0.54,…,…
1972M10,9.6,…,0.19,0.54,…,…
1972M11,9.6,…,0.19,0.54,…,…
1972M12,9.6,…,0.19,0.54,…,…
1973M01,11.5,…,0.21,0.69,…,…
1973M02,11.5,…,0.21,0.69,…,…
1973M03,11.5,…,0.21,0.69,…,…
1973M04,11.5,…,0.21,0.69,…,…
1973M05,11.5,…,0.21,0.69,…,…
1973M06,11.5,…,0.21,0.69,…,…
1973M07,11.5,…,0.21,0.69,…,…
1973M08,11.5,…,0.21,0.69,…,…
1973M09,11.5,…,0.21,0.69,…,…
1973M10,11.5,…,0.21,0.69,…,…
1973M11,11.5,…,0.21,0.69,…,…
1973M12,11.5,…,0.21,0.69,…,…
1974M01,16.9,…,0.29,1.73,…,…
1974M02,16.9,…,0.29,1.73,…,…
1974M03,16.9,…,0.29,1.73,…,…
1974M04,16.9,…,0.29,1.73,…,…
1974M05,16.9,…,0.29,1.73,…,…
1974M06,16.9,…,0.29,1.73,…,…
1974M07,16.9,…,0.29,1.73,…,…
1974M08,16.9,…,0.29,1.73,…,…
1974M09,16.9,…,0.29,1.73,…,…
1974M10,16.9,…,0.29,1.73,…,…
1974M11,16.9,…,0.29,1.73,…,…
1974M12,16.9,…,0.29,1.73,…,…
1975M01,26.8,…,0.43,1.68,…,…
1975M02,26.8,…,0.43,1.68,…,…
1975M03,26.8,…,0.43,1.68,…,…
1975M04,26.8,…,0.43,1.68,…,…
1975M05,26.8,…,0.43,1.68,…,…
1975M06,26.8,…,0.43,1.68,…,…
1975M07,26.8,…,0.43,1.68,…,…
1975M08,26.8,…,0.43,1.68,…,…
1975M09,26.8,…,0.43,1.68,…,…
1975M10,26.8,…,0.43,1.68,…,…
1975M11,26.8,…,0.43,1.68,…,…
1975M12,26.8,…,0.43,1.68,…,…
1976M01,27.2,…,0.54,1.74,…,…
1976M02,27.2,…,0.54,1.74,…,…
1976M03,27.2,…,0.54,1.74,…,…
1976M04,27.2,…,0.55,1.74,…,…
1976M05,27.2,…,0.55,1.74,…,…
1976M06,27.2,…,0.58,1.74,…,…
1976M07,27.2,…,0.58,1.74,…,…
1976M08,27.2,…,0.6,1.74,…,…
1976M09,27.2,…,0.6,1.74,…,…
1976M10,27.2,…,0.62,1.74,…,…
1976M11,27.2,…,0.63,1.74,…,…
1976M12,27.2,…,0.64,1.74,…,…
1977M01,28.7,…,0.67,1.79,2.77,18.5
1977M02,28.7,…,0.71,1.79,2.77,19
1977M03,28.7,…,0.75,1.79,2.77,19.5
1977M04,28.7,…,0.77,1.79,2.77,19.7
1977M05,28.7,…,0.77,1.79,2.77,19.7
1977M06,28.7,…,0.82,1.79,2.77,20.4
1977M07,28.7,…,0.83,1.79,2.77,20.5
1977M08,28.7,…,0.82,1.79,2.77,20.4
1977M09,28.7,…,0.83,1.79,2.77,20.5
1977M10,28.7,…,0.84,1.79,2.77,20.6
1977M11,28.7,…,0.83,1.79,2.77,20.5
1977M12,28.7,…,0.84,1.79,2.77,20.6
1978M01,27.9,…,0.87,2.3,3.04,23.6
1978M02,27.1,…,0.88,2.3,3.04,23.7
1978M03,27.1,…,0.89,2.3,3.04,23.8
1978M04,27.1,…,0.88,2.3,3.04,23.7
1978M05,28.6,…,0.91,2.3,3.04,24.1
1978M06,30.2,…,0.91,2.3,3.04,24.1
1978M07,30.2,…,0.89,2.3,3.04,23.8
1978M08,30.2,…,0.91,2.3,3.04,24.1
1978M09,30.2,…,0.92,2.3,3.04,24.2
1978M10,30.2,…,0.92,2.3,3.04,24.2
1978M11,30.2,…,0.93,2.3,3.04,24.3
1978M12,30.2,…,0.96,2.3,3.04,24.7
1979M01,30.2,…,1.02,3.26,3.69,30.4
1979M02,30.2,…,1.05,3.26,3.69,30.7
1979M03,30.2,…,1.1,3.26,3.69,31.4
1979M04,30.2,…,1.11,3.26,3.69,31.5
1979M05,30.2,…,1.15,3.26,3.69,32
1979M06,30.2,…,1.17,3.26,3.69,32.2
1979M07,30.2,…,1.2,3.26,3.69,32.6
1979M08,31.3,…,1.24,3.26,3.69,33.1
1979M09,31.3,…,1.24,3.26,3.69,33.1
1979M10,32.4,…,1.28,3.26,3.69,33.5
1979M11,32.4,…,1.29,3.26,3.69,33.7
1979M12,32.4,…,1.31,3.26,3.69,33.9
1980M01,32.4,…,1.37,4.22,5.7,40.6
1980M02,32.4,…,1.42,4.22,5.7,41.2
1980M03,32.4,…,1.46,4.22,5.7,41.7
1980M04,39.5,…,1.51,4.22,5.7,42.3
1980M05,40.1,…,1.56,4.22,5.7,42.9
1980M06,40.7,…,1.57,4.22,5.7,43
1980M07,40.7,…,1.64,4.22,5.7,43.8
1980M08,44.2,…,1.64,4.22,5.7,43.8
1980M09,44.6,…,1.69,4.22,5.7,44.4
1980M10,44.6,…,1.71,4.22,5.7,44.7
1980M11,45,…,1.76,4.22,5.7,45.3
1980M12,45,…,1.74,4.22,5.7,45.1
1981M01,45,…,1.77,4.6,6.03,47.4
1981M02,45,…,1.81,4.6,6.03,47.9
1981M03,45,…,1.86,4.6,6.03,48.5
1981M04,56.5,…,1.93,4.6,6.03,49.4
1981M05,56.5,…,1.95,4.6,6.03,49.6
1981M06,56.5,…,1.95,4.6,6.03,49.6
1981M07,56.5,…,2.01,4.6,6.03,50.4
1981M08,56.5,…,2.02,4.6,6.03,50.5
1981M09,56.5,…,2.08,4.6,6.03,51.2
1981M10,56.5,…,2.11,4.6,6.03,51.6
1981M11,56.5,…,2.15,4.6,6.03,52.1
1981M12,56.5,…,2.16,4.6,6.03,52.2
1982M01,55.6,…,2.23,4.45,6.05,52.3
1982M02,55.6,…,2.3,4.45,6.05,53.2
1982M03,55.6,…,2.35,4.45,6.05,53.8
1982M04,55.6,…,2.4,4.45,6.05,54.4
1982M05,55.6,…,2.45,4.45,6.05,55
1982M06,55.6,…,2.45,4.45,6.05,55
1982M07,55.6,…,2.47,4.45,6.05,55.2
1982M08,55.6,…,2.53,4.45,6.05,56
1982M09,55.6,…,2.56,4.45,6.05,56.3
1982M10,55.6,…,2.6,4.45,6.05,56.8
1982M11,55.6,…,2.62,4.45,6.05,57.1
1982M12,45.5,…,2.62,4.45,6.05,57.1
1983M01,43,…,2.66,4.05,5.55,55.3
1983M02,43,…,2.66,4.05,5.55,55.3
1983M03,43,…,2.58,4.05,5.55,54.3
1983M04,43,…,2.53,4.05,5.55,53.7
1983M05,43,…,2.53,4.05,5.55,53.7
1983M06,43,…,2.59,4.05,5.55,54.5
1983M07,34.8,…,2.52,4.05,5.55,53.6
1983M08,34.8,…,2.58,4.05,5.55,54.3
1983M09,34.8,…,2.67,4.05,5.55,55.4
1983M10,34.8,…,2.58,4.05,5.55,54.3
1983M11,32,…,2.6,4.05,5.55,54.6
1983M12,29.3,…,2.61,4.05,5.55,54.7
1984M01,29.3,29.3,2.67,3.76,5.24,53.8
1984M02,29.3,29.3,2.71,3.76,5.24,54.3
1984M03,29.3,29.3,2.67,3.76,5.24,53.8
1984M04,29.3,29.3,2.64,3.76,5.24,53.5
1984M05,29.3,29.3,2.67,3.76,5.24,53.8
1984M06,31.8,34.3,2.7,3.76,5.24,54.2
1984M07,31.8,35.8,2.68,3.76,5.24,54
1984M08,31.8,35.8,2.69,3.76,5.24,54.1
1984M09,31.8,35.8,2.62,3.76,5.24,53.2
1984M10,31.8,35.8,2.63,3.76,5.24,53.4
1984M11,32.8,35.3,2.61,3.76,5.24,53.1
1984M12,33.8,34.9,2.57,3.76,5.24,52.6
1985M01,33.8,35.1,2.64,3.65,5.23,53
1985M02,33.8,35.1,2.71,3.65,5.23,53.8
1985M03,33.8,35.1,2.62,3.65,5.23,52.7
1985M04,33.8,35.1,2.64,3.65,5.23,53
1985M05,33.8,35.1,2.53,3.65,5.23,51.6
1985M06,33.8,35.1,2.58,3.65,5.23,52.2
1985M07,33.8,35.1,2.51,3.65,5.23,51.4
1985M08,33.8,35.1,2.47,3.65,5.23,50.9
1985M09,33.8,35.1,2.42,3.65,5.23,50.3
1985M10,33.8,34.5,2.37,3.65,5.23,49.7
1985M11,33.8,34.5,2.36,3.65,5.23,49.6
1985M12,33.8,34.5,2.28,3.65,5.23,48.6
1986M01,33.8,33.8,2.28,3.65,4.1,47.8
1986M02,33.8,33.8,2.26,3.65,4.1,47.6
1986M03,30.8,31.6,2.16,3.65,4.1,46.4
1986M04,30.8,31.6,2.1,3.65,4.1,45.6
1986M05,30.8,29.5,1.96,3.65,4.1,43.9
1986M06,30.8,29.5,1.85,3.65,4.1,42.6
1986M07,30.8,29.5,1.8,3.65,4.1,42
1986M08,30.8,29.5,1.77,3.65,4.1,41.6
1986M09,30.8,29.5,1.78,3.65,4.1,41.7
1986M10,30.8,29.5,1.73,3.65,4.1,41.1
1986M11,30.8,29.5,1.77,3.65,4.1,41.6
1986M12,29.3,27.3,1.76,3.65,4.1,41.5
1987M01,29.3,27.3,1.74,2.59,3.35,35.7
1987M02,29.3,27.3,1.73,2.59,3.35,35.6
1987M03,29.3,27.3,1.73,2.59,3.35,35.6
1987M04,24.8,26.2,1.69,2.59,3.35,35.1
1987M05,24.8,26.2,1.65,2.59,3.35,34.6
1987M06,24.8,26.2,1.65,2.59,3.35,34.6
1987M07,27,26.2,1.66,2.59,3.35,34.7
1987M08,27,26.2,1.63,2.59,3.35,34.4
1987M09,27,26.2,1.56,2.59,3.35,33.5
1987M10,27,26.2,1.57,2.59,3.35,33.6
1987M11,29,26.3,1.64,2.59,3.35,34.5
1987M12,31,26.5,1.7,2.59,3.35,35.2
1988M01,31,26.5,1.96,2.36,3.34,37.3
1988M02,31,26,1.84,2.36,3.34,35.8
1988M03,33,26.5,1.7,2.36,3.34,34.1
1988M04,33,27,1.59,2.36,3.34,32.8
1988M05,33,27.5,1.52,2.36,3.34,31.9
1988M06,36,27.5,1.53,2.36,3.34,32.1
1988M07,36,27.5,1.56,2.36,3.34,32.4
1988M08,36,28.5,1.62,2.36,3.34,33.2
1988M09,37,29.3,1.53,2.36,3.34,32.1
1988M10,37,30,1.68,2.36,3.34,33.9
1988M11,37.5,30,1.76,2.36,3.34,34.9
1988M12,38,31,1.89,2.36,3.34,36.4
1989M01,38,31,1.78,2.09,3.28,33.8
1989M02,38,31,1.71,2.09,3.28,32.9
1989M03,38,31,1.49,2.09,3.28,30.3
1989M04,38,31,1.53,2.09,3.28,30.7
1989M05,38,31,1.66,2.09,3.28,32.3
1989M06,38,31,1.7,2.09,3.28,32.8
1989M07,38,31,1.64,2.09,3.28,32.1
1989M08,38,31,1.58,2.09,3.28,31.3
1989M09,38,31,1.53,2.09,3.28,30.7
1989M10,38,31,1.6,2.09,3.28,31.6
1989M11,38,31,1.9,2.09,3.28,35.2
1989M12,38,31,2.24,2.09,3.28,39.4
1990M01,38,31,2.39,2.82,3.64,44.9
1990M02,38,31,1.9,2.82,3.64,38.9
1990M03,38,31,1.55,2.82,3.64,34.7
1990M04,38,31,1.49,2.82,3.64,34
1990M05,40.5,32.5,1.47,2.82,3.64,33.7
1990M06,40.5,34,1.47,2.82,3.64,33.7
1990M07,40.5,34,1.41,2.82,3.64,33
1990M08,40.5,34,1.36,2.82,3.64,32.4
1990M09,40.5,34,1.44,2.82,3.64,33.4
1990M10,40.5,34,1.69,2.82,3.64,36.4
1990M11,40.5,34,2.1,2.82,3.64,41.4
1990M12,40.5,34,2.11,2.82,3.64,41.5
1991M01,40.5,34,1.67,3.44,3.99,39.3
1991M02,40.5,34,1.36,3.41,3.99,35.4
1991M03,39.5,31,1.34,3.33,3.99,34.8
1991M04,39.5,31,1.33,3.47,3.99,35.4
1991M05,39.5,31,1.31,3.37,3.99,34.6
1991M06,39.5,31,1.2,3.29,3.99,32.9
1991M07,39.5,31,1.19,3,3.99,31.4
1991M08,39.5,31,1.31,2.98,3.99,32.8
1991M09,39.5,31,1.63,2.97,3.99,36.6
1991M10,39.5,31,1.77,2.71,3.99,37.1
1991M11,39.5,31,1.81,2.7,3.99,37.5
1991M12,39.5,31,1.92,2.7,3.99,38.9
1992M01,39.5,31,1.28,2.57,3.6,30.2
1992M02,39.5,31,1.21,2.5,3.51,29
1992M03,39.5,31,1.28,2.58,3.59,30.2
1992M04,39.5,31,1.47,2.47,3.53,32
1992M05,39.5,31,1.59,2.49,3.47,33.5
1992M06,39.5,29,1.56,2.5,3.49,33.2
1992M07,39.5,27,1.75,2.55,3.61,35.8
1992M08,39.5,27,1.97,2.56,3.65,38.6
1992M09,39.5,27,2.33,2.57,3.63,43
1992M10,37.3,27,2.42,2.63,3.7,44.4
1992M11,35,27,2.24,2.64,3.65,42.2
1992M12,35,27,2.16,2.64,3.71,41.3
1993M01,35,27,1.88,2.76,3.64,38.4
1993M02,31,27,1.69,2.74,3.61,36
1993M03,31,27,2.18,2.75,3.59,42
1993M04,31,27,2.35,2.68,3.62,43.7
1993M05,31,27,2.17,2.68,3.57,41.5
1993M06,31,27,1.97,2.68,3.54,39.1
1993M07,31,27,2.06,2.66,3.54,40.1
1993M08,31,27,2.26,2.65,3.49,42.4
1993M09,31,27,2.27,2.62,3.48,42.4
1993M10,31,27,2.02,2.62,3.39,39.3
1993M11,31,27,2.26,2.62,3.36,42.2
1993M12,31,26.5,2.34,2.6,3.25,43
1994M01,31,27,2.34,2.47,3.12,42.3
1994M02,31,27,2.71,2.36,3.19,46.3
1994M03,29.5,27,2.21,2.36,3.15,40.2
1994M04,29.5,27,2.04,2.36,3.07,38.1
1994M05,31.4,27,1.92,2.36,3.06,36.6
1994M06,33.6,28.5,1.9,2.36,3.1,36.4
1994M07,33.1,28.5,1.96,2.42,3.14,37.4
1994M08,33.1,28.5,1.66,2.46,3.24,34
1994M09,33.1,29,1.49,2.48,3.28,32.1
1994M10,33.1,30.8,1.51,2.56,3.26,32.7
1994M11,33.1,30.5,1.58,2.57,3.26,33.6
1994M12,36.1,32,1.72,2.56,3.29,35.3
1995M01,37.1,34,1.51,2.66,3.36,33.3
1995M02,37.6,34.5,1.58,2.66,3.4,34.1
1995M03,38.4,34.8,1.54,2.65,3.46,33.6
1995M04,37.1,35,1.62,2.71,3.45,34.9
1995M05,38.8,35,1.64,2.71,3.53,35.2
1995M06,40.8,34.9,1.62,2.73,3.56,35.1
1995M07,41.1,36.2,1.44,2.8,3.48,33.2
1995M08,40.9,35.7,1.56,2.8,3.46,34.6
1995M09,40.9,35.9,1.64,2.78,3.46,35.5
1995M10,41,35.8,1.77,2.75,3.45,36.9
1995M11,39.6,36.1,2.04,2.75,3.41,40.2
1995M12,39.4,35,2.71,2.73,3.37,48.2
1996M01,39.4,34.8,2.93,2.75,3.43,51
1996M02,39.3,34.3,4.4,2.77,3.48,69
1996M03,39,32.9,2.95,2.67,3.47,50.9
1996M04,39.3,33.7,2.23,3.1,3.56,44.2
1996M05,38.2,33.3,2.24,2.81,3.6,43
1996M06,38.2,32.4,2.49,2.81,3.6,46
1996M07,38.4,32.1,2.48,2.78,3.61,45.8
1996M08,38.4,32,2.03,2.79,3.68,40.4
1996M09,38.1,33.4,1.84,2.79,3.68,38.1
1996M10,37.6,34.3,2.37,2.94,3.79,45.3
1996M11,35.7,34.1,3.03,2.96,4.03,53.6
1996M12,35.4,35,3.82,2.96,4.08,63.2
1997M01,35.2,34.6,3.31,2.89,4.13,56.7
1997M02,34.6,33.8,2.22,2.89,4.22,43.6
1997M03,34.5,33.4,1.89,2.83,4.25,39.3
1997M04,35.4,33,2.03,2.77,4.07,40.6
1997M05,35.7,32.5,2.24,2.74,4.03,43
1997M06,34.5,32.3,2.2,2.76,4.03,42.6
1997M07,35,31.3,2.19,2.67,3.89,41.9
1997M08,36.9,31,2.47,2.67,3.69,45.2
1997M09,37.2,29.9,2.84,2.7,3.69,49.8
1997M10,37.2,29,3.04,2.63,3.62,51.9
1997M11,33.6,27.7,3.02,2.66,3.68,51.8
1997M12,31.4,27.8,2.33,2.65,3.6,43.3
1998M01,31.4,27.5,2.1,2.65,3.54,40.5
1998M02,33.4,26.8,2.22,2.63,3.43,41.8
1998M03,31.9,26.7,2.23,2.61,3.44,41.8
1998M04,31.2,27.4,2.42,2.54,3.19,43.6
1998M05,30.3,27.6,2.14,2.51,3,40
1998M06,30,27.3,2.17,2.5,3,40.3
1998M07,30,26.6,2.17,2.4,2.84,39.7
1998M08,26.2,26.3,1.85,2.37,2.79,35.6
1998M09,27.1,26.4,2.01,2.33,2.74,37.3
1998M10,27.1,26.1,1.89,2.17,2.76,35.1
1998M11,26.1,26.7,2.1,2.15,2.78,37.6
1998M12,26.1,26.7,1.74,2.13,2.72,33.1
1999M01,26.1,26.5,1.86,2.02,2.77,34.1
1999M02,26.1,26.4,1.77,2.01,2.78,32.9
1999M03,26.1,25.1,1.79,1.95,2.78,32.9
1999M04,26.1,25.1,2.15,1.87,2.76,36.9
1999M05,26.1,25.1,2.25,1.89,2.88,38.3
1999M06,26.1,25.3,2.3,1.91,2.93,39
1999M07,26.1,23.8,2.31,2,2.99,39.6
1999M08,26.1,23.1,2.79,2.08,3.17,45.9
1999M09,26.1,22.5,2.54,2.2,3.35,43.6
1999M10,25.6,22.5,2.72,2.47,3.57,47.2
1999M11,25.1,23.5,2.36,2.51,3.73,43.1
1999M12,25.1,22.6,2.36,2.66,3.94,44
2000M01,25.1,22.8,2.42,3.36,4.15,48.2
2000M02,25.1,23.6,2.65,3.46,4.21,51.5
2000M03,25.1,24.4,2.79,3.51,4.46,53.6
2000M04,25.1,24.9,3.03,3.68,4.64,57.4
2000M05,25.6,26.1,3.58,3.55,4.53,63.4
2000M06,25.6,27,4.28,3.6,4.74,72.3
2000M07,25.6,27,3.96,3.96,4.86,70.2
2000M08,25.6,27,4.41,4.01,4.84,75.9
2000M09,27.2,27,5.06,4.03,4.9,83.9
2000M10,27.2,28.2,5.02,4.31,5.04,84.9
2000M11,27.2,26.2,5.55,4.39,5.13,91.7
2000M12,30.8,34.7,8.95,4.44,5.05,133.2
2001M01,32.1,35,8.17,4.65,4.88,124.6
2001M02,32.1,34.4,5.63,4.59,4.8,93.4
2001M03,32.6,35.5,5.16,4.57,4.87,87.7
2001M04,33.5,35.5,5.17,4.48,4.73,87.3
2001M05,33.8,34.8,4.21,4.36,4.66,75
2001M06,33.9,34.8,3.71,4.33,4.69,68.8
2001M07,34,34.4,3.1,3.75,4.66,58.6
2001M08,33.8,34.2,2.95,3.79,4.54,56.9
2001M09,32.8,33.1,2.15,3.79,4.54,47.2
2001M10,32.4,33,2.45,3.52,4.59,49.6
2001M11,29.4,31.5,2.36,3.46,4.38,48.1
2001M12,27.4,30.5,2.41,3.4,4.27,48.3
2002M01,27.4,29.7,2.25,3.06,4.21,44.7
2002M02,28.1,29,2.31,3.03,4.12,45.2
2002M03,27.8,28.4,3.03,2.97,3.99,53.6
2002M04,27.1,26.8,3.42,2.81,3.96,57.6
2002M05,26.9,25.8,3.49,2.83,4.01,58.6
2002M06,24.9,24.4,3.22,2.9,4.06,55.6
2002M07,23.2,22.7,2.98,2.95,4.56,53.3
2002M08,22.3,21.3,3.09,3.01,4.35,54.8
2002M09,22.7,23.1,3.57,3.08,4.46,61
2002M10,24.5,27.4,4.12,3.28,4.54,68.7
2002M11,24.5,27,4.04,3.34,4.56,68
2002M12,24.5,26.9,4.74,3.36,4.56,76.6
2003M01,24.9,27.5,5.41,3.61,4.69,86
2003M02,25.2,27,7.77,3.67,4.8,115.1
2003M03,24.4,25.8,5.95,3.74,4.78,93.2
2003M04,23.5,23.8,5.29,4.03,4.78,86.6
2003M05,23.3,23.7,5.84,4.04,4.74,93.3
2003M06,24.1,26.8,5.77,4.05,4.77,92.6
2003M07,24.4,29.5,5.01,4.04,4.75,83.2
2003M08,25.3,30.2,4.97,3.98,4.67,82.4
2003M09,26.7,34.1,4.61,3.97,4.7,78.1
2003M10,27.5,36.7,4.64,3.88,4.62,77.9
2003M11,29.9,39.2,4.53,3.9,4.72,76.7
2003M12,34,38.7,6.13,3.97,4.75,96.5
2004M01,37.8,41.3,6.09,3.87,4.75,95.6
2004M02,41.8,42.3,5.38,3.89,4.81,87.1
2004M03,48.9,42.5,5.4,3.86,4.88,87.2
2004M04,53.3,47.3,5.72,3.92,4.91,91.4
2004M05,56.4,52.6,6.34,3.95,4.91,99
2004M06,59.6,62.6,6.27,4.01,5.04,98.6
2004M07,61.4,68.5,5.93,4.28,5.07,95.8
2004M08,59.3,63.6,5.4,4.34,5.16,89.6
2004M09,55.4,61,5.14,4.41,5.43,87
2004M10,56.6,59.7,6.41,4.83,5.55,104.6
2004M11,52.8,60.8,6.09,4.96,5.45,101.2
2004M12,52.3,54.3,6.58,5.01,5.57,107.5
2005M01,53,51.4,6.15,5.46,5.42,104.4
2005M02,49.9,46.6,6.14,5.49,5.58,104.5
2005M03,50.9,45.3,6.97,5.52,5.59,114.6
2005M04,51.3,46.3,7.15,5.86,5.67,118.6
2005M05,51.3,45.9,6.47,5.89,5.74,110.4
2005M06,51,49.1,7.19,5.91,5.68,119.2
2005M07,50.9,51.3,7.63,6.42,6.03,127.2
2005M08,49.1,49.5,9.63,6.56,6.2,152.3
2005M09,45.3,46.6,12.88,6.58,6.39,192
2005M10,42.5,43.3,13.52,7.28,6.48,203.2
2005M11,38.1,38.1,10.43,7.46,6.61,166.6
2005M12,38.2,41,12.83,7.49,6.49,195.8
2006M01,43.2,44.7,8.66,7.96,6.53,147.4
2006M02,47.7,49.4,7.49,7.95,7.04,133.5
2006M03,49.8,54.5,6.9,7.99,6.88,126.4
2006M04,52.9,54.9,7.09,8.24,6.93,130
2006M05,52.6,50.4,6.2,8.28,6.92,119.3
2006M06,52.4,52.4,6.19,8.29,7.1,119.4
2006M07,52.8,51.7,6.25,8.58,6.86,121.3
2006M08,50.9,53.6,7,8.71,7.23,131.2
2006M09,47.1,48.8,4.86,8.77,7.65,105.9
2006M10,44.1,49.2,5.96,8.97,7.2,119.9
2006M11,46,48.2,7.45,8.99,7.21,138.1
2006M12,49.8,50.7,6.58,8.92,7.35,127.3
2007M01,51.3,50.1,6.58,8.59,7.11,125.6
2007M02,52.9,51.6,7.97,8.56,6.89,142.2
2007M03,55.4,53.5,7.12,8.37,6.86,130.9
2007M04,56.1,51.4,7.59,8,7.09,135
2007M05,56,50.3,7.61,7.98,7.22,135.3
2007M06,61.6,56.8,7.3,8.03,7.11,131.7
2007M07,67.3,58.1,6.22,8.13,7.26,119.1
2007M08,69.4,60.2,6.2,8.34,7.7,120.1
2007M09,68.4,62.8,6.1,8.54,8.09,120.1
2007M10,74.8,73.1,6.8,9.16,8.55,131.9
2007M11,84.6,89.8,7.14,9.47,9.14,137.9
2007M12,91,94.3,7.15,9.49,9.18,138.2
2008M01,91.8,100.6,8,10.7,9.94,154.7
2008M02,132,115,8.55,10.84,10.46,162.4
2008M03,118.3,111,9.4,11.04,10.96,174.1
2008M04,123,108.8,10.13,12.19,11.42,188.7
2008M05,133.2,120.7,11.23,12.38,11.63,203.1
2008M06,159.8,142.4,12.68,12.63,12.07,222.2
2008M07,180,167.8,11.15,14.37,12.35,212.1
2008M08,158.4,156.9,8.25,14.64,13.25,178.8
2008M09,150,147.8,7.69,14.85,14.39,173.8
2008M10,108,109.7,6.73,15.93,15.01,167.7
2008M11,92.3,89.4,6.67,15.81,15.06,166.4
2008M12,78.7,77.3,5.79,15.5,13.78,153.4
2009M01,79.4,76.4,5.24,13.89,12.71,138.3
2009M02,75.4,69.1,4.52,11.04,10.52,114.5
2009M03,61,58.6,3.95,10.9,9.48,106.2
2009M04,63.6,62.9,3.5,8.51,8.12,88.5
2009M05,64.5,58,3.81,8.09,7.5,89.8
2009M06,71.4,60.2,3.8,7.95,7.18,88.9
2009M07,73.8,61.1,3.39,6.67,7.55,78
2009M08,72.5,64.3,3.15,6.92,7.76,76.4
2009M09,67.6,61.1,2.96,7.13,8.42,75.6
2009M10,71.1,64.4,4.02,7.6,9.1,91.2
2009M11,78.8,66.4,3.69,7.81,9.13,88.1
2009M12,83.1,73.8,5.37,8.01,9.76,109.8
2010M01,97,86.9,5.81,8.8,10.02,119.1
2010M02,94.2,83.4,5.34,8.8,10.52,113.8
2010M03,94.4,83,4.29,8.93,10.42,101.6
2010M04,100.2,88.7,4.01,7.52,10.98,91.8
2010M05,100.1,90.9,4.16,7.27,11.39,92.7
2010M06,98.2,92.8,4.79,7.74,10.48,102.1
2010M07,96,90.6,4.63,8.04,11.32,102.1
2010M08,89.8,87.9,4.31,8.45,11.3,100.1
2010M09,94.9,85.8,3.9,8.28,11.03,94.2
2010M10,97.5,91,3.43,8.29,11.13,88.6
2010M11,107.2,103.2,3.73,8.59,10.84,93.4
2010M12,118.3,115.2,4.24,8.74,10.75,100.3
2011M01,132.5,122.6,4.49,9.61,11.45,108
2011M02,128.4,117.7,4.07,9.36,12.02,102.1
2011M03,126.1,121,3.97,9.37,12.5,101.2
2011M04,122.5,124,4.24,10.36,12.99,109.6
2011M05,119.1,120.5,4.31,10.3,13.61,110.5
2011M06,120.1,119,4.55,10.26,14.52,113.9
2011M07,120.8,116.3,4.41,10.99,16.22,116.8
2011M08,120.1,118.3,4.05,10.81,16.55,111.8
2011M09,123.1,115.6,3.9,10.85,16.27,110
2011M10,119.4,110.9,3.57,11.42,16.48,108.8
2011M11,113.8,105.5,3.24,11.32,16.78,104.6
2011M12,111.6,104.2,3.16,11.53,16.48,104.4
2012M01,116.5,106.3,2.68,11.45,16.71,98.3
2012M02,117,105.3,2.52,11.12,16.03,94.3
2012M03,107.5,103.4,2.17,11.97,16.34,94.3
2012M04,103.6,101.3,1.95,11.42,16.85,89.3
2012M05,95.8,93.8,2.44,11.64,17.12,96.5
2012M06,87.2,85.3,2.46,11.49,17.2,96.1
2012M07,88.2,87.3,2.95,11.13,18.11,100.9
2012M08,91,89.1,2.84,11.18,17.74,99.6
2012M09,89,85.8,2.84,11.08,16.83,98.6
2012M10,81.9,82.8,3.32,11.58,15.3,105.7
2012M11,85.9,85.7,3.54,11.83,15,109.4
2012M12,92.9,88.8,3.34,11.79,15.41,107
2013M01,92.8,86.1,3.33,11.87,15.89,107.6
2013M02,94.9,85.1,3.33,11.77,16.47,107.5
2013M03,91,82.8,3.81,11.87,16.27,113.7
2013M04,87.8,82,4.17,12.88,16.2,122.8
2013M05,87.7,81.8,4.04,12.29,16.22,118.5
2013M06,82.8,77.3,3.83,11.92,16.61,114.4
2013M07,77.3,72.6,3.62,11.6,16.17,110.1
2013M08,77,72.9,3.43,11.64,15.6,107.5
2013M09,77.6,73.1,3.62,11.25,14.96,107.5
2013M10,79.4,80.6,3.67,11.37,15.3,109
2013M11,82.3,83.8,3.62,11.42,15.4,108.7
2013M12,84.3,84.6,4.24,11.55,16.38,117.5
2014M01,81.6,82.9,4.7,11.59,16.67,123.5
2014M02,76.3,77.6,5.97,11.3,16.76,137.6
2014M03,73.3,74.6,4.88,10.88,16.55,122.2
2014M04,72.8,75.1,4.63,10.73,16.79,118.7
2014M05,73.7,75.8,4.56,10.2,16.32,115
2014M06,71.5,74.1,4.57,9.77,16.13,112.9
2014M07,68.8,71.4,4.01,9.27,15.21,103.1
2014M08,68.9,71.2,3.88,9.14,15.74,101.3
2014M09,65.9,67.9,3.92,9.24,15.16,101.8
2014M10,63.7,65.7,3.77,9.77,15.89,103
2014M11,62.6,65.7,4.1,8.9,15.59,102.7
2014M12,62.4,66.1,3.43,9.83,15.62,99
2015M01,61.4,59.3,2.97,9.25,16.19,91.1
2015M02,69.1,63.5,2.85,8.27,14.2,83.5
2015M03,64.8,59.9,2.8,8.27,13.04,82.2
2015M04,56.2,59,2.58,6.77,10.94,70.9
2015M05,61.2,61.6,2.84,6.68,9.34,72.6
2015M06,59,60.7,2.77,6.67,9.19,71.5
2015M07,59.9,57.9,2.83,6.69,9.5,72.6
2015M08,59.1,55,2.76,6.35,9.82,70.4
2015M09,57.7,51.4,2.65,6.28,10.31,69
2015M10,54.3,50.1,2.32,6.03,10.11,63.6
2015M11,52.5,53.3,2.08,5.5,9.52,57.8
2015M12,52.2,48.8,1.92,5.09,9.08,53.7
2016M01,49,49.1,2.27,4.4,8.4,54.2
2016M02,50.3,50.3,1.96,3.97,8.56,48.4
2016M03,52.2,52.6,1.7,3.91,7.74,44.5
2016M04,50.7,52.4,1.9,3.97,6.82,46.6
2016M05,51.3,54.2,1.92,4.33,6.27,48.2
2016M06,52.9,58.6,2.57,4.76,6.4,58.1
2016M07,61.2,62.4,2.79,4.67,6.76,60.7
2016M08,67.4,66.3,2.79,4.05,7.14,58
2016M09,72.7,68.3,2.97,4.25,7.54,61.4
2016M10,94.2,83.8,2.95,5.34,7.65,66.4
2016M11,103.4,89.2,2.5,5.69,7.59,62.6
2016M12,88.2,80.2,3.58,5.42,7.59,74.4
2017M01,83.7,86.5,3.26,6.14,8.04,74.3
2017M02,80,83.6,2.82,6.05,8.41,68.8
2017M03,80.9,79.1,2.89,5,8.25,64.4
2017M04,83.7,78.9,3.08,5.01,8.76,67.2
2017M05,74.4,74.4,3.12,5.06,9.1,68.2
2017M06,81.1,79.2,2.94,4.89,8.88,65
2017M07,87.5,81.7,2.96,5,8.86,65.8
2017M08,98.6,87.8,2.88,5.48,8.92,67
2017M09,97.8,92.3,2.96,5.96,8.64,70.2
2017M10,97.1,91.4,2.86,6.18,8.31,69.8
2017M11,96.6,91.4,2.99,6.69,8.45,73.9
2017M12,100.8,95.5,2.76,7.14,8.65,73.3
2018M01,106.5,97.5,3.86,6.66,9.34,84.8
2018M02,106,92.7,2.67,6.72,9.83,71
2018M03,96.7,89.5,2.7,6.7,10.11,71.5
2018M04,93.7,92.3,2.78,6.93,10.09,73.5
2018M05,105.3,101.9,2.8,7.49,10.25,76.5
2018M06,114.3,103.9,2.95,7.45,10.44,78.3
2018M07,119.6,106,2.83,7.6,10.44,77.5
2018M08,117.3,98.5,2.96,8.08,10.88,81.7
2018M09,114.2,102.1,2.98,9.52,11.3,89.2
2018M10,108.7,100.3,3.28,8.79,11.66,89.6
2018M11,100.7,91.6,4.13,8.27,11.7,97.4
2018M12,101.4,95.4,3.98,7.98,12,94.4
2019M01,98.6,91.3,3.08,7.26,12.01,80.1
2019M02,95.4,84.2,2.72,6.01,11.81,69.5
2019M03,93.1,78.8,2.94,5.18,11.29,67.9
2019M04,86.8,72.5,2.65,4.92,10.27,62.5
2019M05,82.3,68.9,2.63,4.34,10.15,59.4
2019M06,72.5,62.9,2.4,3.59,10.04,53
2019M07,72.1,65.8,2.36,3.62,10.13,52.7
2019M08,65.6,60.4,2.22,3.68,10.86,51.8
2019M09,66,61.4,2.58,4.21,10.14,58.2
2019M10,69.2,67.4,2.33,5.06,9.98,59.1
2019M11,67,73.6,2.65,5.15,10.04,63.5
2019M12,66.2,76,2.24,4.62,10.06,56
2020M01,69.7,82.1,2.03,3.63,9.89,48.6
2020M02,67.6,80,1.92,2.91,9.89,43.8
2020M03,66.7,67.9,1.79,2.72,10.21,41.6
2020M04,58.6,56.6,1.74,2.12,10.01,38
2020M05,52.5,57.4,1.75,1.58,10.08,35.6
2020M06,52.2,56.8,1.61,1.75,8.97,34
2020M07,51.6,56.6,1.74,1.8,7.79,34.9
2020M08,50.1,57.4,2.3,2.86,6.34,45.9
2020M09,54.6,57.5,1.92,3.95,5.88,46.1
2020M10,58.4,61,2.25,4.89,6.18,54.7
2020M11,64.4,69.4,2.59,4.84,6.86,59.1
2020M12,83,85.2,2.54,5.86,7.66,63.9
2021M01,86.8,86.9,2.67,7.27,9,73
2021M02,86.7,82.8,5.07,6.16,9.88,97.5
2021M03,94.9,90.7,2.56,6.13,7.9,65.6
2021M04,92.2,89.1,2.61,7.15,8.28,71.3
2021M05,107,99.3,2.89,8.91,8.92,83.5
2021M06,130,112.9,3.23,10.3,9.62,94.7
2021M07,152,122.3,3.8,12.51,10.36,112.7
2021M08,169.6,137.9,4.05,15.43,10.8,129.8
2021M09,185.7,146.1,5.11,22.84,11.44,178.4
2021M10,224.5,199.7,5.48,31.05,12.38,222.5
2021M11,157.5,128,5.02,27.62,15.25,202.6
2021M12,169.7,142.5,3.73,38.03,15.32,236.5
2022M01,197,168.5,4.33,28.26,14.69,196.9
2022M02,219.8,196.4,4.66,27.23,17,197.5
2022M03,314,294.4,4.88,42.39,15.11,271.1
2022M04,310.9,302,6.53,32.2,16.29,243.4
2022M05,371.9,280,8.14,29.17,16.68,248.8
2022M06,374.1,291.4,7.67,33.56,15.53,263.2
2022M07,402.2,269.1,7.26,51.33,18.88,344.9
2022M08,407,274.6,8.79,70.04,21.21,454
2022M09,430.8,235,7.76,59.1,23.73,391.3
2022M10,389.8,191.2,5.62,39.02,21.84,268.5
2022M11,342.2,169.1,5.28,35.72,19.59,247.2
2022M12,379.2,215,5.5,36.04,20.58,252.1
2023M01,318,172,3.27,20.18,20.19,149.4
2023M02,207.5,144.7,2.38,16.54,18.42,120
2023M03,187.2,136.8,2.3,13.81,16.03,104.5
2023M04,194.3,133.7,2.16,13.52,14.37,100.3
2023M05,160.5,103,2.15,10.11,13.43,83.2
2023M06,139.4,98.6,2.18,10.35,12.68,84.3
2023M07,140.6,96.8,2.55,9.55,12.99,85.2
2023M08,152.6,97.6,2.58,11.19,12.54,93.1
2023M09,162.5,99.9,2.64,11.55,12.21,95.2
2023M10,142.1,128.4,2.99,14.57,12.62,114.1
2023M11,126.8,109,2.71,14.49,12.72,110.4
2023M12,141.8,108.8,2.53,11.51,14.44,95.2
2024M01,124.9,106.8,3.18,9.56,14.34,93.8
2024M02,124.2,105.2,1.72,8.15,13.64,68.9
2024M03,131.5,104.8,1.5,8.55,13.19,67.8
2024M04,135,104.9,1.6,9.09,11.88,70.6
2024M05,142,105.6,2.13,10.12,12.16,82.2
2024M06,135.1,105.3,2.51,10.87,12.13,90.4
2024M07,137.6,105.3,2.08,10.35,12.49,82.8
2024M08,145.8,106.2,1.99,12.37,13.32,92
2024M09,139.2,106.1,2.25,11.78,12.97,92.1
2024M10,146.6,106.8,2.21,12.92,12.54,96.7
2024M11,142.1,106.8,2.1,13.93,12.82,100.4
2024M12,129.8,105.5,3.02,13.86,12.64,111.1
2025M01,118.6,103.3,4.1,14.66,13.19,128.4
2025M02,106.9,100.4,4.22,15.34,12.78,132.9
2025M03,104,98,4.13,13.24,12.55,121.5
2025M04,98.6,95.6,3.4,11.59,12.68,105
2025M05,104.4,94.3,3.12,11.66,12.32,101.6
2025M06,109,93.8,3.02,12.37,12.17,103.7
2025M07,112.9,93.6,3.19,11.62,11.91,102.1
2025M08,112.2,93.3,2.91,11.15,11.79,96.3
2025M09,106.3,92.3,2.97,11.12,11.47,96.7
2025M10,107.5,91.6,3.2,10.89,11.1,98.1
2025M11,112.6,91.6,3.79,10.42,11.15,103.1
2025M12,107.7,90.9,4.25,9.48,11.32,104.4
2026M01,109.8,90.6,7.58,11.76,11.49,155.8
2026M02,118.4,91.2,3.61,11.24,11.32,105
2026M03,138.6,93.8,3.06,17.91,11.42,130
2026M04,130.9,94.8,2.77,15.41,15.65,117.4
2026M05,136.9,95.6,2.93,16.17,12.88,121.2
2026M06,138.5,96.3,3.15,15.17,11.79,118.3
2026M07,131.9,96.3,2.89,18.06,13.85,130.3
2026M08,135.2,96.8,2.77,21.11,15.27,144.3
2026M09,147.1,98.2,2.95,25.42,14.25,166.4
