date,YAHOO_JKM
2014-08-01,12.420000076293945
2014-09-01,14.475000381469727
2014-10-01,13.210000038146973
2014-11-01,10.104999542236328
2014-12-01,10.055000305175781
2015-01-01,7.599999904632568
2015-02-01,7.050000190734863
2015-03-01,7.525000095367432
2015-04-01,7.090000152587891
2015-05-01,7.75
2015-06-01,7.264999866485596
2015-07-01,8.039999961853027
2015-08-01,7.664999961853027
2015-09-01,6.710000038146973
2015-10-01,7.099999904632568
2015-11-01,7.275000095367432
2015-12-01,6.860000133514404
2016-01-01,5.054999828338623
2016-02-01,4.434999942779541
2016-03-01,4.284999847412109
2016-04-01,4.570000171661377
2016-05-01,4.710000038146973
2016-06-01,5.215000152587891
2016-07-01,5.994999885559082
2016-08-01,5.434999942779541
2016-09-01,5.840000152587891
2016-10-01,6.96999979019165
2016-11-01,7.179999828338623
2016-12-01,8.800000190734863
2017-01-01,
2017-02-01,
2017-03-01,
2017-04-01,
2017-05-01,5.465000152587891
2017-06-01,5.480000019073486
2017-07-01,5.800000190734863
2017-08-01,6.130000114440918
2017-09-01,8.164999961853027
2017-10-01,9.024999618530273
2017-11-01,9.8100004196167
2017-12-01,11.170000076293945
2018-01-01,10.345000267028809
2018-02-01,8.350000381469727
2018-03-01,7.210000038146973
2018-04-01,7.980000019073486
2018-05-01,9.324999809265137
2018-06-01,10.604999542236328
2018-07-01,9.795000076293945
2018-08-01,11.614999771118164
2018-09-01,11.364999771118164
2018-10-01,10.475000381469727
2018-11-01,9.805000305175781
2018-12-01,8.994999885559082
2019-01-01,7.349999904632568
2019-02-01,6.125
2019-03-01,4.599999904632568
2019-04-01,5.550000190734863
2019-05-01,4.650000095367432
2019-06-01,4.75
2019-07-01,4.275000095367432
2019-08-01,4.670000076293945
2019-09-01,5.690000057220459
2019-10-01,6.239999771118164
2019-11-01,5.630000114440918
2019-12-01,5.300000190734863
2020-01-01,4.019999980926514
2020-02-01,2.9600000381469727
2020-03-01,2.875
2020-04-01,2.005000114440918
2020-05-01,2.065000057220459
2020-06-01,2.1500000953674316
2020-07-01,2.559999942779541
2020-08-01,4.224999904632568
2020-09-01,5.050000190734863
2020-10-01,7.019999980926514
2020-11-01,7.324999809265137
2020-12-01,14.300000190734863
2021-01-01,8.869999885559082
2021-02-01,6.195000171661377
2021-03-01,7.019999980926514
2021-04-01,8.895000457763672
2021-05-01,10.399999618530273
2021-06-01,13.109999656677246
2021-07-01,14.755000114440918
2021-08-01,18.219999313354492
2021-09-01,31.094999313354492
2021-10-01,30.0
2021-11-01,35.94499969482422
2021-12-01,30.4950008392334
2022-01-01,24.709999084472656
2022-02-01,27.950000762939453
2022-03-01,35.435001373291016
2022-04-01,24.530000686645508
2022-05-01,24.075000762939453
2022-06-01,38.65999984741211
2022-07-01,42.224998474121094
2022-08-01,53.95000076293945
2022-09-01,38.724998474121094
2022-10-01,27.53499984741211
2022-11-01,33.310001373291016
2022-12-01,29.514999389648438
2023-01-01,19.024999618530273
2023-02-01,14.359999656677246
2023-03-01,13.515000343322754
2023-04-01,11.550000190734863
2023-05-01,9.28499984741211
2023-06-01,12.239999771118164
2023-07-01,10.920000076293945
2023-08-01,13.199999809265137
2023-09-01,14.630000114440918
2023-10-01,17.719999313354492
2023-11-01,16.135000228881836
2023-12-01,11.520000457763672
2024-01-01,9.529999732971191
2024-02-01,8.369999885559082
2024-03-01,9.53499984741211
2024-04-01,10.335000038146973
2024-05-01,11.904999732971191
2024-06-01,12.635000228881836
2024-07-01,12.524999618530273
2024-08-01,14.09000015258789
2024-09-01,13.125
2024-10-01,13.619999885559082
2024-11-01,14.925000190734863
2024-12-01,14.239999771118164
2025-01-01,14.4399995803833
2025-02-01,13.850000381469727
2025-03-01,13.074999809265137
2025-04-01,11.21500015258789
2025-05-01,12.154999732971191
2025-06-01,13.125
2025-07-01,12.039999961853027
2025-08-01,11.21500015258789
2025-09-01,11.050000190734863
2025-10-01,11.0
2025-11-01,11.09000015258789
2025-12-01,9.604999542236328
2026-01-01,11.524999618530273
2026-02-01,10.725000381469727
2026-03-01,20.1299991607666
2026-04-01,16.905000686645508
2026-05-01,18.299999237060547
2026-06-01,16.049999237060547
2026-07-01,21.450000762939453
2026-08-01,22.704999923706055
2026-09-01,25.739999771118164
2026-10-01,25.78499984741211
