date,open,high,low,close,volume
2014-08-01,10.65999984741211,12.4350004196167,10.614999771118164,12.420000076293945,0.0
2014-09-01,12.78499984741211,14.645000457763672,12.765000343322754,14.475000381469727,0.0
2014-10-01,14.475000381469727,14.925000190734863,13.210000038146973,13.210000038146973,0.0
2014-11-01,13.015000343322754,13.015000343322754,10.104999542236328,10.104999542236328,0.0
2014-12-01,10.085000038146973,10.350000381469727,10.039999961853027,10.055000305175781,0.0
2015-01-01,10.005000114440918,10.005000114440918,7.599999904632568,7.599999904632568,0.0
2015-02-01,7.5,7.5,6.724999904632568,7.050000190734863,0.0
2015-03-01,7.300000190734863,7.71999979019165,7.255000114440918,7.525000095367432,0.0
2015-04-01,7.519999980926514,7.519999980926514,6.875,7.090000152587891,0.0
2015-05-01,7.09499979019165,7.75,7.03000020980835,7.75,0.0
2015-06-01,7.724999904632568,7.724999904632568,7.199999809265137,7.264999866485596,0.0
2015-07-01,7.264999866485596,8.039999961853027,7.264999866485596,8.039999961853027,0.0
2015-08-01,8.0649995803833,8.0649995803833,7.664999961853027,7.664999961853027,0.0
2015-09-01,7.664999961853027,7.664999961853027,6.710000038146973,6.710000038146973,0.0
2015-10-01,6.710000038146973,7.099999904632568,6.664999961853027,7.099999904632568,0.0
2015-11-01,7.125,7.574999809265137,7.125,7.275000095367432,0.0
2015-12-01,7.349999904632568,7.389999866485596,6.860000133514404,6.860000133514404,0.0
2016-01-01,6.860000133514404,6.860000133514404,5.054999828338623,5.054999828338623,0.0
2016-02-01,5.105000019073486,5.380000114440918,4.434999942779541,4.434999942779541,0.0
2016-03-01,4.40500020980835,4.460000038146973,4.315000057220459,4.284999847412109,0.0
2016-04-01,4.264999866485596,4.570000171661377,4.0,4.570000171661377,0.0
2016-05-01,4.570000171661377,4.710000038146973,4.454999923706055,4.710000038146973,0.0
2016-06-01,4.690000057220459,5.304999828338623,4.690000057220459,5.215000152587891,0.0
2016-07-01,5.195000171661377,5.994999885559082,5.195000171661377,5.994999885559082,0.0
2016-08-01,5.994999885559082,5.994999885559082,5.349999904632568,5.434999942779541,0.0
2016-09-01,5.434999942779541,5.840000152587891,5.434999942779541,5.840000152587891,0.0
2016-10-01,5.949999809265137,6.96999979019165,5.949999809265137,6.96999979019165,0.0
2016-11-01,6.96999979019165,7.300000190734863,6.96999979019165,7.179999828338623,0.0
2016-12-01,7.329999923706055,8.800000190734863,7.329999923706055,8.800000190734863,0.0
2017-05-01,5.559999942779541,5.559999942779541,5.465000152587891,5.465000152587891,0.0
2017-06-01,5.449999809265137,5.494999885559082,5.449999809265137,5.480000019073486,0.0
2017-07-01,5.489999771118164,5.800000190734863,5.445000171661377,5.800000190734863,0.0
2017-08-01,5.775000095367432,6.275000095367432,5.775000095367432,6.130000114440918,0.0
2017-09-01,6.130000114440918,8.164999961853027,6.130000114440918,8.164999961853027,10.0
2017-10-01,8.170000076293945,9.024999618530273,8.170000076293945,9.024999618530273,0.0
2017-11-01,9.024999618530273,9.835000038146973,9.024999618530273,9.8100004196167,0.0
2017-12-01,9.8149995803833,11.170000076293945,9.8149995803833,11.170000076293945,25.0
2018-01-01,11.154999732971191,11.229999542236328,9.890000343322754,10.345000267028809,135.0
2018-02-01,10.345000267028809,10.475000381469727,8.0,8.350000381469727,10.0
2018-03-01,8.350000381469727,8.505000114440918,7.15500020980835,7.210000038146973,0.0
2018-04-01,7.210000038146973,8.0,7.144999980926514,7.980000019073486,325.0
2018-05-01,7.980000019073486,9.494999885559082,7.940000057220459,9.324999809265137,0.0
2018-06-01,9.369999885559082,11.149999618530273,9.369999885559082,10.604999542236328,15.0
2018-07-01,10.574999809265137,10.574999809265137,9.404999732971191,9.795000076293945,0.0
2018-08-01,9.760000228881836,11.675000190734863,9.760000228881836,11.614999771118164,1045.0
2018-09-01,11.604999542236328,11.805000305175781,11.364999771118164,11.364999771118164,0.0
2018-10-01,11.335000038146973,11.335000038146973,10.375,10.475000381469727,300.0
2018-11-01,10.4350004196167,10.770000457763672,9.805000305175781,9.805000305175781,25.0
2018-12-01,9.805000305175781,9.805000305175781,8.994999885559082,8.994999885559082,0.0
2019-01-01,8.970000267028809,8.970000267028809,7.349999904632568,7.349999904632568,0.0
2019-02-01,7.199999809265137,7.309999942779541,6.125,6.125,0.0
2019-03-01,6.119999885559082,6.119999885559082,4.59499979019165,4.599999904632568,25.0
2019-04-01,4.579999923706055,5.715000152587891,4.579999923706055,5.550000190734863,0.0
2019-05-01,5.5,5.619999885559082,4.599999904632568,4.650000095367432,550.0
2019-06-01,4.539999961853027,4.800000190734863,4.474999904632568,4.75,0.0
2019-07-01,4.599999904632568,4.929999828338623,4.275000095367432,4.275000095367432,50.0
2019-08-01,4.289999961853027,4.724999904632568,4.275000095367432,4.670000076293945,0.0
2019-09-01,4.559999942779541,6.534999847412109,4.449999809265137,5.690000057220459,100.0
2019-10-01,5.760000228881836,7.039999961853027,5.704999923706055,6.239999771118164,25.0
2019-11-01,6.324999809265137,6.324999809265137,5.630000114440918,5.630000114440918,740.0
2019-12-01,5.599999904632568,5.835000038146973,5.224999904632568,5.300000190734863,0.0
2020-01-01,5.25,5.385000228881836,3.875,4.019999980926514,0.0
2020-02-01,3.7300000190734863,3.7300000190734863,2.875,2.9600000381469727,0.0
2020-03-01,3.049999952316284,3.4549999237060547,2.875,2.875,0.0
2020-04-01,2.869999885559082,2.869999885559082,1.9950000047683716,2.005000114440918,0.0
2020-05-01,2.0,2.2799999713897705,2.0,2.065000057220459,0.0
2020-06-01,2.0,2.299999952316284,2.0,2.1500000953674316,0.0
2020-07-01,2.200000047683716,2.700000047683716,2.1549999713897705,2.559999942779541,0.0
2020-08-01,2.684999942779541,4.224999904632568,2.684999942779541,4.224999904632568,0.0
2020-09-01,4.300000190734863,5.099999904632568,4.224999904632568,5.050000190734863,1000.0
2020-10-01,5.034999847412109,7.25,5.025000095367432,7.019999980926514,470.0
2020-11-01,6.914999961853027,7.324999809265137,6.25,7.324999809265137,0.0
2020-12-01,7.324999809265137,14.300000190734863,7.324999809265137,14.300000190734863,0.0
2021-01-01,14.930000305175781,19.700000762939453,8.484999656677246,8.869999885559082,0.0
2021-02-01,8.520000457763672,8.520000457763672,5.804999828338623,6.195000171661377,0.0
2021-03-01,5.925000190734863,7.019999980926514,5.875,7.019999980926514,20.0
2021-04-01,6.925000190734863,8.895000457763672,6.925000190734863,8.895000457763672,0.0
2021-05-01,8.904999732971191,10.625,8.904999732971191,10.399999618530273,0.0
2021-06-01,10.649999618530273,13.109999656677246,10.604999542236328,13.109999656677246,0.0
2021-07-01,13.229999542236328,15.25,12.6850004196167,14.755000114440918,0.0
2021-08-01,15.46500015258789,18.219999313354492,15.180000305175781,18.219999313354492,0.0
2021-09-01,18.020000457763672,31.094999313354492,18.020000457763672,31.094999313354492,0.0
2021-10-01,31.06999969482422,35.55500030517578,30.0,30.0,0.0
2021-11-01,29.204999923706055,37.845001220703125,29.204999923706055,35.94499969482422,0.0
2021-12-01,35.8849983215332,49.345001220703125,30.4950008392334,30.4950008392334,0.0
2022-01-01,30.5049991607666,34.189998626708984,20.524999618530273,24.709999084472656,0.0
2022-02-01,23.704999923706055,37.0099983215332,23.075000762939453,27.950000762939453,0.0
2022-03-01,31.5,51.76499938964844,31.5,35.435001373291016,34.0
2022-04-01,34.689998626708984,34.689998626708984,24.530000686645508,24.530000686645508,16.0
2022-05-01,23.5,24.145000457763672,20.024999618530273,24.075000762939453,0.0
2022-06-01,24.014999389648438,38.65999984741211,22.774999618530273,38.65999984741211,0.0
2022-07-01,38.67499923706055,43.130001068115234,36.595001220703125,42.224998474121094,0.0
2022-08-01,44.83000183105469,69.95500183105469,44.470001220703125,53.95000076293945,0.0
2022-09-01,59.154998779296875,59.154998779296875,37.56999969482422,38.724998474121094,0.0
2022-10-01,38.869998931884766,38.869998931884766,27.53499984741211,27.53499984741211,0.0
2022-11-01,27.540000915527344,33.310001373291016,25.885000228881836,33.310001373291016,0.0
2022-12-01,33.779998779296875,36.4900016784668,28.1200008392334,29.514999389648438,0.0
2023-01-01,29.344999313354492,29.5,19.024999618530273,19.024999618530273,0.0
2023-02-01,18.969999313354492,18.969999313354492,14.300000190734863,14.359999656677246,0.0
2023-03-01,14.579999923706055,14.585000038146973,12.505000114440918,13.515000343322754,0.0
2023-04-01,16.40999984741211,16.40999984741211,11.550000190734863,11.550000190734863,0.0
2023-05-01,11.550000190734863,11.550000190734863,9.234999656677246,9.28499984741211,0.0
2023-06-01,9.265000343322754,12.739999771118164,9.210000038146973,12.239999771118164,0.0
2023-07-01,12.079999923706055,12.100000381469727,10.5600004196167,10.920000076293945,0.0
2023-08-01,10.925000190734863,14.319999694824219,10.925000190734863,13.199999809265137,0.0
2023-09-01,13.395000457763672,14.989999771118164,13.210000038146973,14.630000114440918,0.0
2023-10-01,14.395000457763672,18.584999084472656,14.074999809265137,17.719999313354492,0.0
2023-11-01,17.655000686645508,17.655000686645508,16.135000228881836,16.135000228881836,0.0
2023-12-01,16.25,16.25,11.520000457763672,11.520000457763672,0.0
2024-01-01,11.494999885559082,11.5649995803833,9.289999961853027,9.529999732971191,0.0
2024-02-01,9.460000038146973,9.470000267028809,8.125,8.369999885559082,0.0
2024-03-01,8.300000190734863,9.899999618530273,8.300000190734863,9.53499984741211,0.0
2024-04-01,9.53499984741211,11.260000228881836,9.46500015258789,10.335000038146973,0.0
2024-05-01,10.234999656677246,12.255000114440918,10.234999656677246,11.904999732971191,0.0
2024-06-01,12.050000190734863,12.734999656677246,11.96500015258789,12.635000228881836,0.0
2024-07-01,12.53499984741211,12.5600004196167,12.010000228881836,12.524999618530273,0.0
2024-08-01,12.489999771118164,14.515000343322754,12.444999694824219,14.09000015258789,0.0
2024-09-01,13.824999809265137,13.824999809265137,12.829999923706055,13.125,0.0
2024-10-01,13.175000190734863,13.795000076293945,13.069999694824219,13.619999885559082,0.0
2024-11-01,13.475000381469727,15.074999809265137,13.475000381469727,14.925000190734863,0.0
2024-12-01,15.114999771118164,15.125,12.765000343322754,14.239999771118164,0.0
2025-01-01,14.380000114440918,14.4399995803833,13.744999885559082,14.4399995803833,0.0
2025-02-01,14.404999732971191,14.949999809265137,13.489999771118164,13.850000381469727,0.0
2025-03-01,13.96500015258789,13.96500015258789,13.074999809265137,13.074999809265137,0.0
2025-04-01,13.225000381469727,13.225000381469727,11.21500015258789,11.21500015258789,0.0
2025-05-01,11.260000228881836,12.515000343322754,11.260000228881836,12.154999732971191,0.0
2025-06-01,12.300000190734863,14.460000038146973,12.300000190734863,13.125,0.0
2025-07-01,13.104999542236328,13.164999961853027,11.875,12.039999961853027,0.0
2025-08-01,12.0,12.005000114440918,10.914999961853027,11.21500015258789,0.0
2025-09-01,11.244999885559082,11.524999618530273,11.050000190734863,11.050000190734863,0.0
2025-10-01,11.045000076293945,11.265000343322754,11.0,11.0,0.0
2025-11-01,11.149999618530273,11.704999923706055,11.09000015258789,11.09000015258789,0.0
2025-12-01,11.0649995803833,11.0649995803833,9.454999923706055,9.604999542236328,0.0
2026-01-01,9.699999809265137,11.524999618530273,9.539999961853027,11.524999618530273,0.0
2026-02-01,11.149999618530273,11.149999618530273,9.960000038146973,10.725000381469727,0.0
2026-03-01,13.364999771118164,22.350000381469727,13.364999771118164,20.1299991607666,0.0
2026-04-01,19.829999923706055,19.96500015258789,15.0,16.905000686645508,0.0
2026-05-01,16.864999771118164,19.614999771118164,16.84000015258789,18.299999237060547,0.0
2026-06-01,18.684999465942383,18.920000076293945,15.3149995803833,16.049999237060547,0.0
2026-07-01,16.024999618530273,22.0,16.024999618530273,21.450000762939453,0.0
2026-08-01,21.2549991607666,23.510000228881836,20.915000915527344,22.704999923706055,0.0
2026-09-01,23.614999771118164,27.510000228881836,23.614999771118164,25.739999771118164,0.0
2026-10-01,25.78499984741211,25.8799991607666,25.704999923706055,25.875,0.0
