month,"Crude oil, Brent","Coal, Australian","Natural gas, US","Natural gas, Europe","Liquefied natural gas, Japan",Natural gas index
1960M01,1.6,…,0.14,0.4,…,…
1960M02,1.6,…,0.14,0.4,…,…
1960M03,1.6,…,0.14,0.4,…,…
1960M04,1.6,…,0.14,0.4,…,…
1960M05,1.6,…,0.14,0.4,…,…
1960M06,1.6,…,0.14,0.4,…,…
1960M07,1.6,…,0.14,0.4,…,…
1960M08,1.6,…,0.14,0.4,…,…
1960M09,1.6,…,0.14,0.4,…,…
1960M10,1.6,…,0.14,0.4,…,…
1960M11,1.6,…,0.14,0.4,…,…
1960M12,1.6,…,0.14,0.4,…,…
1961M01,1.6,…,0.15,0.4,…,…
1961M02,1.6,…,0.15,0.4,…,…
1961M03,1.6,…,0.15,0.4,…,…
1961M04,1.6,…,0.15,0.4,…,…
1961M05,1.6,…,0.15,0.4,…,…
1961M06,1.6,…,0.15,0.4,…,…
1961M07,1.6,…,0.15,0.4,…,…
1961M08,1.6,…,0.15,0.4,…,…
1961M09,1.6,…,0.15,0.4,…,…
1961M10,1.6,…,0.15,0.4,…,…
1961M11,1.6,…,0.15,0.4,…,…
1961M12,1.6,…,0.15,0.4,…,…
1962M01,1.5,…,0.16,0.4,…,…
1962M02,1.5,…,0.16,0.4,…,…
1962M03,1.5,…,0.16,0.4,…,…
1962M04,1.5,…,0.16,0.4,…,…
1962M05,1.5,…,0.16,0.4,…,…
1962M06,1.5,…,0.16,0.4,…,…
1962M07,1.5,…,0.16,0.4,…,…
1962M08,1.5,…,0.16,0.4,…,…
1962M09,1.5,…,0.16,0.4,…,…
1962M10,1.5,…,0.16,0.4,…,…
1962M11,1.5,…,0.16,0.4,…,…
1962M12,1.5,…,0.16,0.4,…,…
1963M01,1.5,…,0.16,0.39,…,…
1963M02,1.5,…,0.16,0.39,…,…
1963M03,1.5,…,0.16,0.39,…,…
1963M04,1.5,…,0.16,0.39,…,…
1963M05,1.5,…,0.16,0.39,…,…
1963M06,1.5,…,0.16,0.39,…,…
1963M07,1.5,…,0.16,0.39,…,…
1963M08,1.5,…,0.16,0.39,…,…
1963M09,1.5,…,0.16,0.39,…,…
1963M10,1.5,…,0.16,0.39,…,…
1963M11,1.5,…,0.16,0.39,…,…
1963M12,1.5,…,0.16,0.39,…,…
1964M01,1.5,…,0.15,0.38,…,…
1964M02,1.5,…,0.15,0.38,…,…
1964M03,1.5,…,0.15,0.38,…,…
1964M04,1.5,…,0.15,0.38,…,…
1964M05,1.5,…,0.15,0.38,…,…
1964M06,1.5,…,0.15,0.38,…,…
1964M07,1.5,…,0.15,0.38,…,…
1964M08,1.5,…,0.15,0.38,…,…
1964M09,1.5,…,0.15,0.38,…,…
1964M10,1.5,…,0.15,0.38,…,…
1964M11,1.5,…,0.15,0.38,…,…
1964M12,1.5,…,0.15,0.38,…,…
1965M01,1.4,…,0.16,0.41,…,…
1965M02,1.4,…,0.16,0.41,…,…
1965M03,1.4,…,0.16,0.41,…,…
1965M04,1.4,…,0.16,0.41,…,…
1965M05,1.4,…,0.16,0.41,…,…
1965M06,1.4,…,0.16,0.41,…,…
1965M07,1.4,…,0.16,0.41,…,…
1965M08,1.4,…,0.16,0.41,…,…
1965M09,1.4,…,0.16,0.41,…,…
1965M10,1.4,…,0.16,0.41,…,…
1965M11,1.4,…,0.16,0.41,…,…
1965M12,1.4,…,0.16,0.41,…,…
1966M01,1.4,…,0.16,0.42,…,…
1966M02,1.4,…,0.16,0.42,…,…
1966M03,1.4,…,0.16,0.42,…,…
1966M04,1.4,…,0.16,0.42,…,…
1966M05,1.4,…,0.16,0.42,…,…
1966M06,1.4,…,0.16,0.42,…,…
1966M07,1.4,…,0.16,0.42,…,…
1966M08,1.4,…,0.16,0.42,…,…
1966M09,1.4,…,0.16,0.42,…,…
1966M10,1.4,…,0.16,0.42,…,…
1966M11,1.4,…,0.16,0.42,…,…
1966M12,1.4,…,0.16,0.42,…,…
1967M01,1.3,…,0.16,0.46,…,…
1967M02,1.3,…,0.16,0.46,…,…
1967M03,1.3,…,0.16,0.46,…,…
1967M04,1.3,…,0.16,0.46,…,…
1967M05,1.3,…,0.16,0.46,…,…
1967M06,1.3,…,0.16,0.46,…,…
1967M07,1.3,…,0.16,0.46,…,…
1967M08,1.3,…,0.16,0.46,…,…
1967M09,1.3,…,0.16,0.46,…,…
1967M10,1.3,…,0.16,0.46,…,…
1967M11,1.3,…,0.16,0.46,…,…
1967M12,1.3,…,0.16,0.46,…,…
1968M01,1.3,…,0.16,0.45,…,…
1968M02,1.3,…,0.16,0.45,…,…
1968M03,1.3,…,0.16,0.45,…,…
1968M04,1.3,…,0.16,0.45,…,…
1968M05,1.3,…,0.16,0.45,…,…
1968M06,1.3,…,0.16,0.45,…,…
1968M07,1.3,…,0.16,0.45,…,…
1968M08,1.3,…,0.16,0.45,…,…
1968M09,1.3,…,0.16,0.45,…,…
1968M10,1.3,…,0.16,0.45,…,…
1968M11,1.3,…,0.16,0.45,…,…
1968M12,1.3,…,0.16,0.45,…,…
1969M01,1.3,…,0.17,0.45,…,…
1969M02,1.3,…,0.17,0.45,…,…
1969M03,1.3,…,0.17,0.45,…,…
1969M04,1.3,…,0.17,0.45,…,…
1969M05,1.3,…,0.17,0.45,…,…
1969M06,1.3,…,0.17,0.45,…,…
1969M07,1.3,…,0.17,0.45,…,…
1969M08,1.3,…,0.17,0.45,…,…
1969M09,1.3,…,0.17,0.45,…,…
1969M10,1.3,…,0.17,0.45,…,…
1969M11,1.3,…,0.17,0.45,…,…
1969M12,1.3,…,0.17,0.45,…,…
1970M01,1.2,7.8,0.17,0.45,…,…
1970M02,1.2,7.8,0.17,0.45,…,…
1970M03,1.2,7.8,0.17,0.45,…,…
1970M04,1.2,7.8,0.17,0.45,…,…
1970M05,1.2,7.8,0.17,0.45,…,…
1970M06,1.2,7.8,0.17,0.45,…,…
1970M07,1.2,7.8,0.17,0.45,…,…
1970M08,1.2,7.8,0.17,0.45,…,…
1970M09,1.2,7.8,0.17,0.45,…,…
1970M10,1.2,7.8,0.17,0.45,…,…
1970M11,1.2,7.8,0.17,0.45,…,…
1970M12,1.2,7.8,0.17,0.45,…,…
1971M01,1.6,8.7,0.18,0.5,…,…
1971M02,1.6,8.7,0.18,0.5,…,…
1971M03,1.6,8.7,0.18,0.5,…,…
1971M04,1.6,8.7,0.18,0.5,…,…
1971M05,1.6,8.7,0.18,0.5,…,…
1971M06,1.6,8.7,0.18,0.5,…,…
1971M07,1.7,8.7,0.18,0.5,…,…
1971M08,1.7,8.7,0.18,0.5,…,…
1971M09,1.7,8.7,0.18,0.5,…,…
1971M10,1.7,8.7,0.18,0.5,…,…
1971M11,1.7,8.7,0.18,0.5,…,…
1971M12,1.7,8.7,0.18,0.5,…,…
1972M01,1.8,9.6,0.19,0.54,…,…
1972M02,1.8,9.6,0.19,0.54,…,…
1972M03,1.8,9.6,0.19,0.54,…,…
1972M04,1.8,9.6,0.19,0.54,…,…
1972M05,1.8,9.6,0.19,0.54,…,…
1972M06,1.8,9.6,0.19,0.54,…,…
1972M07,1.9,9.6,0.19,0.54,…,…
1972M08,1.9,9.6,0.19,0.54,…,…
1972M09,1.9,9.6,0.19,0.54,…,…
1972M10,1.9,9.6,0.19,0.54,…,…
1972M11,1.9,9.6,0.19,0.54,…,…
1972M12,1.9,9.6,0.19,0.54,…,…
1973M01,2.1,11.5,0.21,0.69,…,…
1973M02,2.1,11.5,0.21,0.69,…,…
1973M03,2.1,11.5,0.21,0.69,…,…
1973M04,2.4,11.5,0.21,0.69,…,…
1973M05,2.4,11.5,0.21,0.69,…,…
1973M06,2.4,11.5,0.21,0.69,…,…
1973M07,2.7,11.5,0.21,0.69,…,…
1973M08,2.7,11.5,0.21,0.69,…,…
1973M09,2.7,11.5,0.21,0.69,…,…
1973M10,4.1,11.5,0.21,0.69,…,…
1973M11,4.1,11.5,0.21,0.69,…,…
1973M12,4.1,11.5,0.21,0.69,…,…
1974M01,13,16.9,0.29,1.73,…,…
1974M02,13,16.9,0.29,1.73,…,…
1974M03,13,16.9,0.29,1.73,…,…
1974M04,10.6,16.9,0.29,1.73,…,…
1974M05,10.6,16.9,0.29,1.73,…,…
1974M06,10.6,16.9,0.29,1.73,…,…
1974M07,10,16.9,0.29,1.73,…,…
1974M08,10,16.9,0.29,1.73,…,…
1974M09,10,16.9,0.29,1.73,…,…
1974M10,10.3,16.9,0.29,1.73,…,…
1974M11,10.3,16.9,0.29,1.73,…,…
1974M12,10.3,16.9,0.29,1.73,…,…
1975M01,10.4,26.8,0.43,1.68,…,…
1975M02,10.4,26.8,0.43,1.68,…,…
1975M03,10.4,26.8,0.43,1.68,…,…
1975M04,10.4,26.8,0.43,1.68,…,…
1975M05,10.4,26.8,0.43,1.68,…,…
1975M06,10.4,26.8,0.43,1.68,…,…
1975M07,10.4,26.8,0.43,1.68,…,…
1975M08,10.4,26.8,0.43,1.68,…,…
1975M09,10.4,26.8,0.43,1.68,…,…
1975M10,10.5,26.8,0.43,1.68,…,…
1975M11,10.5,26.8,0.43,1.68,…,…
1975M12,10.5,26.8,0.43,1.68,…,…
1976M01,11.5,27.2,0.54,1.74,…,…
1976M02,11.5,27.2,0.54,1.74,…,…
1976M03,11.5,27.2,0.54,1.74,…,…
1976M04,11.5,27.2,0.55,1.74,…,…
1976M05,11.5,27.2,0.55,1.74,…,…
1976M06,11.5,27.2,0.58,1.74,…,…
1976M07,11.6,27.2,0.58,1.74,…,…
1976M08,11.6,27.2,0.6,1.74,…,…
1976M09,11.6,27.2,0.6,1.74,…,…
1976M10,11.9,27.2,0.62,1.74,…,…
1976M11,11.9,27.2,0.63,1.74,…,…
1976M12,11.9,27.2,0.64,1.74,…,…
1977M01,12.5,28.7,0.67,1.79,2.77,18.5
1977M02,12.5,28.7,0.71,1.79,2.77,19
1977M03,12.5,28.7,0.75,1.79,2.77,19.5
1977M04,12.4,28.7,0.77,1.79,2.77,19.7
1977M05,12.4,28.7,0.77,1.79,2.77,19.7
1977M06,12.4,28.7,0.82,1.79,2.77,20.4
1977M07,12.6,28.7,0.83,1.79,2.77,20.5
1977M08,12.6,28.7,0.82,1.79,2.77,20.4
1977M09,12.6,28.7,0.83,1.79,2.77,20.5
1977M10,12.7,28.7,0.84,1.79,2.77,20.6
1977M11,12.7,28.7,0.83,1.79,2.77,20.5
1977M12,12.7,28.7,0.84,1.79,2.77,20.6
1978M01,12.7,27.9,0.87,2.3,3.04,23.6
1978M02,12.7,27.1,0.88,2.3,3.04,23.7
1978M03,12.7,27.1,0.89,2.3,3.04,23.8
1978M04,12.7,27.1,0.88,2.3,3.04,23.7
1978M05,12.7,28.6,0.91,2.3,3.04,24.1
1978M06,12.7,30.2,0.91,2.3,3.04,24.1
1978M07,12.8,30.2,0.89,2.3,3.04,23.8
1978M08,12.8,30.2,0.91,2.3,3.04,24.1
1978M09,12.8,30.2,0.92,2.3,3.04,24.2
1978M10,12.9,30.2,0.92,2.3,3.04,24.2
1978M11,13.2,30.2,0.93,2.3,3.04,24.3
1978M12,14.5,30.2,0.96,2.3,3.04,24.7
1979M01,19,30.2,1.02,3.26,3.69,30.4
1979M02,22,30.2,1.05,3.26,3.69,30.7
1979M03,23.3,30.2,1.1,3.26,3.69,31.4
1979M04,23.6,30.2,1.11,3.26,3.69,31.5
1979M05,32.8,30.2,1.15,3.26,3.69,32
1979M06,36.5,30.2,1.17,3.26,3.69,32.2
1979M07,35,30.2,1.2,3.26,3.69,32.6
1979M08,35.8,31.3,1.24,3.26,3.69,33.1
1979M09,36.5,31.3,1.24,3.26,3.69,33.1
1979M10,38.5,32.4,1.28,3.26,3.69,33.5
1979M11,42,32.4,1.29,3.26,3.69,33.7
1979M12,40.5,32.4,1.31,3.26,3.69,33.9
1980M01,40,32.4,1.37,4.22,5.7,40.6
1980M02,38.5,32.4,1.42,4.22,5.7,41.2
1980M03,38.3,32.4,1.46,4.22,5.7,41.7
1980M04,38.2,39.5,1.51,4.22,5.7,42.3
1980M05,38.5,40.1,1.56,4.22,5.7,42.9
1980M06,38,40.7,1.57,4.22,5.7,43
1980M07,37.4,40.7,1.64,4.22,5.7,43.8
1980M08,33.6,44.2,1.64,4.22,5.7,43.8
1980M09,33.4,44.6,1.69,4.22,5.7,44.4
1980M10,37.9,44.6,1.71,4.22,5.7,44.7
1980M11,40.8,45,1.76,4.22,5.7,45.3
1980M12,40.2,45,1.74,4.22,5.7,45.1
1981M01,40.3,45,1.77,4.6,6.03,47.4
1981M02,38.7,45,1.81,4.6,6.03,47.9
1981M03,38.3,45,1.86,4.6,6.03,48.5
1981M04,37.2,56.5,1.93,4.6,6.03,49.4
1981M05,35.2,56.5,1.95,4.6,6.03,49.6
1981M06,33.3,56.5,1.95,4.6,6.03,49.6
1981M07,35.1,56.5,2.01,4.6,6.03,50.4
1981M08,35.8,56.5,2.02,4.6,6.03,50.5
1981M09,35.9,56.5,2.08,4.6,6.03,51.2
1981M10,36.5,56.5,2.11,4.6,6.03,51.6
1981M11,37.1,56.5,2.15,4.6,6.03,52.1
1981M12,36.7,56.5,2.16,4.6,6.03,52.2
1982M01,35.8,55.6,2.23,4.45,6.05,52.3
1982M02,31.6,55.6,2.3,4.45,6.05,53.2
1982M03,29.3,55.6,2.35,4.45,6.05,53.8
1982M04,33.1,55.6,2.4,4.45,6.05,54.4
1982M05,35.2,55.6,2.45,4.45,6.05,55
1982M06,34.6,55.6,2.45,4.45,6.05,55
1982M07,33.7,55.6,2.47,4.45,6.05,55.2
1982M08,32.8,55.6,2.53,4.45,6.05,56
1982M09,34.3,55.6,2.56,4.45,6.05,56.3
1982M10,35,55.6,2.6,4.45,6.05,56.8
1982M11,33.8,55.6,2.62,4.45,6.05,57.1
1982M12,31.8,45.5,2.62,4.45,6.05,57.1
1983M01,30.9,43,2.66,4.05,5.55,55.3
1983M02,29.1,43,2.66,4.05,5.55,55.3
1983M03,28.2,43,2.58,4.05,5.55,54.3
1983M04,29.8,43,2.53,4.05,5.55,53.7
1983M05,29.6,43,2.53,4.05,5.55,53.7
1983M06,30.2,43,2.59,4.05,5.55,54.5
1983M07,30.8,34.8,2.52,4.05,5.55,53.6
1983M08,31.1,34.8,2.58,4.05,5.55,54.3
1983M09,30.4,34.8,2.67,4.05,5.55,55.4
1983M10,29.9,34.8,2.58,4.05,5.55,54.3
1983M11,29.2,32,2.6,4.05,5.55,54.6
1983M12,29,29.3,2.61,4.05,5.55,54.7
1984M01,29.6,29.3,2.67,3.76,5.24,53.8
1984M02,29.9,29.3,2.71,3.76,5.24,54.3
1984M03,30.1,29.3,2.67,3.76,5.24,53.8
1984M04,30.1,29.3,2.64,3.76,5.24,53.5
1984M05,29.9,29.3,2.67,3.76,5.24,53.8
1984M06,29.2,31.8,2.7,3.76,5.24,54.2
1984M07,27.9,31.8,2.68,3.76,5.24,54
1984M08,28.1,31.8,2.69,3.76,5.24,54.1
1984M09,28.4,31.8,2.62,3.76,5.24,53.2
1984M10,27.8,31.8,2.63,3.76,5.24,53.4
1984M11,27.7,32.8,2.61,3.76,5.24,53.1
1984M12,27,33.8,2.57,3.76,5.24,52.6
1985M01,27,33.8,2.64,3.65,5.23,53
1985M02,28.2,33.8,2.71,3.65,5.23,53.8
1985M03,28.1,33.8,2.62,3.65,5.23,52.7
1985M04,27.9,33.8,2.64,3.65,5.23,53
1985M05,26.7,33.8,2.53,3.65,5.23,51.6
1985M06,26.5,33.8,2.58,3.65,5.23,52.2
1985M07,26.6,33.8,2.51,3.65,5.23,51.4
1985M08,27.2,33.8,2.47,3.65,5.23,50.9
1985M09,27.2,33.8,2.42,3.65,5.23,50.3
1985M10,27.9,33.8,2.37,3.65,5.23,49.7
1985M11,29.1,33.8,2.36,3.65,5.23,49.6
1985M12,25.9,33.8,2.28,3.65,5.23,48.6
1986M01,25.8,33.8,2.28,3.65,4.1,47.8
1986M02,17.6,33.8,2.26,3.65,4.1,47.6
1986M03,13.9,30.8,2.16,3.65,4.1,46.4
1986M04,12.5,30.8,2.1,3.65,4.1,45.6
1986M05,14.2,30.8,1.96,3.65,4.1,43.9
1986M06,11.9,30.8,1.85,3.65,4.1,42.6
1986M07,9.5,30.8,1.8,3.65,4.1,42
1986M08,13.7,30.8,1.77,3.65,4.1,41.6
1986M09,14.2,30.8,1.78,3.65,4.1,41.7
1986M10,13.8,30.8,1.73,3.65,4.1,41.1
1986M11,14.6,30.8,1.77,3.65,4.1,41.6
1986M12,15.9,29.3,1.76,3.65,4.1,41.5
1987M01,18.4,29.3,1.74,2.59,3.35,35.7
1987M02,17.3,29.3,1.73,2.59,3.35,35.6
1987M03,17.9,29.3,1.73,2.59,3.35,35.6
1987M04,18.1,24.8,1.69,2.59,3.35,35.1
1987M05,18.8,24.8,1.65,2.59,3.35,34.6
1987M06,18.9,24.8,1.65,2.59,3.35,34.6
1987M07,19.8,27,1.66,2.59,3.35,34.7
1987M08,19,27,1.63,2.59,3.35,34.4
1987M09,18.4,27,1.56,2.59,3.35,33.5
1987M10,18.8,27,1.57,2.59,3.35,33.6
1987M11,17.8,29,1.64,2.59,3.35,34.5
1987M12,17.1,31,1.7,2.59,3.35,35.2
1988M01,16.9,31,1.96,2.36,3.34,37.3
1988M02,15.8,31,1.84,2.36,3.34,35.8
1988M03,14.8,33,1.7,2.36,3.34,34.1
1988M04,16.6,33,1.59,2.36,3.34,32.8
1988M05,16.4,33,1.52,2.36,3.34,31.9
1988M06,15.6,36,1.53,2.36,3.34,32.1
1988M07,14.9,36,1.56,2.36,3.34,32.4
1988M08,15,36,1.62,2.36,3.34,33.2
1988M09,13.3,37,1.53,2.36,3.34,32.1
1988M10,12.5,37,1.68,2.36,3.34,33.9
1988M11,13,37.5,1.76,2.36,3.34,34.9
1988M12,15.2,38,1.89,2.36,3.34,36.4
1989M01,17,38,1.78,2.09,3.28,33.8
1989M02,16.7,38,1.71,2.09,3.28,32.9
1989M03,18.7,38,1.49,2.09,3.28,30.3
1989M04,19.8,38,1.53,2.09,3.28,30.7
1989M05,18.4,38,1.66,2.09,3.28,32.3
1989M06,17.5,38,1.7,2.09,3.28,32.8
1989M07,17.8,38,1.64,2.09,3.28,32.1
1989M08,17.1,38,1.58,2.09,3.28,31.3
1989M09,17.8,38,1.53,2.09,3.28,30.7
1989M10,19,38,1.6,2.09,3.28,31.6
1989M11,19.2,38,1.9,2.09,3.28,35.2
1989M12,19.9,38,2.24,2.09,3.28,39.4
1990M01,21,38,2.39,2.82,3.64,44.9
1990M02,19.9,38,1.9,2.82,3.64,38.9
1990M03,18.5,38,1.55,2.82,3.64,34.7
1990M04,16.8,38,1.49,2.82,3.64,34
1990M05,16.7,40.5,1.47,2.82,3.64,33.7
1990M06,15.7,40.5,1.47,2.82,3.64,33.7
1990M07,17.6,40.5,1.41,2.82,3.64,33
1990M08,27.1,40.5,1.36,2.82,3.64,32.4
1990M09,34.1,40.5,1.44,2.82,3.64,33.4
1990M10,36.1,40.5,1.69,2.82,3.64,36.4
1990M11,33,40.5,2.1,2.82,3.64,41.4
1990M12,28,40.5,2.11,2.82,3.64,41.5
1991M01,23.7,40.5,1.67,3.44,3.99,39.3
1991M02,19.4,40.5,1.36,3.41,3.99,35.4
1991M03,19.5,39.5,1.34,3.33,3.99,34.8
1991M04,19.3,39.5,1.33,3.47,3.99,35.4
1991M05,19.3,39.5,1.31,3.37,3.99,34.6
1991M06,18.2,39.5,1.2,3.29,3.99,32.9
1991M07,19.5,39.5,1.19,3,3.99,31.4
1991M08,19.8,39.5,1.31,2.98,3.99,32.8
1991M09,20.5,39.5,1.63,2.97,3.99,36.6
1991M10,22.2,39.5,1.77,2.71,3.99,37.1
1991M11,21.3,39.5,1.81,2.7,3.99,37.5
1991M12,18.4,39.5,1.92,2.7,3.99,38.9
1992M01,18.2,39.5,1.28,2.57,3.6,30.2
1992M02,18.1,39.5,1.21,2.5,3.51,29
1992M03,17.6,39.5,1.28,2.58,3.59,30.2
1992M04,19,39.5,1.47,2.47,3.53,32
1992M05,19.9,39.5,1.59,2.49,3.47,33.5
1992M06,21.2,39.5,1.56,2.5,3.49,33.2
1992M07,20.3,39.5,1.75,2.55,3.61,35.8
1992M08,19.8,39.5,1.97,2.56,3.65,38.6
1992M09,20.3,39.5,2.33,2.57,3.63,43
1992M10,20.3,37.3,2.42,2.63,3.7,44.4
1992M11,19.2,35,2.24,2.64,3.65,42.2
1992M12,18.2,35,2.16,2.64,3.71,41.3
1993M01,17.4,35,1.88,2.76,3.64,38.4
1993M02,18.5,31,1.69,2.74,3.61,36
1993M03,18.8,31,2.18,2.75,3.59,42
1993M04,18.7,31,2.35,2.68,3.62,43.7
1993M05,18.5,31,2.17,2.68,3.57,41.5
1993M06,17.7,31,1.97,2.68,3.54,39.1
1993M07,16.8,31,2.06,2.66,3.54,40.1
1993M08,16.7,31,2.26,2.65,3.49,42.4
1993M09,16,31,2.27,2.62,3.48,42.4
1993M10,16.6,31,2.02,2.62,3.39,39.3
1993M11,15.2,31,2.26,2.62,3.36,42.2
1993M12,13.6,31,2.34,2.6,3.25,43
1994M01,14.3,31,2.34,2.47,3.12,42.3
1994M02,13.8,31,2.71,2.36,3.19,46.3
1994M03,14,29.5,2.21,2.36,3.15,40.2
1994M04,15.2,29.5,2.04,2.36,3.07,38.1
1994M05,16.2,31.4,1.92,2.36,3.06,36.6
1994M06,16.8,33.6,1.9,2.36,3.1,36.4
1994M07,17.6,33.1,1.96,2.42,3.14,37.4
1994M08,16.8,33.1,1.66,2.46,3.24,34
1994M09,15.9,33.1,1.49,2.48,3.28,32.1
1994M10,16.4,33.1,1.51,2.56,3.26,32.7
1994M11,17.2,33.1,1.58,2.57,3.26,33.6
1994M12,16,36.1,1.72,2.56,3.29,35.3
1995M01,16.6,37.1,1.51,2.66,3.36,33.3
1995M02,17.1,37.6,1.58,2.66,3.4,34.1
1995M03,17,38.4,1.54,2.65,3.46,33.6
1995M04,18.7,37.1,1.62,2.71,3.45,34.9
1995M05,18.4,38.8,1.64,2.71,3.53,35.2
1995M06,17.4,40.8,1.62,2.73,3.56,35.1
1995M07,15.9,41.1,1.44,2.8,3.48,33.2
1995M08,16.1,40.9,1.56,2.8,3.46,34.6
1995M09,16.8,40.9,1.64,2.78,3.46,35.5
1995M10,16.1,41,1.77,2.75,3.45,36.9
1995M11,16.9,39.6,2.04,2.75,3.41,40.2
1995M12,18,39.4,2.71,2.73,3.37,48.2
1996M01,17.9,39.4,2.93,2.75,3.43,51
1996M02,18,39.3,4.4,2.77,3.48,69
1996M03,20,39,2.95,2.67,3.47,50.9
1996M04,21,39.3,2.23,3.1,3.56,44.2
1996M05,19.1,38.2,2.24,2.81,3.6,43
1996M06,18.3,38.2,2.49,2.81,3.6,46
1996M07,19.6,38.4,2.48,2.78,3.61,45.8
1996M08,20.6,38.4,2.03,2.79,3.68,40.4
1996M09,22.6,38.1,1.84,2.79,3.68,38.1
1996M10,24.2,37.6,2.37,2.94,3.79,45.3
1996M11,22.6,35.7,3.03,2.96,4.03,53.6
1996M12,23.9,35.4,3.82,2.96,4.08,63.2
1997M01,23.5,35.2,3.31,2.89,4.13,56.7
1997M02,20.8,34.6,2.22,2.89,4.22,43.6
1997M03,19.2,34.5,1.89,2.83,4.25,39.3
1997M04,17.5,35.4,2.03,2.77,4.07,40.6
1997M05,19.1,35.7,2.24,2.74,4.03,43
1997M06,17.6,34.5,2.2,2.76,4.03,42.6
1997M07,18.4,35,2.19,2.67,3.89,41.9
1997M08,18.7,36.9,2.47,2.67,3.69,45.2
1997M09,18.5,37.2,2.84,2.7,3.69,49.8
1997M10,19.9,37.2,3.04,2.63,3.62,51.9
1997M11,19,33.6,3.02,2.66,3.68,51.8
1997M12,17,31.4,2.33,2.65,3.6,43.3
1998M01,15.1,31.4,2.1,2.65,3.54,40.5
1998M02,14.1,33.4,2.22,2.63,3.43,41.8
1998M03,13.1,31.9,2.23,2.61,3.44,41.8
1998M04,13.4,31.2,2.42,2.54,3.19,43.6
1998M05,14.4,30.3,2.14,2.51,3,40
1998M06,12.1,30,2.17,2.5,3,40.3
1998M07,12,30,2.17,2.4,2.84,39.7
1998M08,11.9,26.2,1.85,2.37,2.79,35.6
1998M09,13.4,27.1,2.01,2.33,2.74,37.3
1998M10,12.6,27.1,1.89,2.17,2.76,35.1
1998M11,10.9,26.1,2.1,2.15,2.78,37.6
1998M12,9.8,26.1,1.74,2.13,2.72,33.1
1999M01,11.1,26.1,1.86,2.02,2.77,34.1
1999M02,10.2,26.1,1.77,2.01,2.78,32.9
1999M03,12.5,26.1,1.79,1.95,2.78,32.9
1999M04,15.3,26.1,2.15,1.87,2.76,36.9
1999M05,15.1,26.1,2.25,1.89,2.88,38.3
1999M06,15.8,26.1,2.3,1.91,2.93,39
1999M07,19,26.1,2.31,2,2.99,39.6
1999M08,20.2,26.1,2.79,2.08,3.17,45.9
1999M09,22.4,26.1,2.54,2.2,3.35,43.6
1999M10,22,25.6,2.72,2.47,3.57,47.2
1999M11,24.6,25.1,2.36,2.51,3.73,43.1
1999M12,25.6,25.1,2.36,2.66,3.94,44
2000M01,25.4,25.1,2.42,3.36,4.15,48.2
2000M02,27.7,25.1,2.65,3.46,4.21,51.5
2000M03,27.5,25.1,2.79,3.51,4.46,53.6
2000M04,22.5,25.1,3.03,3.68,4.64,57.4
2000M05,27.3,25.6,3.58,3.55,4.53,63.4
2000M06,29.7,25.6,4.28,3.6,4.74,72.3
2000M07,28.5,25.6,3.96,3.96,4.86,70.2
2000M08,29.4,25.6,4.41,4.01,4.84,75.9
2000M09,32.6,27.2,5.06,4.03,4.9,83.9
2000M10,30.9,27.2,5.02,4.31,5.04,84.9
2000M11,32.5,27.2,5.55,4.39,5.13,91.7
2000M12,25.1,30.8,8.95,4.44,5.05,133.2
2001M01,25.6,32.1,8.17,4.65,4.88,124.6
2001M02,27.4,32.1,5.63,4.59,4.8,93.4
2001M03,24.4,32.6,5.16,4.57,4.87,87.7
2001M04,25.6,33.5,5.17,4.48,4.73,87.3
2001M05,28.5,33.8,4.21,4.36,4.66,75
2001M06,27.7,33.9,3.71,4.33,4.69,68.8
2001M07,24.5,34,3.1,3.75,4.66,58.6
2001M08,25.7,33.8,2.95,3.79,4.54,56.9
2001M09,25.5,32.8,2.15,3.79,4.54,47.2
2001M10,20.5,32.4,2.45,3.52,4.59,49.6
2001M11,18.9,29.4,2.36,3.46,4.38,48.1
2001M12,18.6,27.4,2.41,3.4,4.27,48.3
2002M01,19.5,27.4,2.25,3.06,4.21,44.7
2002M02,20.3,28.1,2.31,3.03,4.12,45.2
2002M03,23.7,27.8,3.03,2.97,3.99,53.6
2002M04,25.7,27.1,3.42,2.81,3.96,57.6
2002M05,25.4,26.9,3.49,2.83,4.01,58.6
2002M06,24.1,24.9,3.22,2.9,4.06,55.6
2002M07,25.8,23.2,2.98,2.95,4.56,53.3
2002M08,26.6,22.3,3.09,3.01,4.35,54.8
2002M09,28.3,22.7,3.57,3.08,4.46,61
2002M10,27.5,24.5,4.12,3.28,4.54,68.7
2002M11,24.2,24.5,4.04,3.34,4.56,68
2002M12,28.5,24.5,4.74,3.36,4.56,76.6
2003M01,31.2,24.9,5.41,3.61,4.69,86
2003M02,32.6,25.2,7.77,3.67,4.8,115.1
2003M03,30.3,24.4,5.95,3.74,4.78,93.2
2003M04,25,23.5,5.29,4.03,4.78,86.6
2003M05,25.8,23.3,5.84,4.04,4.74,93.3
2003M06,27.5,24.1,5.77,4.05,4.77,92.6
2003M07,28.4,24.4,5.01,4.04,4.75,83.2
2003M08,29.8,25.3,4.97,3.98,4.67,82.4
2003M09,27.1,26.7,4.61,3.97,4.7,78.1
2003M10,29.6,27.5,4.64,3.88,4.62,77.9
2003M11,28.8,29.9,4.53,3.9,4.72,76.7
2003M12,29.9,34,6.13,3.97,4.75,96.5
2004M01,31.2,37.8,6.09,3.87,4.75,95.6
2004M02,30.9,41.8,5.38,3.89,4.81,87.1
2004M03,33.8,48.9,5.4,3.86,4.88,87.2
2004M04,33.4,53.3,5.72,3.92,4.91,91.4
2004M05,37.9,56.4,6.34,3.95,4.91,99
2004M06,35.2,59.6,6.27,4.01,5.04,98.6
2004M07,38.4,61.4,5.93,4.28,5.07,95.8
2004M08,43,59.3,5.4,4.34,5.16,89.6
2004M09,43.4,55.4,5.14,4.41,5.43,87
2004M10,49.8,56.6,6.41,4.83,5.55,104.6
2004M11,43.1,52.8,6.09,4.96,5.45,101.2
2004M12,39.6,52.3,6.58,5.01,5.57,107.5
2005M01,44.3,53,6.15,5.46,5.42,104.4
2005M02,45.6,49.9,6.14,5.49,5.58,104.5
2005M03,53.1,50.9,6.97,5.52,5.59,114.6
2005M04,51.9,51.3,7.15,5.86,5.67,118.6
2005M05,48.7,51.3,6.47,5.89,5.74,110.4
2005M06,54.3,51,7.19,5.91,5.68,119.2
2005M07,57.6,50.9,7.63,6.42,6.03,127.2
2005M08,64.1,49.1,9.63,6.56,6.2,152.3
2005M09,63,45.3,12.88,6.58,6.39,192
2005M10,58.5,42.5,13.52,7.28,6.48,203.2
2005M11,55.5,38.1,10.43,7.46,6.61,166.6
2005M12,56.7,38.2,12.83,7.49,6.49,195.8
2006M01,63.6,43.2,8.66,7.96,6.53,147.4
2006M02,59.9,47.7,7.49,7.95,7.04,133.5
2006M03,62.3,49.8,6.9,7.99,6.88,126.4
2006M04,70.4,52.9,7.09,8.24,6.93,130
2006M05,70.2,52.6,6.2,8.28,6.92,119.3
2006M06,68.9,52.4,6.19,8.29,7.1,119.4
2006M07,73.9,52.8,6.25,8.58,6.86,121.3
2006M08,73.6,50.9,7,8.71,7.23,131.2
2006M09,62.8,47.1,4.86,8.77,7.65,105.9
2006M10,58.4,44.1,5.96,8.97,7.2,119.9
2006M11,58.5,46,7.45,8.99,7.21,138.1
2006M12,62.3,49.8,6.58,8.92,7.35,127.3
2007M01,54.3,51.3,6.58,8.59,7.11,125.6
2007M02,57.8,52.9,7.97,8.56,6.89,142.2
2007M03,62.1,55.4,7.12,8.37,6.86,130.9
2007M04,67.4,56.1,7.59,8,7.09,135
2007M05,67.5,56,7.61,7.98,7.22,135.3
2007M06,71.3,61.6,7.3,8.03,7.11,131.7
2007M07,77.2,67.3,6.22,8.13,7.26,119.1
2007M08,70.8,69.4,6.2,8.34,7.7,120.1
2007M09,77.1,68.4,6.1,8.54,8.09,120.1
2007M10,82.9,74.8,6.8,9.16,8.55,131.9
2007M11,92.5,84.6,7.14,9.47,9.14,137.9
2007M12,91.5,91,7.15,9.49,9.18,138.2
2008M01,91.9,91.8,8,10.7,9.94,154.7
2008M02,94.8,132,8.55,10.84,10.46,162.4
2008M03,103.3,118.3,9.4,11.04,10.96,174.1
2008M04,110.2,123,10.13,12.19,11.42,188.7
2008M05,123.9,133.2,11.23,12.38,11.63,203.1
2008M06,133,159.8,12.68,12.63,12.07,222.2
2008M07,133.9,180,11.15,14.37,12.35,212.1
2008M08,113.8,158.4,8.25,14.64,13.25,178.8
2008M09,99.1,150,7.69,14.85,14.39,173.8
2008M10,72.8,108,6.73,15.93,15.01,167.7
2008M11,53.2,92.3,6.67,15.81,15.06,166.4
2008M12,41.6,78.7,5.79,15.5,13.78,153.4
2009M01,44.9,79.4,5.24,13.89,12.71,138.3
2009M02,43.2,75.4,4.52,11.04,10.52,114.5
2009M03,46.8,61,3.95,10.9,9.48,106.2
2009M04,50.8,63.6,3.5,8.51,8.12,88.5
2009M05,57.9,64.5,3.81,8.09,7.5,89.8
2009M06,68.6,71.4,3.8,7.95,7.18,88.9
2009M07,64.9,73.8,3.39,6.67,7.55,78
2009M08,72.5,72.5,3.15,6.92,7.76,76.4
2009M09,67.7,67.6,2.96,7.13,8.42,75.6
2009M10,73.2,71.1,4.02,7.6,9.1,91.2
2009M11,77,78.8,3.69,7.81,9.13,88.1
2009M12,74.7,83.1,5.37,8.01,9.76,109.8
2010M01,76.4,97,5.81,8.8,10.02,119.1
2010M02,74.3,94.2,5.34,8.8,10.52,113.8
2010M03,79.3,94.4,4.29,8.93,10.42,101.6
2010M04,85,100.2,4.01,7.52,10.98,91.8
2010M05,76.3,100.1,4.16,7.27,11.39,92.7
2010M06,74.8,98.2,4.79,7.74,10.48,102.1
2010M07,74.7,96,4.63,8.04,11.32,102.1
2010M08,76.7,89.8,4.31,8.45,11.3,100.1
2010M09,77.8,94.9,3.9,8.28,11.03,94.2
2010M10,82.9,97.5,3.43,8.29,11.13,88.6
2010M11,85.7,107.2,3.73,8.59,10.84,93.4
2010M12,91.8,118.3,4.24,8.74,10.75,100.3
2011M01,96.3,132.5,4.49,9.61,11.45,108
2011M02,104,128.4,4.07,9.36,12.02,102.1
2011M03,114.4,126.1,3.97,9.37,12.5,101.2
2011M04,123.1,122.5,4.24,10.36,12.99,109.6
2011M05,114.5,119.1,4.31,10.3,13.61,110.5
2011M06,113.8,120.1,4.55,10.26,14.52,113.9
2011M07,116.5,120.8,4.41,10.99,16.22,116.8
2011M08,110.1,120.1,4.05,10.81,16.55,111.8
2011M09,110.9,123.1,3.9,10.85,16.27,110
2011M10,109.5,119.4,3.57,11.42,16.48,108.8
2011M11,110.5,113.8,3.24,11.32,16.78,104.6
2011M12,107.9,111.6,3.16,11.53,16.48,104.4
2012M01,111.2,116.5,2.68,11.45,16.71,98.3
2012M02,119.7,117,2.52,11.12,16.03,94.3
2012M03,124.9,107.5,2.17,11.97,16.34,94.3
2012M04,120.5,103.6,1.95,11.42,16.85,89.3
2012M05,110.5,95.8,2.44,11.64,17.12,96.5
2012M06,95.6,87.2,2.46,11.49,17.2,96.1
2012M07,103.1,88.2,2.95,11.13,18.11,100.9
2012M08,113.3,91,2.84,11.18,17.74,99.6
2012M09,113.4,89,2.84,11.08,16.83,98.6
2012M10,112,81.9,3.32,11.58,15.3,105.7
2012M11,109.7,85.9,3.54,11.83,15,109.4
2012M12,109.7,92.9,3.34,11.79,15.41,107
2013M01,113,92.8,3.33,11.87,15.89,107.6
2013M02,116.5,94.9,3.33,11.77,16.47,107.5
2013M03,109.2,91,3.81,11.87,16.27,113.7
2013M04,102.9,87.8,4.17,12.88,16.2,122.8
2013M05,103,87.7,4.04,12.29,16.22,118.5
2013M06,103.1,82.8,3.83,11.92,16.61,114.4
2013M07,107.7,77.3,3.62,11.6,16.17,110.1
2013M08,111,77,3.43,11.64,15.6,107.5
2013M09,111.6,77.6,3.62,11.25,14.96,107.5
2013M10,109.5,79.4,3.67,11.37,15.3,109
2013M11,108.1,82.3,3.62,11.42,15.4,108.7
2013M12,110.7,84.3,4.24,11.55,16.38,117.5
2014M01,107.4,81.6,4.7,11.59,16.67,123.5
2014M02,108.8,76.3,5.97,11.3,16.76,137.6
2014M03,107.4,73.3,4.88,10.88,16.55,122.2
2014M04,107.8,72.8,4.63,10.73,16.79,118.7
2014M05,109.7,73.7,4.56,10.2,16.32,115
2014M06,111.9,71.5,4.57,9.77,16.13,112.9
2014M07,107,68.8,4.01,9.27,15.21,103.1
2014M08,101.9,68.9,3.88,9.14,15.74,101.3
2014M09,97.3,65.9,3.92,9.24,15.16,101.8
2014M10,87.3,63.7,3.77,9.77,15.89,103
2014M11,78.4,62.6,4.1,8.9,15.59,102.7
2014M12,62.3,62.4,3.43,9.83,15.62,99
2015M01,48.1,61.4,2.97,9.25,16.19,91.1
2015M02,57.9,69.1,2.85,8.27,14.2,83.5
2015M03,55.8,64.8,2.8,8.27,13.04,82.2
2015M04,59.4,56.2,2.58,6.77,10.94,70.9
2015M05,64.6,61.2,2.84,6.68,9.34,72.6
2015M06,62.3,59,2.77,6.67,9.19,71.5
2015M07,55.9,59.9,2.83,6.69,9.5,72.6
2015M08,47,59.1,2.76,6.35,9.82,70.4
2015M09,47.2,57.7,2.65,6.28,10.31,69
2015M10,48.1,54.3,2.32,6.03,10.11,63.6
2015M11,44.4,52.5,2.08,5.5,9.52,57.8
2015M12,37.7,52.2,1.92,5.09,9.08,53.7
2016M01,30.8,49,2.27,4.4,8.4,54.2
2016M02,33.2,50.3,1.96,3.97,8.56,48.4
2016M03,39.1,52.2,1.7,3.91,7.74,44.5
2016M04,42.3,50.7,1.9,3.97,6.82,46.6
2016M05,47.1,51.3,1.92,4.33,6.27,48.2
2016M06,48.5,52.9,2.57,4.76,6.4,58.1
2016M07,45.1,61.2,2.79,4.67,6.76,60.7
2016M08,46.1,67.4,2.79,4.05,7.14,58
2016M09,46.2,72.7,2.97,4.25,7.54,61.4
2016M10,49.7,94.2,2.95,5.34,7.65,66.4
2016M11,46.4,103.4,2.5,5.69,7.59,62.6
2016M12,54.1,88.2,3.58,5.42,7.59,74.4
2017M01,54.9,83.7,3.26,6.14,8.04,74.3
2017M02,55.5,80,2.82,6.05,8.41,68.8
2017M03,52,80.9,2.89,5,8.25,64.4
2017M04,53,83.7,3.08,5.01,8.76,67.2
2017M05,50.9,74.4,3.12,5.06,9.1,68.2
2017M06,46.9,81.1,2.94,4.89,8.88,65
2017M07,48.7,87.5,2.96,5,8.86,65.8
2017M08,51.4,98.6,2.88,5.48,8.92,67
2017M09,55.2,97.8,2.96,5.96,8.64,70.2
2017M10,57.6,97.1,2.86,6.18,8.31,69.8
2017M11,62.6,96.6,2.99,6.69,8.45,73.9
2017M12,64.2,100.8,2.76,7.14,8.65,73.3
2018M01,69,106.5,3.86,6.66,9.34,84.8
2018M02,65.4,106,2.67,6.72,9.83,71
2018M03,66.5,96.7,2.7,6.7,10.11,71.5
2018M04,71.6,93.7,2.78,6.93,10.09,73.5
2018M05,76.7,105.3,2.8,7.49,10.25,76.5
2018M06,75.2,114.3,2.95,7.45,10.44,78.3
2018M07,74.4,119.6,2.83,7.6,10.44,77.5
2018M08,73.1,117.3,2.96,8.08,10.88,81.7
2018M09,78.9,114.2,2.98,9.52,11.3,89.2
2018M10,80.5,108.7,3.28,8.79,11.66,89.6
2018M11,65.2,100.7,4.13,8.27,11.7,97.4
2018M12,56.5,101.4,3.98,7.98,12,94.4
2019M01,59.3,98.6,3.08,7.26,12.01,80.1
2019M02,64.1,95.4,2.72,6.01,11.81,69.5
2019M03,66.4,93.1,2.94,5.18,11.29,67.9
2019M04,71.2,86.8,2.65,4.92,10.27,62.5
2019M05,70.5,82.3,2.63,4.34,10.15,59.4
2019M06,63.3,72.5,2.4,3.59,10.04,53
2019M07,64,72.1,2.36,3.62,10.13,52.7
2019M08,59.3,65.6,2.22,3.68,10.86,51.8
2019M09,62.3,66,2.58,4.21,10.14,58.2
2019M10,59.4,69.2,2.33,5.06,9.98,59.1
2019M11,62.7,67,2.65,5.15,10.04,63.5
2019M12,65.9,66.2,2.24,4.62,10.06,56
2020M01,63.6,69.7,2.03,3.63,9.89,48.6
2020M02,55,67.6,1.92,2.91,9.89,43.8
2020M03,33,66.7,1.79,2.72,10.21,41.6
2020M04,23.3,58.6,1.74,2.12,10.01,38
2020M05,31,52.5,1.75,1.58,10.08,35.6
2020M06,39.9,52.2,1.61,1.75,8.97,34
2020M07,42.8,51.6,1.74,1.8,7.79,34.9
2020M08,44.3,50.1,2.3,2.86,6.34,45.9
2020M09,41.1,54.6,1.92,3.95,5.88,46.1
2020M10,40.5,58.4,2.25,4.89,6.18,54.7
2020M11,43.2,64.4,2.59,4.84,6.86,59.1
2020M12,49.9,83,2.54,5.86,7.66,63.9
2021M01,54.6,86.8,2.67,7.27,9,73
2021M02,62,86.7,5.07,6.16,9.88,97.5
2021M03,65.2,94.9,2.56,6.13,7.9,65.6
2021M04,64.8,92.2,2.61,7.15,8.28,71.3
2021M05,68,107,2.89,8.91,8.92,83.5
2021M06,73.1,130,3.23,10.3,9.62,94.7
2021M07,74.4,152,3.8,12.51,10.36,112.7
2021M08,70,169.6,4.05,15.43,10.8,129.8
2021M09,74.6,185.7,5.11,22.84,11.44,178.4
2021M10,83.7,224.5,5.48,31.05,12.38,222.5
2021M11,80.8,157.5,5.02,27.62,15.25,202.6
2021M12,74.3,169.7,3.73,38.03,15.32,236.5
2022M01,85.5,197,4.33,28.26,14.69,196.9
2022M02,95.8,219.8,4.66,27.23,17,197.5
2022M03,115.6,314,4.88,42.39,15.11,271.1
2022M04,105.8,310.9,6.53,32.2,16.29,243.4
2022M05,112.4,371.9,8.14,29.17,16.68,248.8
2022M06,120.1,374.1,7.67,33.56,15.53,263.2
2022M07,108.9,402.2,7.26,51.33,18.88,344.9
2022M08,98.6,407,8.79,70.04,21.21,454
2022M09,90.2,430.8,7.76,59.1,23.73,391.3
2022M10,93.1,389.8,5.62,39.02,21.84,268.5
2022M11,91.1,342.2,5.28,35.72,19.59,247.2
2022M12,80.9,379.2,5.5,36.04,20.58,252.1
2023M01,83.1,318,3.27,20.18,20.19,149.4
2023M02,82.7,207.5,2.38,16.54,18.42,120
2023M03,78.5,187.2,2.3,13.81,16.03,104.5
2023M04,84.1,194.3,2.16,13.52,14.37,100.3
2023M05,75.7,160.5,2.15,10.11,13.43,83.2
2023M06,74.9,139.4,2.18,10.35,12.68,84.3
2023M07,80.1,140.6,2.55,9.55,12.99,85.2
2023M08,86.2,152.6,2.58,11.19,12.54,93.1
2023M09,94,162.5,2.64,11.55,12.21,95.2
2023M10,91.1,142.1,2.99,14.57,12.62,114.1
2023M11,83.2,126.8,2.71,14.49,12.72,110.4
2023M12,77.9,141.8,2.53,11.51,14.44,95.2
2024M01,80.2,124.9,3.18,9.56,14.34,93.8
2024M02,83.8,124.2,1.72,8.15,13.64,68.9
2024M03,85.4,131.5,1.5,8.55,13.19,67.8
2024M04,90.1,135,1.6,9.09,11.88,70.6
2024M05,82,142,2.13,10.12,12.16,82.2
2024M06,82.6,135.1,2.51,10.87,12.13,90.4
2024M07,85.3,137.6,2.08,10.35,12.49,82.8
2024M08,80.9,145.8,1.99,12.37,13.32,92
2024M09,74.3,139.2,2.25,11.78,12.97,92.1
2024M10,75.7,146.6,2.21,12.92,12.54,96.7
2024M11,74.4,142.1,2.1,13.93,12.82,100.4
2024M12,73.8,129.8,3.02,13.86,12.64,111.1
2025M01,79.2,118.6,4.1,14.66,13.19,128.4
2025M02,75.2,106.9,4.22,15.34,12.78,132.9
2025M03,72.6,104,4.13,13.24,12.55,121.5
2025M04,67.7,98.6,3.4,11.59,12.68,105
2025M05,64.2,104.4,3.12,11.66,12.32,101.6
2025M06,71.5,109,3.02,12.37,12.17,103.7
2025M07,71,112.9,3.19,11.62,11.91,102.1
2025M08,68.2,112.2,2.91,11.15,11.79,96.3
2025M09,68,106.3,2.97,11.12,11.47,96.7
2025M10,64.7,107.5,3.2,10.89,11.1,98.1
2025M11,63.6,112.6,3.79,10.42,11.15,103.1
2025M12,62.7,107.7,4.25,9.48,11.32,104.4
2026M01,66.8,109.8,7.58,11.76,11.49,155.8
2026M02,71.1,118.4,3.61,11.24,11.32,105
2026M03,103.7,138.6,3.06,17.91,11.42,130
2026M04,120.4,130.9,2.77,15.41,15.65,117.4
2026M05,107.5,136.9,2.93,16.17,12.88,121.2
2026M06,85.4,138.5,3.15,15.17,11.79,118.3
2026M07,83.4,131.9,2.89,18.06,13.85,130.3
2026M08,90.9,135.2,2.77,21.11,15.27,144.3
2026M09,116.8,147.1,2.95,25.42,14.25,166.4
