item,month,sum,n,unit
Aggregate LNG Importations - Daily Flow,2025-01,2158.64018,31,
Aggregate LNG Importations - Daily Flow,2025-02,2327.5894,28,
Aggregate LNG Importations - Daily Flow,2025-03,1702.00845,31,
Aggregate LNG Importations - Daily Flow,2025-04,475.46876,30,
Aggregate LNG Importations - Daily Flow,2025-05,324.19122,31,
Aggregate LNG Importations - Daily Flow,2025-06,261.08825,30,
Aggregate LNG Importations - Daily Flow,2025-07,213.92074,31,
Aggregate LNG Importations - Daily Flow,2025-08,168.51668,31,
Aggregate LNG Importations - Daily Flow,2025-09,191.9906,30,
Aggregate LNG Importations - Daily Flow,2025-10,732.06017,31,
Aggregate LNG Importations - Daily Flow,2025-11,1703.31564,30,
Aggregate LNG Importations - Daily Flow,2025-12,1707.77916,31,
Aggregate LNG Importations - Daily Flow,2026-01,2848.62432,31,
Aggregate LNG Importations - Daily Flow,2026-02,2599.86645,28,
Aggregate LNG Importations - Daily Flow,2026-03,1646.60052,31,
Aggregate LNG Importations - Daily Flow,2026-04,305.73244,30,
Aggregate LNG Importations - Daily Flow,2026-05,280.52716,31,
Aggregate LNG Importations - Daily Flow,2026-06,206.11243,30,
Aggregate LNG Importations - Daily Flow,2026-07,195.7429,31,
Aggregate LNG Importations - Daily Flow,2026-08,160.88359,31,
Aggregate LNG Importations - Daily Flow,2026-09,176.17836,30,
"Allocations, Energy, Aggregate Entry Points, D+2",2025-01,106389373261.0,31,
"Allocations, Energy, Aggregate Entry Points, D+2",2025-02,88335111131.0,28,
"Allocations, Energy, Aggregate Entry Points, D+2",2025-03,79719319037.0,31,
"Allocations, Energy, Aggregate Entry Points, D+2",2025-04,60688497836.0,30,
"Allocations, Energy, Aggregate Entry Points, D+2",2025-05,52323484546.0,31,
"Allocations, Energy, Aggregate Entry Points, D+2",2025-06,46691819751.0,30,
"Allocations, Energy, Aggregate Entry Points, D+2",2025-07,54093180589.0,31,
"Allocations, Energy, Aggregate Entry Points, D+2",2025-08,47377938589.0,30,
"Allocations, Energy, Aggregate Entry Points, D+2",2025-09,51047254310.0,30,
"Allocations, Energy, Aggregate Entry Points, D+2",2025-10,63138718829.0,31,
"Allocations, Energy, Aggregate Entry Points, D+2",2025-11,80838959113.0,30,
"Allocations, Energy, Aggregate Entry Points, D+2",2025-12,84732672453.0,31,
"Allocations, Energy, Aggregate Entry Points, D+2",2026-01,102776420468.0,31,
"Allocations, Energy, Aggregate Entry Points, D+2",2026-02,83887269143.0,28,
"Allocations, Energy, Aggregate Entry Points, D+2",2026-03,76848172604.0,31,
"Allocations, Energy, Aggregate Entry Points, D+2",2026-04,57072689958.0,30,
"Allocations, Energy, Aggregate Entry Points, D+2",2026-05,50124795703.0,31,
"Allocations, Energy, Aggregate Entry Points, D+2",2026-06,52138379203.0,30,
"Allocations, Energy, Aggregate Entry Points, D+2",2026-07,54090785062.0,31,
"Allocations, Energy, Aggregate Entry Points, D+2",2026-08,50819601048.0,31,
"Allocations, Energy, Aggregate Entry Points, D+2",2026-09,41436100838.0,30,
"Allocations, Energy, Aggregate Entry Points, M+30",2025-01,87332094291.0,1,
"Allocations, Energy, Aggregate Entry Points, M+30",2025-02,106331273779.0,1,
"Allocations, Energy, Aggregate Entry Points, M+30",2025-03,88631813867.0,1,
"Allocations, Energy, Aggregate Entry Points, M+30",2025-04,80142710100.0,1,
"Allocations, Energy, Aggregate Entry Points, M+30",2025-05,60188381506.0,1,
"Allocations, Energy, Aggregate Entry Points, M+30",2025-06,52524198957.0,1,
"Allocations, Energy, Aggregate Entry Points, M+30",2025-07,46932024461.0,1,
"Allocations, Energy, Aggregate Entry Points, M+30",2025-08,55207411485.0,1,
"Allocations, Energy, Aggregate Entry Points, M+30",2025-09,48876235964.0,1,
"Allocations, Energy, Aggregate Entry Points, M+30",2025-10,51119152950.0,1,
"Allocations, Energy, Aggregate Entry Points, M+30",2025-11,65002179454.0,1,
"Allocations, Energy, Aggregate Entry Points, M+30",2025-12,80727053957.0,1,
"Allocations, Energy, Aggregate Entry Points, M+30",2026-01,84787001242.0,1,
"Allocations, Energy, Aggregate Entry Points, M+30",2026-02,102624592842.0,1,
"Allocations, Energy, Aggregate Entry Points, M+30",2026-03,83931800661.0,1,
"Allocations, Energy, Aggregate Entry Points, M+30",2026-04,76759456231.0,1,
"Allocations, Energy, Aggregate Entry Points, M+30",2026-05,57211292527.0,1,
"Allocations, Energy, Aggregate Entry Points, M+30",2026-06,50242443959.0,1,
"Allocations, Energy, Aggregate Entry Points, M+30",2026-07,52074580355.0,1,
"Allocations, Energy, Aggregate Entry Points, M+30",2026-08,53979250339.0,1,
"Allocations, Energy, Aggregate Exit Points, D+2",2025-01,102357182574.0,31,
"Allocations, Energy, Aggregate Exit Points, D+2",2025-02,85952007833.0,28,
"Allocations, Energy, Aggregate Exit Points, D+2",2025-03,79868483252.0,31,
"Allocations, Energy, Aggregate Exit Points, D+2",2025-04,61013332978.0,30,
"Allocations, Energy, Aggregate Exit Points, D+2",2025-05,52620172275.0,31,
"Allocations, Energy, Aggregate Exit Points, D+2",2025-06,45588031552.0,30,
"Allocations, Energy, Aggregate Exit Points, D+2",2025-07,54073453039.0,31,
"Allocations, Energy, Aggregate Exit Points, D+2",2025-08,46176211695.0,30,
"Allocations, Energy, Aggregate Exit Points, D+2",2025-09,49332617516.0,30,
"Allocations, Energy, Aggregate Exit Points, D+2",2025-10,63789307658.0,31,
"Allocations, Energy, Aggregate Exit Points, D+2",2025-11,78828981039.0,30,
"Allocations, Energy, Aggregate Exit Points, D+2",2025-12,82072178938.0,31,
"Allocations, Energy, Aggregate Exit Points, D+2",2026-01,98063320794.0,31,
"Allocations, Energy, Aggregate Exit Points, D+2",2026-02,81372369642.0,28,
"Allocations, Energy, Aggregate Exit Points, D+2",2026-03,76302815167.0,31,
"Allocations, Energy, Aggregate Exit Points, D+2",2026-04,56915333887.0,30,
"Allocations, Energy, Aggregate Exit Points, D+2",2026-05,49417053922.0,31,
"Allocations, Energy, Aggregate Exit Points, D+2",2026-06,50971093542.0,30,
"Allocations, Energy, Aggregate Exit Points, D+2",2026-07,53407303733.0,31,
"Allocations, Energy, Aggregate Exit Points, D+2",2026-08,50360646799.0,31,
"Allocations, Energy, Aggregate Exit Points, D+2",2026-09,40664689701.0,30,
"Allocations, Energy, Aggregate Exit Points, M+30",2025-01,85853858452.0,1,
"Allocations, Energy, Aggregate Exit Points, M+30",2025-02,102593791260.0,1,
"Allocations, Energy, Aggregate Exit Points, M+30",2025-03,86104204639.0,1,
"Allocations, Energy, Aggregate Exit Points, M+30",2025-04,79893392652.0,1,
"Allocations, Energy, Aggregate Exit Points, M+30",2025-06,52742480276.0,1,
"Allocations, Energy, Aggregate Exit Points, M+30",2025-07,45760359268.0,1,
"Allocations, Energy, Aggregate Exit Points, M+30",2025-08,54201111106.0,1,
"Allocations, Energy, Aggregate Exit Points, M+30",2025-09,47803991245.0,1,
"Allocations, Energy, Aggregate Exit Points, M+30",2025-10,49571091558.0,1,
"Allocations, Energy, Aggregate Exit Points, M+30",2025-11,64090816473.0,1,
"Allocations, Energy, Aggregate Exit Points, M+30",2025-12,78805344971.0,1,
"Allocations, Energy, Aggregate Exit Points, M+30",2026-01,82156161326.0,1,
"Allocations, Energy, Aggregate Exit Points, M+30",2026-02,98473842871.0,1,
"Allocations, Energy, Aggregate Exit Points, M+30",2026-03,81497168556.0,1,
"Allocations, Energy, Aggregate Exit Points, M+30",2026-04,76250177921.0,1,
"Allocations, Energy, Aggregate Exit Points, M+30",2026-05,57000361062.0,1,
"Allocations, Energy, Aggregate Exit Points, M+30",2026-06,49596977961.0,1,
"Allocations, Energy, Aggregate Exit Points, M+30",2026-07,51422868851.0,1,
"Allocations, Energy, Aggregate Exit Points, M+30",2026-08,53746136235.0,1,
"Allocations, Energy, DMC (LDZ) Total, D+2",2025-01,7411297668.0,31,
"Allocations, Energy, DMC (LDZ) Total, D+2",2025-02,6579067995.0,28,
"Allocations, Energy, DMC (LDZ) Total, D+2",2025-03,6886012803.0,31,
"Allocations, Energy, DMC (LDZ) Total, D+2",2025-04,5914968677.0,30,
"Allocations, Energy, DMC (LDZ) Total, D+2",2025-05,5792190453.0,31,
"Allocations, Energy, DMC (LDZ) Total, D+2",2025-06,5339994318.0,30,
"Allocations, Energy, DMC (LDZ) Total, D+2",2025-07,5582419041.0,31,
"Allocations, Energy, DMC (LDZ) Total, D+2",2025-08,5529643153.0,30,
"Allocations, Energy, DMC (LDZ) Total, D+2",2025-09,5517069190.0,30,
"Allocations, Energy, DMC (LDZ) Total, D+2",2025-10,6404465060.0,31,
"Allocations, Energy, DMC (LDZ) Total, D+2",2025-11,6406468607.0,30,
"Allocations, Energy, DMC (LDZ) Total, D+2",2025-12,6177922250.0,31,
"Allocations, Energy, DMC (LDZ) Total, D+2",2026-01,7060624882.0,31,
"Allocations, Energy, DMC (LDZ) Total, D+2",2026-02,6331883538.0,28,
"Allocations, Energy, DMC (LDZ) Total, D+2",2026-03,6446135772.0,31,
"Allocations, Energy, DMC (LDZ) Total, D+2",2026-04,5744800612.0,30,
"Allocations, Energy, DMC (LDZ) Total, D+2",2026-05,5892395945.0,31,
"Allocations, Energy, DMC (LDZ) Total, D+2",2026-06,5364329470.0,30,
"Allocations, Energy, DMC (LDZ) Total, D+2",2026-07,4843720590.0,31,
"Allocations, Energy, DMC (LDZ) Total, D+2",2026-08,4922008131.0,31,
"Allocations, Energy, DMC (LDZ) Total, D+2",2026-09,4978661714.0,30,
"Allocations, Energy, Interconnector Entry Total, D+2",2025-01,4076783486.0,31,
"Allocations, Energy, Interconnector Entry Total, D+2",2025-02,1899044707.0,28,
"Allocations, Energy, Interconnector Entry Total, D+2",2025-03,371108580.0,31,
"Allocations, Energy, Interconnector Entry Total, D+2",2025-04,74534916.0,30,
"Allocations, Energy, Interconnector Entry Total, D+2",2025-05,177319677.0,31,
"Allocations, Energy, Interconnector Entry Total, D+2",2025-06,144091383.0,30,
"Allocations, Energy, Interconnector Entry Total, D+2",2025-07,43526752.0,31,
"Allocations, Energy, Interconnector Entry Total, D+2",2025-08,56154606.0,30,
"Allocations, Energy, Interconnector Entry Total, D+2",2025-09,95527933.0,30,
"Allocations, Energy, Interconnector Entry Total, D+2",2025-10,74966272.0,31,
"Allocations, Energy, Interconnector Entry Total, D+2",2025-11,120384384.0,30,
"Allocations, Energy, Interconnector Entry Total, D+2",2025-12,215036605.0,31,
"Allocations, Energy, Interconnector Entry Total, D+2",2026-01,1013702063.0,31,
"Allocations, Energy, Interconnector Entry Total, D+2",2026-02,223008659.0,28,
"Allocations, Energy, Interconnector Entry Total, D+2",2026-03,222500362.0,31,
"Allocations, Energy, Interconnector Entry Total, D+2",2026-04,38010810.0,30,
"Allocations, Energy, Interconnector Entry Total, D+2",2026-05,58266827.0,31,
"Allocations, Energy, Interconnector Entry Total, D+2",2026-06,143152387.0,30,
"Allocations, Energy, Interconnector Entry Total, D+2",2026-07,54291268.0,31,
"Allocations, Energy, Interconnector Entry Total, D+2",2026-08,98156695.0,31,
"Allocations, Energy, Interconnector Entry Total, D+2",2026-09,142174500.0,30,
"Allocations, Energy, Interconnector Exit Total, D+2",2025-01,7442735620.0,31,
"Allocations, Energy, Interconnector Exit Total, D+2",2025-02,5935323687.0,28,
"Allocations, Energy, Interconnector Exit Total, D+2",2025-03,7060860497.0,31,
"Allocations, Energy, Interconnector Exit Total, D+2",2025-04,13041887057.0,30,
"Allocations, Energy, Interconnector Exit Total, D+2",2025-05,16368585182.0,31,
"Allocations, Energy, Interconnector Exit Total, D+2",2025-06,17853858261.0,30,
"Allocations, Energy, Interconnector Exit Total, D+2",2025-07,21934311688.0,31,
"Allocations, Energy, Interconnector Exit Total, D+2",2025-08,14995289295.0,30,
"Allocations, Energy, Interconnector Exit Total, D+2",2025-09,15867965246.0,30,
"Allocations, Energy, Interconnector Exit Total, D+2",2025-10,7464860473.0,31,
"Allocations, Energy, Interconnector Exit Total, D+2",2025-11,10597158164.0,30,
"Allocations, Energy, Interconnector Exit Total, D+2",2025-12,7712382815.0,31,
"Allocations, Energy, Interconnector Exit Total, D+2",2026-01,7965204669.0,31,
"Allocations, Energy, Interconnector Exit Total, D+2",2026-02,9807252975.0,28,
"Allocations, Energy, Interconnector Exit Total, D+2",2026-03,9282502896.0,31,
"Allocations, Energy, Interconnector Exit Total, D+2",2026-04,12160733998.0,30,
"Allocations, Energy, Interconnector Exit Total, D+2",2026-05,12174096268.0,31,
"Allocations, Energy, Interconnector Exit Total, D+2",2026-06,19134350862.0,30,
"Allocations, Energy, Interconnector Exit Total, D+2",2026-07,21695978101.0,31,
"Allocations, Energy, Interconnector Exit Total, D+2",2026-08,20719639344.0,31,
"Allocations, Energy, Interconnector Exit Total, D+2",2026-09,10529275915.0,30,
"Allocations, Energy, LNG Importation Total, D+2",2025-01,23258543399.0,31,
"Allocations, Energy, LNG Importation Total, D+2",2025-02,25142877483.0,28,
"Allocations, Energy, LNG Importation Total, D+2",2025-03,18211556213.0,31,
"Allocations, Energy, LNG Importation Total, D+2",2025-04,5785413489.0,30,
"Allocations, Energy, LNG Importation Total, D+2",2025-05,3513203198.0,31,
"Allocations, Energy, LNG Importation Total, D+2",2025-06,2837712677.0,30,
"Allocations, Energy, LNG Importation Total, D+2",2025-07,2320461230.0,31,
"Allocations, Energy, LNG Importation Total, D+2",2025-08,1772764986.0,30,
"Allocations, Energy, LNG Importation Total, D+2",2025-09,2088658150.0,30,
"Allocations, Energy, LNG Importation Total, D+2",2025-10,7735184258.0,30,
"Allocations, Energy, LNG Importation Total, D+2",2025-11,18390758828.0,30,
"Allocations, Energy, LNG Importation Total, D+2",2025-12,18412471724.0,31,
"Allocations, Energy, LNG Importation Total, D+2",2026-01,30599025228.0,31,
"Allocations, Energy, LNG Importation Total, D+2",2026-02,28041842241.0,28,
"Allocations, Energy, LNG Importation Total, D+2",2026-03,17777533584.0,31,
"Allocations, Energy, LNG Importation Total, D+2",2026-04,3291221211.0,30,
"Allocations, Energy, LNG Importation Total, D+2",2026-05,3039821330.0,31,
"Allocations, Energy, LNG Importation Total, D+2",2026-06,2240553144.0,30,
"Allocations, Energy, LNG Importation Total, D+2",2026-07,2124568364.0,31,
"Allocations, Energy, LNG Importation Total, D+2",2026-08,1750739726.0,31,
"Allocations, Energy, LNG Importation Total, D+2",2026-09,1916457461.0,30,
"Allocations, Energy, NDM Exit Total, D+2",2025-01,62573547264.0,31,
"Allocations, Energy, NDM Exit Total, D+2",2025-02,51336190953.0,28,
"Allocations, Energy, NDM Exit Total, D+2",2025-03,42712354182.0,31,
"Allocations, Energy, NDM Exit Total, D+2",2025-04,26509593501.0,30,
"Allocations, Energy, NDM Exit Total, D+2",2025-05,16948760676.0,31,
"Allocations, Energy, NDM Exit Total, D+2",2025-06,11405674846.0,30,
"Allocations, Energy, NDM Exit Total, D+2",2025-07,9826877857.0,31,
"Allocations, Energy, NDM Exit Total, D+2",2025-08,9682774847.0,30,
"Allocations, Energy, NDM Exit Total, D+2",2025-09,15375523152.0,30,
"Allocations, Energy, NDM Exit Total, D+2",2025-10,28660222645.0,31,
"Allocations, Energy, NDM Exit Total, D+2",2025-11,42147664621.0,30,
"Allocations, Energy, NDM Exit Total, D+2",2025-12,50234078727.0,31,
"Allocations, Energy, NDM Exit Total, D+2",2026-01,60837662890.0,31,
"Allocations, Energy, NDM Exit Total, D+2",2026-02,46542352386.0,28,
"Allocations, Energy, NDM Exit Total, D+2",2026-03,42196560060.0,31,
"Allocations, Energy, NDM Exit Total, D+2",2026-04,27762615448.0,30,
"Allocations, Energy, NDM Exit Total, D+2",2026-05,19252408011.0,31,
"Allocations, Energy, NDM Exit Total, D+2",2026-06,12160426080.0,30,
"Allocations, Energy, NDM Exit Total, D+2",2026-07,9929393107.0,31,
"Allocations, Energy, NDM Exit Total, D+2",2026-08,10007750478.0,31,
"Allocations, Energy, NDM Exit Total, D+2",2026-09,12055976377.0,30,
"Allocations, Energy, NTS Industrial Total, D+2",2025-01,1947692063.0,31,
"Allocations, Energy, NTS Industrial Total, D+2",2025-02,1215174702.0,28,
"Allocations, Energy, NTS Industrial Total, D+2",2025-03,1003352585.0,31,
"Allocations, Energy, NTS Industrial Total, D+2",2025-04,864478701.0,30,
"Allocations, Energy, NTS Industrial Total, D+2",2025-05,894141363.0,31,
"Allocations, Energy, NTS Industrial Total, D+2",2025-06,788784156.0,30,
"Allocations, Energy, NTS Industrial Total, D+2",2025-07,890625319.0,31,
"Allocations, Energy, NTS Industrial Total, D+2",2025-08,926620477.0,30,
"Allocations, Energy, NTS Industrial Total, D+2",2025-09,817388469.0,30,
"Allocations, Energy, NTS Industrial Total, D+2",2025-10,950914427.0,31,
"Allocations, Energy, NTS Industrial Total, D+2",2025-11,942881836.0,30,
"Allocations, Energy, NTS Industrial Total, D+2",2025-12,858409629.0,31,
"Allocations, Energy, NTS Industrial Total, D+2",2026-01,1154436803.0,31,
"Allocations, Energy, NTS Industrial Total, D+2",2026-02,952134751.0,28,
"Allocations, Energy, NTS Industrial Total, D+2",2026-03,816130521.0,31,
"Allocations, Energy, NTS Industrial Total, D+2",2026-04,791620103.0,30,
"Allocations, Energy, NTS Industrial Total, D+2",2026-05,904275010.0,31,
"Allocations, Energy, NTS Industrial Total, D+2",2026-06,770368171.0,30,
"Allocations, Energy, NTS Industrial Total, D+2",2026-07,755131515.0,31,
"Allocations, Energy, NTS Industrial Total, D+2",2026-08,721506299.0,31,
"Allocations, Energy, NTS Industrial Total, D+2",2026-09,665160973.0,30,
"Allocations, Energy, NTS Powerstations Total D+2",2025-01,20139768088.0,31,
"Allocations, Energy, NTS Powerstations Total D+2",2025-02,15385095396.0,28,
"Allocations, Energy, NTS Powerstations Total D+2",2025-03,14653207990.0,31,
"Allocations, Energy, NTS Powerstations Total D+2",2025-04,10834401539.0,30,
"Allocations, Energy, NTS Powerstations Total D+2",2025-05,8313432813.0,31,
"Allocations, Energy, NTS Powerstations Total D+2",2025-06,7444318636.0,30,
"Allocations, Energy, NTS Powerstations Total D+2",2025-07,10268800767.0,31,
"Allocations, Energy, NTS Powerstations Total D+2",2025-08,9025057614.0,30,
"Allocations, Energy, NTS Powerstations Total D+2",2025-09,8982371291.0,30,
"Allocations, Energy, NTS Powerstations Total D+2",2025-10,13267534390.0,31,
"Allocations, Energy, NTS Powerstations Total D+2",2025-11,13494439861.0,30,
"Allocations, Energy, NTS Powerstations Total D+2",2025-12,12771144228.0,31,
"Allocations, Energy, NTS Powerstations Total D+2",2026-01,16661061020.0,31,
"Allocations, Energy, NTS Powerstations Total D+2",2026-02,13924378955.0,28,
"Allocations, Energy, NTS Powerstations Total D+2",2026-03,11109578034.0,31,
"Allocations, Energy, NTS Powerstations Total D+2",2026-04,6995021233.0,30,
"Allocations, Energy, NTS Powerstations Total D+2",2026-05,9368934905.0,31,
"Allocations, Energy, NTS Powerstations Total D+2",2026-06,10703927638.0,30,
"Allocations, Energy, NTS Powerstations Total D+2",2026-07,9527951094.0,31,
"Allocations, Energy, NTS Powerstations Total D+2",2026-08,9336579596.0,31,
"Allocations, Energy, NTS Powerstations Total D+2",2026-09,8579182201.0,30,
"Allocations, Energy, Shrinkage (LDZ) Total, D+2",2025-01,178330631.0,31,
"Allocations, Energy, Shrinkage (LDZ) Total, D+2",2025-02,161072828.0,28,
"Allocations, Energy, Shrinkage (LDZ) Total, D+2",2025-03,178330631.0,31,
"Allocations, Energy, Shrinkage (LDZ) Total, D+2",2025-04,166491570.0,30,
"Allocations, Energy, Shrinkage (LDZ) Total, D+2",2025-05,172041289.0,31,
"Allocations, Energy, Shrinkage (LDZ) Total, D+2",2025-06,166491570.0,30,
"Allocations, Energy, Shrinkage (LDZ) Total, D+2",2025-07,172041289.0,31,
"Allocations, Energy, Shrinkage (LDZ) Total, D+2",2025-08,166491570.0,30,
"Allocations, Energy, Shrinkage (LDZ) Total, D+2",2025-09,166491570.0,30,
"Allocations, Energy, Shrinkage (LDZ) Total, D+2",2025-10,172041289.0,31,
"Allocations, Energy, Shrinkage (LDZ) Total, D+2",2025-11,166491570.0,30,
"Allocations, Energy, Shrinkage (LDZ) Total, D+2",2025-12,172041289.0,31,
"Allocations, Energy, Shrinkage (LDZ) Total, D+2",2026-01,172041289.0,31,
"Allocations, Energy, Shrinkage (LDZ) Total, D+2",2026-02,155392132.0,28,
"Allocations, Energy, Shrinkage (LDZ) Total, D+2",2026-03,172041289.0,31,
"Allocations, Energy, Shrinkage (LDZ) Total, D+2",2026-04,157476810.0,30,
"Allocations, Energy, Shrinkage (LDZ) Total, D+2",2026-05,162726037.0,31,
"Allocations, Energy, Shrinkage (LDZ) Total, D+2",2026-06,157476810.0,30,
"Allocations, Energy, Shrinkage (LDZ) Total, D+2",2026-07,162726037.0,31,
"Allocations, Energy, Shrinkage (LDZ) Total, D+2",2026-08,162726037.0,31,
"Allocations, Energy, Shrinkage (LDZ) Total, D+2",2026-09,157476810.0,30,
"Allocations, Energy, Storage Entry Total, D+2",2025-01,13734274902.0,31,
"Allocations, Energy, Storage Entry Total, D+2",2025-02,6618725430.0,28,
"Allocations, Energy, Storage Entry Total, D+2",2025-03,4382207969.0,31,
"Allocations, Energy, Storage Entry Total, D+2",2025-04,5788913196.0,30,
"Allocations, Energy, Storage Entry Total, D+2",2025-05,3966119543.0,31,
"Allocations, Energy, Storage Entry Total, D+2",2025-06,4864600717.0,30,
"Allocations, Energy, Storage Entry Total, D+2",2025-07,3126555153.0,31,
"Allocations, Energy, Storage Entry Total, D+2",2025-08,3222184517.0,30,
"Allocations, Energy, Storage Entry Total, D+2",2025-09,4180913653.0,30,
"Allocations, Energy, Storage Entry Total, D+2",2025-10,2864582376.0,30,
"Allocations, Energy, Storage Entry Total, D+2",2025-11,4987626875.0,30,
"Allocations, Energy, Storage Entry Total, D+2",2025-12,4093926017.0,31,
"Allocations, Energy, Storage Entry Total, D+2",2026-01,8741725487.0,31,
"Allocations, Energy, Storage Entry Total, D+2",2026-02,6087532165.0,28,
"Allocations, Energy, Storage Entry Total, D+2",2026-03,2351396178.0,31,
"Allocations, Energy, Storage Entry Total, D+2",2026-04,5560338548.0,30,
"Allocations, Energy, Storage Entry Total, D+2",2026-05,5587913143.0,31,
"Allocations, Energy, Storage Entry Total, D+2",2026-06,3051609600.0,30,
"Allocations, Energy, Storage Entry Total, D+2",2026-07,1069629400.0,31,
"Allocations, Energy, Storage Entry Total, D+2",2026-08,2585124145.0,31,
"Allocations, Energy, Storage Entry Total, D+2",2026-09,4421518718.0,30,
"Allocations, Energy, Storage Exit Total, D+2",2025-01,2498688886.0,31,
"Allocations, Energy, Storage Exit Total, D+2",2025-02,5121588186.0,28,
"Allocations, Energy, Storage Exit Total, D+2",2025-03,7209902761.0,31,
"Allocations, Energy, Storage Exit Total, D+2",2025-04,3622324337.0,30,
"Allocations, Energy, Storage Exit Total, D+2",2025-05,4121662087.0,31,
"Allocations, Energy, Storage Exit Total, D+2",2025-06,2577162972.0,30,
"Allocations, Energy, Storage Exit Total, D+2",2025-07,5203639671.0,31,
"Allocations, Energy, Storage Exit Total, D+2",2025-08,5673481537.0,30,
"Allocations, Energy, Storage Exit Total, D+2",2025-09,2468399030.0,30,
"Allocations, Energy, Storage Exit Total, D+2",2025-10,6578832179.0,30,
"Allocations, Energy, Storage Exit Total, D+2",2025-11,4592693357.0,30,
"Allocations, Energy, Storage Exit Total, D+2",2025-12,3766407106.0,31,
"Allocations, Energy, Storage Exit Total, D+2",2026-01,3972117582.0,31,
"Allocations, Energy, Storage Exit Total, D+2",2026-02,3085253639.0,28,
"Allocations, Energy, Storage Exit Total, D+2",2026-03,5770914764.0,31,
"Allocations, Energy, Storage Exit Total, D+2",2026-04,3061819608.0,30,
"Allocations, Energy, Storage Exit Total, D+2",2026-05,1616797942.0,31,
"Allocations, Energy, Storage Exit Total, D+2",2026-06,2518221234.0,30,
"Allocations, Energy, Storage Exit Total, D+2",2026-07,6340176714.0,31,
"Allocations, Energy, Storage Exit Total, D+2",2026-08,4189469214.0,31,
"Allocations, Energy, Storage Exit Total, D+2",2026-09,3330505826.0,30,
"Allocations, Energy, Subterminals Total, D+2",2025-01,63908583937.0,31,
"Allocations, Energy, Subterminals Total, D+2",2025-02,53371770594.0,28,
"Allocations, Energy, Subterminals Total, D+2",2025-03,55346125832.0,31,
"Allocations, Energy, Subterminals Total, D+2",2025-04,47555779159.0,30,
"Allocations, Energy, Subterminals Total, D+2",2025-05,43155690248.0,31,
"Allocations, Energy, Subterminals Total, D+2",2025-06,37404230144.0,30,
"Allocations, Energy, Subterminals Total, D+2",2025-07,47133954206.0,31,
"Allocations, Energy, Subterminals Total, D+2",2025-08,40909262905.0,30,
"Allocations, Energy, Subterminals Total, D+2",2025-09,43280047171.0,30,
"Allocations, Energy, Subterminals Total, D+2",2025-10,51023047967.0,30,
"Allocations, Energy, Subterminals Total, D+2",2025-11,55907178135.0,30,
"Allocations, Energy, Subterminals Total, D+2",2025-12,60518498435.0,31,
"Allocations, Energy, Subterminals Total, D+2",2026-01,60996017506.0,31,
"Allocations, Energy, Subterminals Total, D+2",2026-02,48200365114.0,28,
"Allocations, Energy, Subterminals Total, D+2",2026-03,55067103187.0,31,
"Allocations, Energy, Subterminals Total, D+2",2026-04,46714886469.0,30,
"Allocations, Energy, Subterminals Total, D+2",2026-05,39964168405.0,31,
"Allocations, Energy, Subterminals Total, D+2",2026-06,45178157554.0,30,
"Allocations, Energy, Subterminals Total, D+2",2026-07,49225753001.0,31,
"Allocations, Energy, Subterminals Total, D+2",2026-08,44770360562.0,31,
"Allocations, Energy, Subterminals Total, D+2",2026-09,33359375715.0,30,
"Allocations, Input, Entry Points",2025-01,78053477077.0,31,
"Allocations, Input, Entry Points",2025-02,69447288683.0,28,
"Allocations, Input, Entry Points",2025-03,62600911243.0,31,
"Allocations, Input, Entry Points",2025-04,44926431874.0,30,
"Allocations, Input, Entry Points",2025-05,39853618175.0,31,
"Allocations, Input, Entry Points",2025-06,35105812140.0,30,
"Allocations, Input, Entry Points",2025-07,44007773133.0,31,
"Allocations, Input, Entry Points",2025-08,38636594376.0,31,
"Allocations, Input, Entry Points",2025-09,38764397242.0,30,
"Allocations, Input, Entry Points",2025-10,50244969206.0,31,
"Allocations, Input, Entry Points",2025-11,63116748579.0,30,
"Allocations, Input, Entry Points",2025-12,67249589959.0,31,
"Allocations, Input, Entry Points",2026-01,75488909291.0,31,
"Allocations, Input, Entry Points",2026-02,62887932261.0,28,
"Allocations, Input, Entry Points",2026-03,59206113224.0,31,
"Allocations, Input, Entry Points",2026-04,42500020106.0,30,
"Allocations, Input, Entry Points",2026-05,35723720724.0,31,
"Allocations, Input, Entry Points",2026-06,39064027650.0,30,
"Allocations, Input, Entry Points",2026-07,42825027774.0,31,
"Allocations, Input, Entry Points",2026-08,38572853306.0,31,
"Allocations, Input, Entry Points",2026-09,24599507235.0,27,
"Allocations, Input, Shrinkage",2025-01,0.0,31,
"Allocations, Input, Shrinkage",2025-02,0.0,28,
"Allocations, Input, Shrinkage",2025-03,0.0,31,
"Allocations, Input, Shrinkage",2025-04,0.0,30,
"Allocations, Input, Shrinkage",2025-05,0.0,31,
"Allocations, Input, Shrinkage",2025-06,10840.0,30,
"Allocations, Input, Shrinkage",2025-07,0.0,31,
"Allocations, Input, Shrinkage",2025-08,0.0,31,
"Allocations, Input, Shrinkage",2025-09,0.0,30,
"Allocations, Input, Shrinkage",2025-10,0.0,31,
"Allocations, Input, Shrinkage",2025-11,0.0,30,
"Allocations, Input, Shrinkage",2025-12,0.0,31,
"Allocations, Input, Shrinkage",2026-01,0.0,31,
"Allocations, Input, Shrinkage",2026-02,0.0,28,
"Allocations, Input, Shrinkage",2026-03,0.0,31,
"Allocations, Input, Shrinkage",2026-04,0.0,30,
"Allocations, Input, Shrinkage",2026-05,0.0,31,
"Allocations, Input, Shrinkage",2026-06,0.0,30,
"Allocations, Input, Shrinkage",2026-07,0.0,31,
"Allocations, Input, Shrinkage",2026-08,0.0,31,
"Allocations, Input, Shrinkage",2026-09,0.0,27,
"Allocations, Input, Storage Withdrawal",2025-01,14580387645.0,31,
"Allocations, Input, Storage Withdrawal",2025-02,7601026474.0,28,
"Allocations, Input, Storage Withdrawal",2025-03,5250172690.0,31,
"Allocations, Input, Storage Withdrawal",2025-04,6770096645.0,30,
"Allocations, Input, Storage Withdrawal",2025-05,4953489908.0,31,
"Allocations, Input, Storage Withdrawal",2025-06,5818863966.0,30,
"Allocations, Input, Storage Withdrawal",2025-07,4101437823.0,31,
"Allocations, Input, Storage Withdrawal",2025-08,4218005063.0,31,
"Allocations, Input, Storage Withdrawal",2025-09,5087680061.0,30,
"Allocations, Input, Storage Withdrawal",2025-10,3812694914.0,31,
"Allocations, Input, Storage Withdrawal",2025-11,5860211872.0,30,
"Allocations, Input, Storage Withdrawal",2025-12,4920421463.0,31,
"Allocations, Input, Storage Withdrawal",2026-01,9504465600.0,31,
"Allocations, Input, Storage Withdrawal",2026-02,6827047467.0,28,
"Allocations, Input, Storage Withdrawal",2026-03,3198828702.0,31,
"Allocations, Input, Storage Withdrawal",2026-04,6490640979.0,30,
"Allocations, Input, Storage Withdrawal",2026-05,6481811665.0,31,
"Allocations, Input, Storage Withdrawal",2026-06,4051408322.0,30,
"Allocations, Input, Storage Withdrawal",2026-07,2151972210.0,31,
"Allocations, Input, Storage Withdrawal",2026-08,3669009717.0,31,
"Allocations, Input, Storage Withdrawal",2026-09,4770382214.0,27,
"Allocations, Input, Total",2025-01,92633864722.0,31,
"Allocations, Input, Total",2025-02,77048315157.0,28,
"Allocations, Input, Total",2025-03,67851083933.0,31,
"Allocations, Input, Total",2025-04,51696528519.0,30,
"Allocations, Input, Total",2025-05,44807108083.0,31,
"Allocations, Input, Total",2025-06,40924686946.0,30,
"Allocations, Input, Total",2025-07,48109210956.0,31,
"Allocations, Input, Total",2025-08,42854599439.0,31,
"Allocations, Input, Total",2025-09,43852077303.0,30,
"Allocations, Input, Total",2025-10,54057664120.0,31,
"Allocations, Input, Total",2025-11,68976960451.0,30,
"Allocations, Input, Total",2025-12,72170011422.0,31,
"Allocations, Input, Total",2026-01,84993374891.0,31,
"Allocations, Input, Total",2026-02,69714979728.0,28,
"Allocations, Input, Total",2026-03,62404941926.0,31,
"Allocations, Input, Total",2026-04,48990661085.0,30,
"Allocations, Input, Total",2026-05,42205532389.0,31,
"Allocations, Input, Total",2026-06,43115435972.0,30,
"Allocations, Input, Total",2026-07,44976999984.0,31,
"Allocations, Input, Total",2026-08,42241863023.0,31,
"Allocations, Input, Total",2026-09,29369889449.0,27,
"Allocations, Output, End Users",2025-01,98416104324.0,31,
"Allocations, Output, End Users",2025-02,79460877284.0,28,
"Allocations, Output, End Users",2025-03,71432806563.0,31,
"Allocations, Output, End Users",2025-04,56546057778.0,30,
"Allocations, Output, End Users",2025-05,47663231107.0,31,
"Allocations, Output, End Users",2025-06,42208115980.0,30,
"Allocations, Output, End Users",2025-07,47497664174.0,31,
"Allocations, Output, End Users",2025-08,40715465445.0,31,
"Allocations, Output, End Users",2025-09,45921582307.0,30,
"Allocations, Output, End Users",2025-10,55842290448.0,31,
"Allocations, Output, End Users",2025-11,72347354789.0,30,
"Allocations, Output, End Users",2025-12,76896360728.0,31,
"Allocations, Output, End Users",2026-01,92856448602.0,31,
"Allocations, Output, End Users",2026-02,76482778153.0,28,
"Allocations, Output, End Users",2026-03,68947689660.0,31,
"Allocations, Output, End Users",2026-04,52880216265.0,30,
"Allocations, Output, End Users",2026-05,46981939376.0,31,
"Allocations, Output, End Users",2026-06,47191916331.0,30,
"Allocations, Output, End Users",2026-07,45346205999.0,31,
"Allocations, Output, End Users",2026-08,44083567761.0,31,
"Allocations, Output, End Users",2026-09,31775729706.0,27,
"Allocations, Output, Shrinkage",2025-01,343785051.0,31,
"Allocations, Output, Shrinkage",2025-02,380556211.0,28,
"Allocations, Output, Shrinkage",2025-03,344262423.0,31,
"Allocations, Output, Shrinkage",2025-04,233671482.0,30,
"Allocations, Output, Shrinkage",2025-05,193466002.0,31,
"Allocations, Output, Shrinkage",2025-06,192050482.0,30,
"Allocations, Output, Shrinkage",2025-07,384207241.0,31,
"Allocations, Output, Shrinkage",2025-08,367240997.0,31,
"Allocations, Output, Shrinkage",2025-09,315868083.0,30,
"Allocations, Output, Shrinkage",2025-10,465983562.0,31,
"Allocations, Output, Shrinkage",2025-11,653654163.0,30,
"Allocations, Output, Shrinkage",2025-12,554319641.0,31,
"Allocations, Output, Shrinkage",2026-01,413538843.0,31,
"Allocations, Output, Shrinkage",2026-02,734306274.0,28,
"Allocations, Output, Shrinkage",2026-03,684429234.0,31,
"Allocations, Output, Shrinkage",2026-04,406141310.0,30,
"Allocations, Output, Shrinkage",2026-05,215559543.0,31,
"Allocations, Output, Shrinkage",2026-06,334646386.0,30,
"Allocations, Output, Shrinkage",2026-07,332884799.0,31,
"Allocations, Output, Shrinkage",2026-08,480278833.0,31,
"Allocations, Output, Shrinkage",2026-09,479200994.0,27,
"Allocations, Output, Storage Injection",2025-01,1912664084.0,31,
"Allocations, Output, Storage Injection",2025-02,3791739668.0,28,
"Allocations, Output, Storage Injection",2025-03,5164302433.0,31,
"Allocations, Output, Storage Injection",2025-04,2753492376.0,30,
"Allocations, Output, Storage Injection",2025-05,3306711564.0,31,
"Allocations, Output, Storage Injection",2025-06,1903796348.0,30,
"Allocations, Output, Storage Injection",2025-07,4423917886.0,31,
"Allocations, Output, Storage Injection",2025-08,4523650674.0,31,
"Allocations, Output, Storage Injection",2025-09,1893708232.0,30,
"Allocations, Output, Storage Injection",2025-10,5730539799.0,31,
"Allocations, Output, Storage Injection",2025-11,3503661314.0,30,
"Allocations, Output, Storage Injection",2025-12,2740096229.0,31,
"Allocations, Output, Storage Injection",2026-01,2924966047.0,31,
"Allocations, Output, Storage Injection",2026-02,2009828376.0,28,
"Allocations, Output, Storage Injection",2026-03,3872502538.0,31,
"Allocations, Output, Storage Injection",2026-04,2213340367.0,30,
"Allocations, Output, Storage Injection",2026-05,1234768817.0,31,
"Allocations, Output, Storage Injection",2026-06,1924422171.0,30,
"Allocations, Output, Storage Injection",2026-07,4695254227.0,31,
"Allocations, Output, Storage Injection",2026-08,3337713197.0,31,
"Allocations, Output, Storage Injection",2026-09,2056608145.0,27,
"Allocations, Output, Total",2025-01,100672553459.0,31,
"Allocations, Output, Total",2025-02,83633173163.0,28,
"Allocations, Output, Total",2025-03,76941371419.0,31,
"Allocations, Output, Total",2025-04,59533221636.0,30,
"Allocations, Output, Total",2025-05,51163408673.0,31,
"Allocations, Output, Total",2025-06,44303962810.0,30,
"Allocations, Output, Total",2025-07,52305789301.0,31,
"Allocations, Output, Total",2025-08,45606357116.0,31,
"Allocations, Output, Total",2025-09,48131158622.0,30,
"Allocations, Output, Total",2025-10,62038813809.0,31,
"Allocations, Output, Total",2025-11,76504670266.0,30,
"Allocations, Output, Total",2025-12,80190776598.0,31,
"Allocations, Output, Total",2026-01,96194953492.0,31,
"Allocations, Output, Total",2026-02,79226912803.0,28,
"Allocations, Output, Total",2026-03,73504621432.0,31,
"Allocations, Output, Total",2026-04,55499697942.0,30,
"Allocations, Output, Total",2026-05,48432267736.0,31,
"Allocations, Output, Total",2026-06,49450984888.0,30,
"Allocations, Output, Total",2026-07,50374345025.0,31,
"Allocations, Output, Total",2026-08,47901559791.0,31,
"Allocations, Output, Total",2026-09,34311538845.0,27,
"Balancing, Change in linepack",2025-01,90503858.0,31,
"Balancing, Change in linepack",2025-02,-143616502.0,28,
"Balancing, Change in linepack",2025-03,47324918.0,31,
"Balancing, Change in linepack",2025-04,-81462968.0,30,
"Balancing, Change in linepack",2025-05,-136499955.0,31,
"Balancing, Change in linepack",2025-06,-119548564.0,30,
"Balancing, Change in linepack",2025-07,24950655.0,31,
"Balancing, Change in linepack",2025-08,36339029.0,31,
"Balancing, Change in linepack",2025-09,-9664523.0,30,
"Balancing, Change in linepack",2025-10,193763576.0,31,
"Balancing, Change in linepack",2025-11,84465967.0,30,
"Balancing, Change in linepack",2025-12,30640003.0,31,
"Balancing, Change in linepack",2026-01,-32379389.0,31,
"Balancing, Change in linepack",2026-02,-5270797.0,28,
"Balancing, Change in linepack",2026-03,-137666197.0,31,
"Balancing, Change in linepack",2026-04,-69085183.0,30,
"Balancing, Change in linepack",2026-05,-36631888.0,31,
"Balancing, Change in linepack",2026-06,80704558.0,30,
"Balancing, Change in linepack",2026-07,-32698010.0,31,
"Balancing, Change in linepack",2026-08,-24527942.0,31,
"Balancing, Change in linepack",2026-09,49488308.0,27,
Beach Including Norway - Daily Flow,2025-01,5803.577,31,
Beach Including Norway - Daily Flow,2025-02,4867.1,28,
Beach Including Norway - Daily Flow,2025-03,5039.574,31,
Beach Including Norway - Daily Flow,2025-04,4308.618,30,
Beach Including Norway - Daily Flow,2025-05,3914.5333,31,
Beach Including Norway - Daily Flow,2025-06,3406.9174,30,
Beach Including Norway - Daily Flow,2025-07,4368.848,31,
Beach Including Norway - Daily Flow,2025-08,3833.60797,31,
Beach Including Norway - Daily Flow,2025-09,3929.49823,30,
Beach Including Norway - Daily Flow,2025-10,4787.6574,31,
Beach Including Norway - Daily Flow,2025-11,5072.00955,30,
Beach Including Norway - Daily Flow,2025-12,5505.02598,31,
Beach Including Norway - Daily Flow,2026-01,5537.7805,31,
Beach Including Norway - Daily Flow,2026-02,4365.11158,28,
Beach Including Norway - Daily Flow,2026-03,4983.92926,31,
Beach Including Norway - Daily Flow,2026-04,4237.81321,30,
Beach Including Norway - Daily Flow,2026-05,3624.7234399999998,31,
Beach Including Norway - Daily Flow,2026-06,4080.61109,30,
Beach Including Norway - Daily Flow,2026-07,4446.43938,31,
Beach Including Norway - Daily Flow,2026-08,4035.2194600000003,31,
Beach Including Norway - Daily Flow,2026-09,1747.70147,30,
Beach and IOG - Daily Flow,2025-01,7854.656,31,
Beach and IOG - Daily Flow,2025-02,7080.9400000000005,28,
Beach and IOG - Daily Flow,2025-03,6592.537,31,
Beach and IOG - Daily Flow,2025-04,4642.88,30,
Beach and IOG - Daily Flow,2025-05,4088.4244,31,
Beach and IOG - Daily Flow,2025-06,3573.9433,30,
Beach and IOG - Daily Flow,2025-07,4460.168,31,
Beach and IOG - Daily Flow,2025-08,3879.61595,31,
Beach and IOG - Daily Flow,2025-09,4022.09343,30,
Beach and IOG - Daily Flow,2025-10,5338.90487,31,
Beach and IOG - Daily Flow,2025-11,6669.60359,30,
Beach and IOG - Daily Flow,2025-12,7058.19054,31,
Beach and IOG - Daily Flow,2026-01,8244.47622,31,
Beach and IOG - Daily Flow,2026-02,6813.69973,28,
Beach and IOG - Daily Flow,2026-03,6475.66238,31,
Beach and IOG - Daily Flow,2026-04,4402.10705,30,
Beach and IOG - Daily Flow,2026-05,3773.3576000000003,31,
Beach and IOG - Daily Flow,2026-06,4178.00732,30,
Beach and IOG - Daily Flow,2026-07,4559.89008,31,
Beach and IOG - Daily Flow,2026-08,4090.97035,31,
Beach and IOG - Daily Flow,2026-09,1814.60405,30,
"Closing Linepack, actual",2025-01,21296.07583618164,30,
"Closing Linepack, actual",2025-02,16478.022521972656,28,
"Closing Linepack, actual",2025-03,11049.426483154297,31,
"Closing Linepack, actual",2025-04,10524.912628173828,30,
"Closing Linepack, actual",2025-05,10483.628814697266,31,
"Closing Linepack, actual",2025-06,9882.271850585938,30,
"Closing Linepack, actual",2025-07,10207.8291015625,31,
"Closing Linepack, actual",2025-08,10277.438934326172,31,
"Closing Linepack, actual",2025-09,9904.451385498047,30,
"Closing Linepack, actual",2025-10,10815.876892089844,31,
"Closing Linepack, actual",2025-11,10705.789978027344,30,
"Closing Linepack, actual",2025-12,11181.464050292969,31,
"Closing Linepack, actual",2026-01,11063.674194335938,31,
"Closing Linepack, actual",2026-02,10067.748748779297,28,
"Closing Linepack, actual",2026-03,10903.792114257812,31,
"Closing Linepack, actual",2026-04,10191.16943359375,30,
"Closing Linepack, actual",2026-05,10319.935089111328,31,
"Closing Linepack, actual",2026-06,10012.173725884148,30,
"Closing Linepack, actual",2026-07,10323.121036056866,31,
"Closing Linepack, actual",2026-08,10292.189309583773,31,
"Closing Linepack, actual",2026-09,9937.509604476345,30,
"Demand Actual, NTS, D+1",2025-01,9518.26642,31,
"Demand Actual, NTS, D+1",2025-02,7904.08962,28,
"Demand Actual, NTS, D+1",2025-03,7113.12352,31,
"Demand Actual, NTS, D+1",2025-04,5256.61709,30,
"Demand Actual, NTS, D+1",2025-05,4584.62156,31,
"Demand Actual, NTS, D+1",2025-06,4040.83958,30,
"Demand Actual, NTS, D+1",2025-07,4808.987,31,
"Demand Actual, NTS, D+1",2025-08,4260.5827,31,
"Demand Actual, NTS, D+1",2025-09,4446.93303,30,
"Demand Actual, NTS, D+1",2025-10,5652.19325,31,
"Demand Actual, NTS, D+1",2025-11,7139.228,30,
"Demand Actual, NTS, D+1",2025-12,7537.963,31,
"Demand Actual, NTS, D+1",2026-01,9137.022,31,
"Demand Actual, NTS, D+1",2026-02,7453.675,28,
"Demand Actual, NTS, D+1",2026-03,6730.846,31,
"Demand Actual, NTS, D+1",2026-04,4976.477,30,
"Demand Actual, NTS, D+1",2026-05,4372.271,31,
"Demand Actual, NTS, D+1",2026-06,4524.374,30,
"Demand Actual, NTS, D+1",2026-07,4711.955,31,
"Demand Actual, NTS, D+1",2026-08,4359.476,31,
"Demand Actual, NTS, D+1",2026-09,3485.7785,30,
"Demand Actual, NTS, D+6",2025-01,9525.216,31,
"Demand Actual, NTS, D+6",2025-02,7913.108,28,
"Demand Actual, NTS, D+6",2025-03,7112.704,31,
"Demand Actual, NTS, D+6",2025-04,5255.6630000000005,30,
"Demand Actual, NTS, D+6",2025-05,4586.82737,31,
"Demand Actual, NTS, D+6",2025-06,4042.406,30,
"Demand Actual, NTS, D+6",2025-07,4808.968,31,
"Demand Actual, NTS, D+6",2025-08,4260.3481,31,
"Demand Actual, NTS, D+6",2025-09,4446.1869,30,
"Demand Actual, NTS, D+6",2025-10,5647.57308,31,
"Demand Actual, NTS, D+6",2025-11,7139.32,30,
"Demand Actual, NTS, D+6",2025-12,7538.201,31,
"Demand Actual, NTS, D+6",2026-01,9137.904,31,
"Demand Actual, NTS, D+6",2026-02,7452.409,28,
"Demand Actual, NTS, D+6",2026-03,6731.139,31,
"Demand Actual, NTS, D+6",2026-04,4976.696,30,
"Demand Actual, NTS, D+6",2026-05,4371.502,31,
"Demand Actual, NTS, D+6",2026-06,4524.633,30,
"Demand Actual, NTS, D+6",2026-07,4711.955,31,
"Demand Actual, NTS, D+6",2026-08,4359.476,31,
"Demand Actual, NTS, D+6",2026-09,3226.4575,28,
"Demand Actual, NTS, Energy",2025-01,6170.776012681491,31,
"Demand Actual, NTS, Energy",2025-02,5573.604140486508,28,
"Demand Actual, NTS, Energy",2025-03,6170.776012681491,31,
"Demand Actual, NTS, Energy",2025-04,5971.71872194983,30,
"Demand Actual, NTS, Energy",2025-05,6170.776012681491,31,
"Demand Actual, NTS, Energy",2025-06,5971.71872194983,30,
"Demand Actual, NTS, Energy",2025-07,6170.776012681491,31,
"Demand Actual, NTS, Energy",2025-08,6170.776012681491,31,
"Demand Actual, NTS, Energy",2025-09,5971.71872194983,30,
"Demand Actual, NTS, Energy",2025-10,6170.776012681491,31,
"Demand Actual, NTS, Energy",2025-11,5971.71872194983,30,
"Demand Actual, NTS, Energy",2025-12,6170.776012681491,31,
"Demand Actual, NTS, Energy",2026-01,6170.776012681491,31,
"Demand Actual, NTS, Energy",2026-02,5573.604140486508,28,
"Demand Actual, NTS, Energy",2026-03,6170.776012681491,31,
"Demand Actual, NTS, Energy",2026-04,5971.71872194983,30,
"Demand Actual, NTS, Energy",2026-05,6170.776012681491,31,
"Demand Actual, NTS, Energy",2026-06,5971.71872194983,30,
"Demand Actual, NTS, Energy",2026-07,6170.776012681491,31,
"Demand Actual, NTS, Energy",2026-08,6170.776012681491,31,
"Demand, Actual UIG, LDZ(EA), D+1",2025-03,13125145.0,10,
"Demand, Actual UIG, LDZ(EA), D+1",2025-04,164911190.0,30,
"Demand, Actual UIG, LDZ(EA), D+1",2025-05,24880860.0,31,
"Demand, Actual UIG, LDZ(EA), D+1",2025-06,35032875.0,30,
"Demand, Actual UIG, LDZ(EA), D+1",2025-07,19226433.0,31,
"Demand, Actual UIG, LDZ(EA), D+1",2025-08,36967196.0,31,
"Demand, Actual UIG, LDZ(EA), D+1",2025-09,78185312.0,30,
"Demand, Actual UIG, LDZ(EA), D+1",2025-10,93267747.0,31,
"Demand, Actual UIG, LDZ(EA), D+1",2025-11,118366136.0,30,
"Demand, Actual UIG, LDZ(EA), D+1",2025-12,148945440.0,31,
"Demand, Actual UIG, LDZ(EA), D+1",2026-01,296845479.0,31,
"Demand, Actual UIG, LDZ(EA), D+1",2026-02,203420789.0,28,
"Demand, Actual UIG, LDZ(EA), D+1",2026-03,43124496.0,31,
"Demand, Actual UIG, LDZ(EA), D+1",2026-04,6224251.0,30,
"Demand, Actual UIG, LDZ(EA), D+1",2026-05,-9708752.0,31,
"Demand, Actual UIG, LDZ(EA), D+1",2026-06,-17799110.0,30,
"Demand, Actual UIG, LDZ(EA), D+1",2026-07,-61899171.0,31,
"Demand, Actual UIG, LDZ(EA), D+1",2026-08,-41781251.0,31,
"Demand, Actual UIG, LDZ(EA), D+1",2026-09,19319466.0,30,
"Demand, Actual UIG, LDZ(EA), D+6",2025-03,29818335.0,15,
"Demand, Actual UIG, LDZ(EA), D+6",2025-04,-37401724.0,30,
"Demand, Actual UIG, LDZ(EA), D+6",2025-05,25476129.0,31,
"Demand, Actual UIG, LDZ(EA), D+6",2025-06,37372296.0,30,
"Demand, Actual UIG, LDZ(EA), D+6",2025-07,18378300.0,31,
"Demand, Actual UIG, LDZ(EA), D+6",2025-08,37439165.0,31,
"Demand, Actual UIG, LDZ(EA), D+6",2025-09,76678383.0,30,
"Demand, Actual UIG, LDZ(EA), D+6",2025-10,94492786.0,31,
"Demand, Actual UIG, LDZ(EA), D+6",2025-11,127749386.0,30,
"Demand, Actual UIG, LDZ(EA), D+6",2025-12,150393010.0,31,
"Demand, Actual UIG, LDZ(EA), D+6",2026-01,297344204.0,31,
"Demand, Actual UIG, LDZ(EA), D+6",2026-02,206858831.0,28,
"Demand, Actual UIG, LDZ(EA), D+6",2026-03,46575203.0,31,
"Demand, Actual UIG, LDZ(EA), D+6",2026-04,7513184.0,30,
"Demand, Actual UIG, LDZ(EA), D+6",2026-05,-8351812.0,31,
"Demand, Actual UIG, LDZ(EA), D+6",2026-06,-16257646.0,30,
"Demand, Actual UIG, LDZ(EA), D+6",2026-07,-62556697.0,31,
"Demand, Actual UIG, LDZ(EA), D+6",2026-08,-40694809.0,31,
"Demand, Actual UIG, LDZ(EA), D+6",2026-09,15845208.0,28,
Interconnector - Daily Flow,2025-01,366.91048,31,
Interconnector - Daily Flow,2025-02,170.91398,28,
Interconnector - Daily Flow,2025-03,33.39982,31,
Interconnector - Daily Flow,2025-04,6.70812,30,
Interconnector - Daily Flow,2025-05,15.95881,31,
Interconnector - Daily Flow,2025-06,12.968300000000001,30,
Interconnector - Daily Flow,2025-07,3.9173699999999996,31,
Interconnector - Daily Flow,2025-08,5.18921,31,
Interconnector - Daily Flow,2025-09,8.59739,30,
Interconnector - Daily Flow,2025-10,6.74696,31,
Interconnector - Daily Flow,2025-11,10.83446,30,
Interconnector - Daily Flow,2025-12,19.35326,31,
Interconnector - Daily Flow,2026-01,91.23323,31,
Interconnector - Daily Flow,2026-02,20.07089,28,
Interconnector - Daily Flow,2026-03,20.12414,31,
Interconnector - Daily Flow,2026-04,3.4209,30,
Interconnector - Daily Flow,2026-05,5.2439599999999995,31,
Interconnector - Daily Flow,2026-06,12.88362,30,
Interconnector - Daily Flow,2026-07,4.88614,31,
Interconnector - Daily Flow,2026-08,8.834050000000001,31,
Interconnector - Daily Flow,2026-09,12.79562,30,
"NTS Energy Offtaken, Industrial Offtake Total",2025-01,1950708119.0,31,
"NTS Energy Offtaken, Industrial Offtake Total",2025-02,1216255562.0,28,
"NTS Energy Offtaken, Industrial Offtake Total",2025-03,967989218.0,31,
"NTS Energy Offtaken, Industrial Offtake Total",2025-04,868328055.0,30,
"NTS Energy Offtaken, Industrial Offtake Total",2025-05,891659466.0,31,
"NTS Energy Offtaken, Industrial Offtake Total",2025-06,788858542.0,30,
"NTS Energy Offtaken, Industrial Offtake Total",2025-07,897360978.0,31,
"NTS Energy Offtaken, Industrial Offtake Total",2025-08,960368123.0,31,
"NTS Energy Offtaken, Industrial Offtake Total",2025-09,822497864.0,30,
"NTS Energy Offtaken, Industrial Offtake Total",2025-10,967309940.0,31,
"NTS Energy Offtaken, Industrial Offtake Total",2025-11,948238413.0,30,
"NTS Energy Offtaken, Industrial Offtake Total",2025-12,862657262.0,31,
"NTS Energy Offtaken, Industrial Offtake Total",2026-01,1156439862.0,31,
"NTS Energy Offtaken, Industrial Offtake Total",2026-02,954683617.0,28,
"NTS Energy Offtaken, Industrial Offtake Total",2026-03,825645403.0,31,
"NTS Energy Offtaken, Industrial Offtake Total",2026-04,792398797.0,30,
"NTS Energy Offtaken, Industrial Offtake Total",2026-05,837870627.0,31,
"NTS Energy Offtaken, Industrial Offtake Total",2026-06,775920124.0,30,
"NTS Energy Offtaken, Industrial Offtake Total",2026-07,748104507.0,31,
"NTS Energy Offtaken, Industrial Offtake Total",2026-08,719416687.0,31,
"NTS Energy Offtaken, Industrial Offtake Total",2026-09,670122965.0,30,
"NTS Energy Offtaken, Interconnector Exports Total",2025-01,7440234600.0,31,
"NTS Energy Offtaken, Interconnector Exports Total",2025-02,5704025997.0,28,
"NTS Energy Offtaken, Interconnector Exports Total",2025-03,6826954227.0,31,
"NTS Energy Offtaken, Interconnector Exports Total",2025-04,12988589050.0,30,
"NTS Energy Offtaken, Interconnector Exports Total",2025-05,16201258721.0,31,
"NTS Energy Offtaken, Interconnector Exports Total",2025-06,17723003127.0,30,
"NTS Energy Offtaken, Interconnector Exports Total",2025-07,21887600983.0,31,
"NTS Energy Offtaken, Interconnector Exports Total",2025-08,15459482867.0,31,
"NTS Energy Offtaken, Interconnector Exports Total",2025-09,15774687929.0,30,
"NTS Energy Offtaken, Interconnector Exports Total",2025-10,7457658478.0,31,
"NTS Energy Offtaken, Interconnector Exports Total",2025-11,10574175339.0,30,
"NTS Energy Offtaken, Interconnector Exports Total",2025-12,7657894357.0,31,
"NTS Energy Offtaken, Interconnector Exports Total",2026-01,7730453725.0,31,
"NTS Energy Offtaken, Interconnector Exports Total",2026-02,9656855842.0,28,
"NTS Energy Offtaken, Interconnector Exports Total",2026-03,8962589474.0,31,
"NTS Energy Offtaken, Interconnector Exports Total",2026-04,12132015876.0,30,
"NTS Energy Offtaken, Interconnector Exports Total",2026-05,12117505839.0,31,
"NTS Energy Offtaken, Interconnector Exports Total",2026-06,18994668540.0,30,
"NTS Energy Offtaken, Interconnector Exports Total",2026-07,21650556845.0,31,
"NTS Energy Offtaken, Interconnector Exports Total",2026-08,20633575123.0,31,
"NTS Energy Offtaken, Interconnector Exports Total",2026-09,10390103580.0,30,
"NTS Energy Offtaken, LDZ Offtake Total",2025-01,72158257359.0,31,
"NTS Energy Offtaken, LDZ Offtake Total",2025-02,59375547453.0,28,
"NTS Energy Offtaken, LDZ Offtake Total",2025-03,48500023918.0,31,
"NTS Energy Offtaken, LDZ Offtake Total",2025-04,30244721988.0,30,
"NTS Energy Offtaken, LDZ Offtake Total",2025-05,21268915927.0,31,
"NTS Energy Offtaken, LDZ Offtake Total",2025-06,16708568055.0,30,
"NTS Energy Offtaken, LDZ Offtake Total",2025-07,15194765352.0,31,
"NTS Energy Offtaken, LDZ Offtake Total",2025-08,15464626538.0,31,
"NTS Energy Offtaken, LDZ Offtake Total",2025-09,21232335509.0,30,
"NTS Energy Offtaken, LDZ Offtake Total",2025-10,34144616441.0,31,
"NTS Energy Offtaken, LDZ Offtake Total",2025-11,48899406160.0,30,
"NTS Energy Offtaken, LDZ Offtake Total",2025-12,57800372683.0,31,
"NTS Energy Offtaken, LDZ Offtake Total",2026-01,70432106330.0,31,
"NTS Energy Offtaken, LDZ Offtake Total",2026-02,53912672691.0,28,
"NTS Energy Offtaken, LDZ Offtake Total",2026-03,47976581690.0,31,
"NTS Energy Offtaken, LDZ Offtake Total",2026-04,32539345075.0,30,
"NTS Energy Offtaken, LDZ Offtake Total",2026-05,24488008161.0,31,
"NTS Energy Offtaken, LDZ Offtake Total",2026-06,17020460658.0,30,
"NTS Energy Offtaken, LDZ Offtake Total",2026-07,13748436672.0,31,
"NTS Energy Offtaken, LDZ Offtake Total",2026-08,13492215594.0,31,
"NTS Energy Offtaken, LDZ Offtake Total",2026-09,16168164154.0,30,
"NTS Energy Offtaken, Moffat, Interconnector",2025-01,7440234600.0,31,
"NTS Energy Offtaken, Moffat, Interconnector",2025-02,5528255554.0,28,
"NTS Energy Offtaken, Moffat, Interconnector",2025-03,5843959520.0,31,
"NTS Energy Offtaken, Moffat, Interconnector",2025-04,4970136109.0,30,
"NTS Energy Offtaken, Moffat, Interconnector",2025-05,4380049997.0,31,
"NTS Energy Offtaken, Moffat, Interconnector",2025-06,4113080071.0,30,
"NTS Energy Offtaken, Moffat, Interconnector",2025-07,4731316666.0,31,
"NTS Energy Offtaken, Moffat, Interconnector",2025-08,4353001410.0,31,
"NTS Energy Offtaken, Moffat, Interconnector",2025-09,4370308333.0,30,
"NTS Energy Offtaken, Moffat, Interconnector",2025-10,5245300000.0,31,
"NTS Energy Offtaken, Moffat, Interconnector",2025-11,6136211695.0,30,
"NTS Energy Offtaken, Moffat, Interconnector",2025-12,6236627777.0,31,
"NTS Energy Offtaken, Moffat, Interconnector",2026-01,7282021344.0,31,
"NTS Energy Offtaken, Moffat, Interconnector",2026-02,5719696834.0,28,
"NTS Energy Offtaken, Moffat, Interconnector",2026-03,5684269441.0,31,
"NTS Energy Offtaken, Moffat, Interconnector",2026-04,5018494445.0,30,
"NTS Energy Offtaken, Moffat, Interconnector",2026-05,4742597669.0,31,
"NTS Energy Offtaken, Moffat, Interconnector",2026-06,4314988890.0,30,
"NTS Energy Offtaken, Moffat, Interconnector",2026-07,4414851434.0,31,
"NTS Energy Offtaken, Moffat, Interconnector",2026-08,4777050001.0,31,
"NTS Energy Offtaken, Moffat, Interconnector",2026-09,4746013891.0,30,
"NTS Energy Offtaken, Powerstations Total",2025-01,20519095765.0,31,
"NTS Energy Offtaken, Powerstations Total",2025-02,15647690070.0,28,
"NTS Energy Offtaken, Powerstations Total",2025-03,14909522003.0,31,
"NTS Energy Offtaken, Powerstations Total",2025-04,10885971765.0,30,
"NTS Energy Offtaken, Powerstations Total",2025-05,8479622405.0,31,
"NTS Energy Offtaken, Powerstations Total",2025-06,7460614805.0,30,
"NTS Energy Offtaken, Powerstations Total",2025-07,10290392771.0,31,
"NTS Energy Offtaken, Powerstations Total",2025-08,9417664534.0,31,
"NTS Energy Offtaken, Powerstations Total",2025-09,9075920628.0,30,
"NTS Energy Offtaken, Powerstations Total",2025-10,13457596779.0,31,
"NTS Energy Offtaken, Powerstations Total",2025-11,13707068215.0,30,
"NTS Energy Offtaken, Powerstations Total",2025-12,12888911113.0,31,
"NTS Energy Offtaken, Powerstations Total",2026-01,17168167964.0,31,
"NTS Energy Offtaken, Powerstations Total",2026-02,14282278785.0,28,
"NTS Energy Offtaken, Powerstations Total",2026-03,11337227988.0,31,
"NTS Energy Offtaken, Powerstations Total",2026-04,7106905466.0,30,
"NTS Energy Offtaken, Powerstations Total",2026-05,9558186400.0,31,
"NTS Energy Offtaken, Powerstations Total",2026-06,10820949674.0,30,
"NTS Energy Offtaken, Powerstations Total",2026-07,9549247168.0,31,
"NTS Energy Offtaken, Powerstations Total",2026-08,9724768458.0,31,
"NTS Energy Offtaken, Powerstations Total",2026-09,9085750789.0,30,
"NTS Energy Offtaken, Storage Injection Total",2025-01,2103697734.0,31,
"NTS Energy Offtaken, Storage Injection Total",2025-02,4394566570.0,28,
"NTS Energy Offtaken, Storage Injection Total",2025-03,6708171301.0,31,
"NTS Energy Offtaken, Storage Injection Total",2025-04,2941955234.0,30,
"NTS Energy Offtaken, Storage Injection Total",2025-05,3808848171.0,31,
"NTS Energy Offtaken, Storage Injection Total",2025-06,1840435572.0,30,
"NTS Energy Offtaken, Storage Injection Total",2025-07,4651445661.0,31,
"NTS Energy Offtaken, Storage Injection Total",2025-08,5484847481.0,31,
"NTS Energy Offtaken, Storage Injection Total",2025-09,1898714400.0,30,
"NTS Energy Offtaken, Storage Injection Total",2025-10,5914729018.0,31,
"NTS Energy Offtaken, Storage Injection Total",2025-11,3910232501.0,30,
"NTS Energy Offtaken, Storage Injection Total",2025-12,3247039978.0,31,
"NTS Energy Offtaken, Storage Injection Total",2026-01,2981733452.0,31,
"NTS Energy Offtaken, Storage Injection Total",2026-02,2573841446.0,28,
"NTS Energy Offtaken, Storage Injection Total",2026-03,4586584609.0,31,
"NTS Energy Offtaken, Storage Injection Total",2026-04,2081182374.0,30,
"NTS Energy Offtaken, Storage Injection Total",2026-05,1069459613.0,31,
"NTS Energy Offtaken, Storage Injection Total",2026-06,2172457345.0,30,
"NTS Energy Offtaken, Storage Injection Total",2026-07,6188028253.0,31,
"NTS Energy Offtaken, Storage Injection Total",2026-08,3611706476.0,31,
"NTS Energy Offtaken, Storage Injection Total",2026-09,2431747445.0,30,
"NTS Physical Flows, Moffat, Interconnector",2025-01,673.1,31,
"NTS Physical Flows, Moffat, Interconnector",2025-02,500.777,28,
"NTS Physical Flows, Moffat, Interconnector",2025-03,527.56981,31,
"NTS Physical Flows, Moffat, Interconnector",2025-04,447.881,30,
"NTS Physical Flows, Moffat, Interconnector",2025-05,394.0808,31,
"NTS Physical Flows, Moffat, Interconnector",2025-06,374.608,30,
"NTS Physical Flows, Moffat, Interconnector",2025-07,430.871,31,
"NTS Physical Flows, Moffat, Interconnector",2025-08,394.56144,31,
"NTS Physical Flows, Moffat, Interconnector",2025-09,398.1,30,
"NTS Physical Flows, Moffat, Interconnector",2025-10,479.16347,31,
"NTS Physical Flows, Moffat, Interconnector",2025-11,556.672,30,
"NTS Physical Flows, Moffat, Interconnector",2025-12,564.93385,31,
"NTS Physical Flows, Moffat, Interconnector",2026-01,664.828,31,
"NTS Physical Flows, Moffat, Interconnector",2026-02,520.10911,28,
"NTS Physical Flows, Moffat, Interconnector",2026-03,516.271,31,
"NTS Physical Flows, Moffat, Interconnector",2026-04,454.84734,30,
"NTS Physical Flows, Moffat, Interconnector",2026-05,431.621,31,
"NTS Physical Flows, Moffat, Interconnector",2026-06,390.918,30,
"NTS Physical Flows, Moffat, Interconnector",2026-07,397.96411,31,
"NTS Physical Flows, Moffat, Interconnector",2026-08,426.458,31,
"NTS Physical Flows, Moffat, Interconnector",2026-09,423.49357,30,
"Nominations, Day Ahead Net Aggregate, Bacton UKCS",2025-01,5732359640.0,30,
"Nominations, Day Ahead Net Aggregate, Bacton UKCS",2025-02,5099501000.0,28,
"Nominations, Day Ahead Net Aggregate, Bacton UKCS",2025-03,5864452515.0,31,
"Nominations, Day Ahead Net Aggregate, Bacton UKCS",2025-04,5008126083.0,30,
"Nominations, Day Ahead Net Aggregate, Bacton UKCS",2025-05,5350940440.0,31,
"Nominations, Day Ahead Net Aggregate, Bacton UKCS",2025-06,4865446157.0,30,
"Nominations, Day Ahead Net Aggregate, Bacton UKCS",2025-07,3587510184.0,31,
"Nominations, Day Ahead Net Aggregate, Bacton UKCS",2025-08,2428113824.0,31,
"Nominations, Day Ahead Net Aggregate, Bacton UKCS",2025-09,4234393790.0,30,
"Nominations, Day Ahead Net Aggregate, Bacton UKCS",2025-10,5306651665.0,31,
"Nominations, Day Ahead Net Aggregate, Bacton UKCS",2025-11,5096322376.0,30,
"Nominations, Day Ahead Net Aggregate, Bacton UKCS",2025-12,5119661750.0,31,
"Nominations, Day Ahead Net Aggregate, Bacton UKCS",2026-01,4720699100.0,31,
"Nominations, Day Ahead Net Aggregate, Bacton UKCS",2026-02,4831779964.0,28,
"Nominations, Day Ahead Net Aggregate, Bacton UKCS",2026-03,4777706466.0,31,
"Nominations, Day Ahead Net Aggregate, Bacton UKCS",2026-04,4535366813.0,30,
"Nominations, Day Ahead Net Aggregate, Bacton UKCS",2026-05,4524531553.0,31,
"Nominations, Day Ahead Net Aggregate, Bacton UKCS",2026-06,4599991845.0,30,
"Nominations, Day Ahead Net Aggregate, Bacton UKCS",2026-07,5748466743.0,31,
"Nominations, Day Ahead Net Aggregate, Bacton UKCS",2026-08,4849540142.0,31,
"Nominations, Day Ahead Net Aggregate, Bacton UKCS",2026-09,3777480742.0,30,
"Nominations, Day Ahead Net Aggregate, Barrow",2025-01,512383000.0,30,
"Nominations, Day Ahead Net Aggregate, Barrow",2025-02,585149000.0,28,
"Nominations, Day Ahead Net Aggregate, Barrow",2025-03,484568926.0,31,
"Nominations, Day Ahead Net Aggregate, Barrow",2025-04,493972000.0,30,
"Nominations, Day Ahead Net Aggregate, Barrow",2025-05,891845000.0,31,
"Nominations, Day Ahead Net Aggregate, Barrow",2025-06,800424000.0,30,
"Nominations, Day Ahead Net Aggregate, Barrow",2025-07,666932000.0,31,
"Nominations, Day Ahead Net Aggregate, Barrow",2025-08,1098538000.0,31,
"Nominations, Day Ahead Net Aggregate, Barrow",2025-09,99000000.0,30,
"Nominations, Day Ahead Net Aggregate, Barrow",2025-10,10000000.0,29,
"Nominations, Day Ahead Net Aggregate, Barrow",2025-11,0.0,30,
"Nominations, Day Ahead Net Aggregate, Barrow",2025-12,29000000.0,30,
"Nominations, Day Ahead Net Aggregate, Barrow",2026-01,227000000.0,31,
"Nominations, Day Ahead Net Aggregate, Barrow",2026-02,67000000.0,26,
"Nominations, Day Ahead Net Aggregate, Barrow",2026-03,446184000.0,31,
"Nominations, Day Ahead Net Aggregate, Barrow",2026-04,709500000.0,30,
"Nominations, Day Ahead Net Aggregate, Barrow",2026-05,167000000.0,27,
"Nominations, Day Ahead Net Aggregate, Barrow",2026-06,0.0,28,
"Nominations, Day Ahead Net Aggregate, Barrow",2026-07,241267000.0,31,
"Nominations, Day Ahead Net Aggregate, Barrow",2026-08,118044000.0,29,
"Nominations, Day Ahead Net Aggregate, Barrow",2026-09,575865000.0,30,
"Nominations, Day Ahead Net Aggregate, Easington",2025-01,27586945225.0,30,
"Nominations, Day Ahead Net Aggregate, Easington",2025-02,24796284764.0,28,
"Nominations, Day Ahead Net Aggregate, Easington",2025-03,26269578358.0,31,
"Nominations, Day Ahead Net Aggregate, Easington",2025-04,20307271713.0,30,
"Nominations, Day Ahead Net Aggregate, Easington",2025-05,15405099810.0,31,
"Nominations, Day Ahead Net Aggregate, Easington",2025-06,10792229244.0,30,
"Nominations, Day Ahead Net Aggregate, Easington",2025-07,21289389203.0,31,
"Nominations, Day Ahead Net Aggregate, Easington",2025-08,20031300794.0,31,
"Nominations, Day Ahead Net Aggregate, Easington",2025-09,19335892629.0,30,
"Nominations, Day Ahead Net Aggregate, Easington",2025-10,23067135244.0,31,
"Nominations, Day Ahead Net Aggregate, Easington",2025-11,24627999537.0,30,
"Nominations, Day Ahead Net Aggregate, Easington",2025-12,26925198718.0,31,
"Nominations, Day Ahead Net Aggregate, Easington",2026-01,26822979730.0,31,
"Nominations, Day Ahead Net Aggregate, Easington",2026-02,21059505528.0,28,
"Nominations, Day Ahead Net Aggregate, Easington",2026-03,23801361517.0,31,
"Nominations, Day Ahead Net Aggregate, Easington",2026-04,18284823895.0,30,
"Nominations, Day Ahead Net Aggregate, Easington",2026-05,12368662106.0,31,
"Nominations, Day Ahead Net Aggregate, Easington",2026-06,17931296796.0,30,
"Nominations, Day Ahead Net Aggregate, Easington",2026-07,20163280718.0,31,
"Nominations, Day Ahead Net Aggregate, Easington",2026-08,19038149002.0,31,
"Nominations, Day Ahead Net Aggregate, Easington",2026-09,8184213451.0,30,
"Nominations, Day Ahead Net Aggregate, StFergusTer",2025-01,18533337950.0,30,
"Nominations, Day Ahead Net Aggregate, StFergusTer",2025-02,13943636539.0,28,
"Nominations, Day Ahead Net Aggregate, StFergusTer",2025-03,12112371525.0,31,
"Nominations, Day Ahead Net Aggregate, StFergusTer",2025-04,13234809763.0,30,
"Nominations, Day Ahead Net Aggregate, StFergusTer",2025-05,12150597925.0,31,
"Nominations, Day Ahead Net Aggregate, StFergusTer",2025-06,13345663049.0,30,
"Nominations, Day Ahead Net Aggregate, StFergusTer",2025-07,13618604325.0,31,
"Nominations, Day Ahead Net Aggregate, StFergusTer",2025-08,11482935627.0,31,
"Nominations, Day Ahead Net Aggregate, StFergusTer",2025-09,10652900731.0,30,
"Nominations, Day Ahead Net Aggregate, StFergusTer",2025-10,13739099170.0,31,
"Nominations, Day Ahead Net Aggregate, StFergusTer",2025-11,15909868573.0,30,
"Nominations, Day Ahead Net Aggregate, StFergusTer",2025-12,19375052169.0,31,
"Nominations, Day Ahead Net Aggregate, StFergusTer",2026-01,18841034674.0,31,
"Nominations, Day Ahead Net Aggregate, StFergusTer",2026-02,12264226799.0,28,
"Nominations, Day Ahead Net Aggregate, StFergusTer",2026-03,15959664151.0,31,
"Nominations, Day Ahead Net Aggregate, StFergusTer",2026-04,13183524058.0,30,
"Nominations, Day Ahead Net Aggregate, StFergusTer",2026-05,12908203611.0,31,
"Nominations, Day Ahead Net Aggregate, StFergusTer",2026-06,13572322843.0,30,
"Nominations, Day Ahead Net Aggregate, StFergusTer",2026-07,14942769945.0,31,
"Nominations, Day Ahead Net Aggregate, StFergusTer",2026-08,12287779410.0,31,
"Nominations, Day Ahead Net Aggregate, StFergusTer",2026-09,13944757050.0,30,
"Nominations, Input, Storage Withdrawal",2025-01,14578852067.0,31,
"Nominations, Input, Storage Withdrawal",2025-02,7630738768.0,28,
"Nominations, Input, Storage Withdrawal",2025-03,5170430009.0,31,
"Nominations, Input, Storage Withdrawal",2025-04,6511722233.0,30,
"Nominations, Input, Storage Withdrawal",2025-05,4642029283.0,31,
"Nominations, Input, Storage Withdrawal",2025-06,5553585575.0,30,
"Nominations, Input, Storage Withdrawal",2025-07,4117955772.0,31,
"Nominations, Input, Storage Withdrawal",2025-08,4217705640.0,31,
"Nominations, Input, Storage Withdrawal",2025-09,4921038939.0,30,
"Nominations, Input, Storage Withdrawal",2025-10,3669847220.0,31,
"Nominations, Input, Storage Withdrawal",2025-11,5691382126.0,30,
"Nominations, Input, Storage Withdrawal",2025-12,4606864857.0,31,
"Nominations, Input, Storage Withdrawal",2026-01,9084310867.0,31,
"Nominations, Input, Storage Withdrawal",2026-02,6443271265.0,28,
"Nominations, Input, Storage Withdrawal",2026-03,3206735412.0,31,
"Nominations, Input, Storage Withdrawal",2026-04,6427108023.0,30,
"Nominations, Input, Storage Withdrawal",2026-05,6275704567.0,31,
"Nominations, Input, Storage Withdrawal",2026-06,3816334724.0,30,
"Nominations, Input, Storage Withdrawal",2026-07,2151559142.0,31,
"Nominations, Input, Storage Withdrawal",2026-08,3534457912.0,31,
"Nominations, Input, Storage Withdrawal",2026-09,5245806312.0,30,
"Shrinkage, NTS, Net Quantity",2025-01,166317792.5,31,
"Shrinkage, NTS, Net Quantity",2025-02,206615055.0,28,
"Shrinkage, NTS, Net Quantity",2025-03,163885303.2,31,
"Shrinkage, NTS, Net Quantity",2025-04,75788160.6,30,
"Shrinkage, NTS, Net Quantity",2025-05,38480222.3,31,
"Shrinkage, NTS, Net Quantity",2025-06,40121419.9,30,
"Shrinkage, NTS, Net Quantity",2025-07,198467681.2,31,
"Shrinkage, NTS, Net Quantity",2025-08,181440256.1,31,
"Shrinkage, NTS, Net Quantity",2025-09,133171462.4,30,
"Shrinkage, NTS, Net Quantity",2025-10,274343763.1,31,
"Shrinkage, NTS, Net Quantity",2025-11,460121470.0,30,
"Shrinkage, NTS, Net Quantity",2025-12,373636217.9,31,
"Shrinkage, NTS, Net Quantity",2026-01,235658391.1,31,
"Shrinkage, NTS, Net Quantity",2026-02,567444070.2,28,
"Shrinkage, NTS, Net Quantity",2026-03,495700289.4,31,
"Shrinkage, NTS, Net Quantity",2026-04,220975534.0,30,
"Shrinkage, NTS, Net Quantity",2026-05,51990795.4,31,
"Shrinkage, NTS, Net Quantity",2026-06,158756560.7,30,
"Shrinkage, NTS, Net Quantity",2026-07,153832967.9,31,
"Shrinkage, NTS, Net Quantity",2026-08,290785046.2,31,
"Shrinkage, NTS, Net Quantity",2026-09,353883232.5,29,
"Storage Injection, Actual",2025-01,1912664084.0,31,
"Storage Injection, Actual",2025-02,3791739668.0,28,
"Storage Injection, Actual",2025-03,5164301423.0,31,
"Storage Injection, Actual",2025-04,2753492376.0,30,
"Storage Injection, Actual",2025-05,3306711564.0,31,
"Storage Injection, Actual",2025-06,1903796348.0,30,
"Storage Injection, Actual",2025-07,4423917886.0,31,
"Storage Injection, Actual",2025-08,4523650674.0,31,
"Storage Injection, Actual",2025-09,1893708232.0,30,
"Storage Injection, Actual",2025-10,5730580902.0,31,
"Storage Injection, Actual",2025-11,3503661314.0,30,
"Storage Injection, Actual",2025-12,2740096229.0,31,
"Storage Injection, Actual",2026-01,2924966047.0,31,
"Storage Injection, Actual",2026-02,2009828376.0,28,
"Storage Injection, Actual",2026-03,3872502538.0,31,
"Storage Injection, Actual",2026-04,2213340367.0,30,
"Storage Injection, Actual",2026-05,1234768817.0,31,
"Storage Injection, Actual",2026-06,1924422171.0,30,
"Storage Injection, Actual",2026-07,4695254227.0,31,
"Storage Injection, Actual",2026-08,3337713197.0,31,
"Storage Withdrawal, Actual",2025-01,-13619338756.0,31,
"Storage Withdrawal, Actual",2025-02,-6744941510.0,28,
"Storage Withdrawal, Actual",2025-03,-4358977705.0,31,
"Storage Withdrawal, Actual",2025-04,-5790094366.0,30,
"Storage Withdrawal, Actual",2025-05,-3962719977.0,31,
"Storage Withdrawal, Actual",2025-06,-4865454018.0,30,
"Storage Withdrawal, Actual",2025-07,-3126397823.0,31,
"Storage Withdrawal, Actual",2025-08,-3257151730.0,31,
"Storage Withdrawal, Actual",2025-09,-4180995616.0,30,
"Storage Withdrawal, Actual",2025-10,-2865192613.0,31,
"Storage Withdrawal, Actual",2025-11,-4945632459.0,30,
"Storage Withdrawal, Actual",2025-12,-3957203685.0,31,
"Storage Withdrawal, Actual",2026-01,-8574296711.0,31,
"Storage Withdrawal, Actual",2026-02,-5977834738.0,28,
"Storage Withdrawal, Actual",2026-03,-2342869546.0,31,
"Storage Withdrawal, Actual",2026-04,-5570515794.0,30,
"Storage Withdrawal, Actual",2026-05,-5564577174.0,31,
"Storage Withdrawal, Actual",2026-06,-3039403167.0,30,
"Storage Withdrawal, Actual",2026-07,-1069637301.0,31,
"Storage Withdrawal, Actual",2026-08,-2585124145.0,31,
