prod-nat-gaz-horaire-def	Production horaire définitive de biométhane des sites d'injection raccordés au réseau de transport de gaz en France	5055	2026-10-04
igra-epci	Indicateur Annualisé Gaz Renouvelable des territoires par epci	23403	2021-04-15
registre-biomethane-trimestre	Capacités d'injection de biométhane réservées par trimestre	60	2026-09-16
pg2024-conso-nat-secteur	Scénarios de consommation à horizon 2030 et 2035 (Perspectives Gaz 2024)	14	2025-01-06
odre-ptc-gaz	Programme Travaux Communs des Opérateurs Gaziers	155202	2026-10-04
courbe-de-charge-eldgrd-regional-grtgaz-terega	Consommation quotidienne définitive & régionalisée de gaz des distributions publiques à l'interface avec le réseau de transport de gaz	45120	2026-10-04
prod-igr-prosp-epci-grtgaz	Indicateur Prospectif de Gaz Renouvelable - Dynamique engagée à la maille EPCI	653	2026-06-06
corridor_grd_10_km-nat-grtgaz	Corridor de largeur 10 km de part et d’autre du réseau de distribution de gaz	1	2023-10-20
evolution-journaliere-stocks-gnl-terminaux-methaniers	Evolution quotidienne des stocks de GNL des principaux terminaux méthaniers en France	120	2019-10-21
conversion-des-unites-gazieres	Conversion des unités gazières	7	2025-04-29
igra-dep	Indicateur Annualisé Gaz Renouvelable des territoires par département	5396	2021-04-15
evolution-emissions-directes-de-methane	Evolution des émissions directes de méthane depuis 2016 générées par l’activité de NaTran et de Teréga	19	2021-03-30
projets-ami-gh-2024	Projets de production de biométhane, gaz bas-carbone et gaz de récupération par Gazéification Hydrothermale en France	24	2025-03-13
capacites-annuelles-d-injection-de-biomethane-reservees-par-departement	Capacités d'injection de biométhane réservées par département actuellement inscrites au Registre	94	2026-07-21
prod-igr-prosp-reg-grtgaz	Indicateur Prospectif de Gaz Renouvelable - Dynamique engagée à la maille régionale	12	2021-07-13
production-annuelle-de-biomethane-par-site-raccorde-au-reseau-de-transport-et-de	Production Annuelle de Biométhane par site raccordé au réseau de transport et de distribution	3560	2026-06-06
projet-commerciaux-et-demonstrateurs-en-france-de-pyrogazeification	Projets de production de gaz renouvelable et bas carbone par pyrogazeification pour injection dans les réseaux gaziers	24	2026-08-18
igrm-epci	Indicateur Mensuel Gaz Renouvelable des territoires par EPCI	24745	2021-04-15
evolution-de-lactivite-aux-points-dechange-de-gaz-peg-sur-le-reseau-grtgaz0	Évolution de l’activité aux Points d’Échange de Gaz (PEG) sur le réseau NaTran	249	2021-10-29
igrm-dep	Indicateur Mensuel Gaz Renouvelable des territoires par département	5977	2026-10-04
consommation-maximale-horaire-de-gaz-par-jour-a-la-maille-regional	Extremas de consommation quotidienne définitive de gaz à la maille régionale relevée sur le réseau de NaTran	37608	2026-09-10
debit-quotidien-stockages-gaz	Débit quotidien des stockages de gaz (à partir de novembre 2010)	32563	2018-04-05
consommation-annuelle-par-iris	Consommation annuelle définitive d'électricité et de gaz par IRIS des sites industriels raccordés aux réseaux de transport	17891	2024-12-06
conso-jour-nat-eldgrd-grt	Consommation horaire définitive de gaz des distributions publiques à l'interface avec le réseau de transport de gaz	5998	2026-10-04
consommation-journaliere-maximale-de-gaz-maille-nationale	Extremas de consommation quotidienne définitive de gaz relevée sur le réseau de NaTran et Teréga	3134	2026-09-10
igra-reg	Indicateur Annualisé Gaz Renouvelable des territoires par region	1499	2026-10-04
prod-nat-gaz-horaire-prov	Production horaire provisoire de biométhane des sites d'injection raccordés au réseau de transport de gaz en France	4936	2026-10-04
prod-droit-injec-biom-grtgaz	Suivi du Droit à l'injection biométhane	24	2026-03-18
stock-quotidien-stockages-gaz	Stock quotidien dans les stockages de gaz (à partir de novembre 2010)	32563	2026-09-21
corridor_grd_20_km-nat-grtgaz	Corridor de largeur 20 km de part et d’autre du réseau de distribution de gaz	1	2023-10-20
igrm-nat	Indicateur Mensuel Gaz Renouvelable des territoires - périmètre national	149	2021-04-16
longueurs-departementales-canalisations-gaz	Longueurs départementales annuelle des canalisations du réseau de transport de gaz français	339	2019-10-21
igrm-reg	Indicateur Mensuel Gaz Renouvelable des territoires par région	935	2021-04-15
scenario-production-2030-2035-nat-par-filiere-pg2024	Scénario de production par filière à horizon 2030 et 2035 (Perspectives Gaz 2024)	4	2025-01-06
prod-elec-gaz-naturel-fr	Production centralisée d'électricité à partir de gaz naturel en France	98	2019-11-30
prod-def-reg-jour-biom-reseau-grtgrd	Production Quotidienne Définitive et Régionalisée de Biométhane sur le réseau de distribution et de transport	47386	2026-10-04
igra-nat	Indicateur Annualisé Gaz Renouvelable des territoires - périmètre national	68	2021-04-16
corridor_grt_20_km-nat-grtgaz	Corridor de largeur 20 km de part et d’autre du réseau de transport de gaz	1	2023-10-20
conso-horaire-cccg-nat	Consommation quotidienne de gaz des Centrales à Cycle Combiné Gaz	6333	2026-10-04
prod-igr-prosp-dpt-grtgaz	Indicateur Prospectif de Gaz Renouvelable - Dynamique engagée à la maille départementale	90	2021-07-13
grt-conso-gaz-secteurs-indus-def	Consommation mensuelle de gaz des clients industriels de NaTran répartis par secteur industriel	1540	2017-01-17
cccg-annuel-reg	Consommation annuelle définitive & régionalisée de gaz des Centrales à Cycle Combiné Gaz (zone NaTran)	109	2020-04-28
igrp_2030_2035	Indicateur Gaz Renouvelables aux horizons 2030 et 2035	2	2025-03-14
emissions-ges-operateurs	Bilan d'émissions de gaz à effet de serre par scope et opérateur	19	2025-05-05
investissement-grt-fr	Les programmes d'investissement des gestionnaires de réseau de transport de gaz en France depuis 2007	17	2019-12-07
evolution-de-la-consommation-de-gnl-carburant-routier-depuis-2017	Evolution de la consommation de GNL (Carburant Routier) depuis 2017	9	2022-10-11
registre-biomethane-region	Capacités annuelles d'injection de biométhane réservées par région	156	2019-01-25
production-definitive-et-journaliere-de-biomethane-tout-reseau	Production quotidienne définitive de biométhane sur le réseau de transport et de distribution	6849	2021-07-05
conso-journa-industriel-grtgazterega	Consommation quotidienne régionalisée & définitive de gaz des clients industriels raccordés sur le réseau de transport de gaz	43883	2026-10-04
corridor_grt_10_km-nat-grtgaz	Corridor de largeur 10 km de part et d’autre du réseau de transport de gaz	1	2023-10-20
installations-regionales-de-biomethane	Installations de production biométhane en service par région (au 31 décembre)	121	2026-08-19
projets_dev_gh-eur-grtgaz	Projets de développement de la gazéification hydrothermale en Europe	9	2023-10-27
consommation-regionale-gnc	Consommation régionale de Gaz Naturel Carburant (GNC)	144	2026-04-21
cccg-nat-annuel-def	Consommation annuelle de gaz des Centrales à Cycle Combiné Gaz (zone NaTran)	18	2021-08-17
consommation-nationale-horaire-de-gaz-donnees-provisoires-grtgaz-terega-v2	Consommation horaire provisoire de gaz des clients industriels raccordés sur le réseau de transport de gaz	6029	2026-10-04
odre-prod-grdgrt-operateur-def	Production Quotidienne Consolidée de Biométhane sur le réseau de transport et de distribution par Opérateur	23865	2025-04-06
potentiels-enr-2050	Répartition des potentiels de gaz verts à horizon 2050 par département	94	2018-10-25
indicateur-sobriete-suivi-des-consommations-de-gaz-par-semaine	Suivi des consommations de gaz par semaine - Période 2022/2023	53	2026-05-20
prod-igr-prosp-national-grtgaz	Indicateur Prospectif de Gaz Renouvelable - Dynamique engagée à la maille nationale	1	2021-07-13
terega-trace-du-reseau	Tracé simplifié du réseau Térega précis à environ 250 m (MAJ 2023)	1298	2021-09-22
consommation-nationale-horaire-de-gaz-donnees-definitives-grtgaz-v2	Consommation horaire définitive de gaz des clients industriels raccordés sur le réseau de transport de gaz	6149	2026-10-04