RESOURCE_NAME,REGION,PLANT,FUEL,TP_NAME,MAX_CAPACITY_MW,SOURCE_NOTES
01ACNPC_G01,LUZON,ACNC biogas,Bioenergy,ACNPC,3.2,DOE LoEPP Jul-2026
01AGROSOL_G01,LUZON,AGROSOL,Solar,AREI,3.4,name rule: SOL
01AMBUK_U01,LUZON,Ambuklao,Hydro,SNAPBENGT,37.4,DOE LoEPP Jul-2026
01AMBUK_U02,LUZON,Ambuklao,Hydro,SNAPBENGT,37.3,DOE LoEPP Jul-2026
01AMBUK_U03,LUZON,Ambuklao,Hydro,SNAPBENGT,37.3,DOE LoEPP Jul-2026
01AMPHAW_G01,LUZON,Ampohaw,Hydro,HEDCORBA,8.0,DOE LoEPP Jul-2026
01ANDA_G01,LUZON,Anda,Coal,ANDA,72.0,DOE LoEPP Jul-2026
01ANGAT_A,LUZON,Angat,Hydro,AHC,52.4,DOE LoEPP Jul-2026
01ANGAT_M,LUZON,Angat,Hydro,AHC,99.8,DOE LoEPP Jul-2026
01APEC_G01,LUZON,APEC CFB,Coal,APEC,25.0,DOE LoEPP Jul-2026
01ARAYSOL_G01,LUZON,ARAYSOL,Solar,GPS3I,50.0,name rule: SOL
01ARAYSOL_G02,LUZON,ARAYSOL,Solar,GPS3I,30.8,name rule: SOL
01ARAYSOL_G03,LUZON,ARAYSOL,Solar,CSPAM1,30.0,name rule: SOL
01ARESOL_G01,LUZON,ARESOL,Solar,RERI,37.8,name rule: SOL
01ARMSOL_G01,LUZON,ARMSOL,Solar,NVVOGTARM,7.1,name rule: SOL
01ASTRASOL_G01,LUZON,ASTRASOL,Solar,ASEC,63.7,name rule: SOL
01BAKSIP_G01,LUZON,Hedcor Benguet (La Trinidad / Sipitan),Hydro,HEDCORBA,12.4,operator HEDCOR (hydro)
01BAKUN_G01,LUZON,Bakun AC,Hydro,NR,74.0,DOE LoEPP Jul-2026
01BALSOL_G01,LUZON,BALSOL,Solar,SSAI,20.0,name rule: SOL
01BALWIND_G01,LUZON,BALWIND,Wind,BWPC,22.4,name rule: WIND
01BARBASOL_G01,LUZON,BARBASOL,Solar,CSPANG,90.0,name rule: SOL
01BAUANG_GS1,LUZON,Bauang DPP,Oil,1590EC,70.0,DOE LoEPP Jul-2026
01BAUANG_GS2,LUZON,Bauang DPP,Oil,1590EC,70.0,DOE LoEPP Jul-2026
01BAUANG_GS3,LUZON,Bauang DPP,Oil,1590EC,70.0,DOE LoEPP Jul-2026
01BETASOL_G01,LUZON,BETASOL,Solar,SSBI,17.2,name rule: SOL
01BINENG_G01,LUZON,Bineng,Hydro,HEDCORLAT,19.8,DOE LoEPP Jul-2026
01BINENG_G03,LUZON,Bineng,Hydro,HEDCOR,4.5,DOE LoEPP Jul-2026
01BINGA_U01,LUZON,Binga,Hydro,SNAPBENGT,35.0,DOE LoEPP Jul-2026
01BINGA_U02,LUZON,Binga,Hydro,SNAPBENGT,35.0,DOE LoEPP Jul-2026
01BINGA_U03,LUZON,Binga,Hydro,SNAPBENGT,35.0,DOE LoEPP Jul-2026
01BINGA_U04,LUZON,Binga,Hydro,SNAPBENGT,35.0,DOE LoEPP Jul-2026
01BONGSOL_G01,LUZON,BONGSOL,Solar,GSEI,19.8,name rule: SOL
01BOSUNG_G01,LUZON,Sarrat (Bosung),Solar,BOSUNG,1.0,DOE LoEPP Jul-2026
01BT2020_G01,LUZON,Bataan 2020,Bioenergy,BTN2020,11.0,DOE LoEPP Jul-2026
01BT2020_G02,LUZON,Bataan 2020,Bioenergy,BATA02,25.0,DOE LoEPP Jul-2026
01BTNSOL_G01,LUZON,BTNSOL,Solar,SPARC2,4.8,name rule: SOL
01BTSOLEN_G01,LUZON,BTSOLEN,Solar,BSEI,3.7,name rule: SOL
01BUGALSOL_G01,LUZON,BUGALSOL,Solar,BGEC,18.6,name rule: SOL
01BUGSOL_G01,LUZON,BUGSOL,Solar,3BEC,491.1,name rule: SOL
01BULACSOL_G01,LUZON,BULACSOL,Solar,SIAEC,17.2,name rule: SOL
01BULSOL_G01,LUZON,BULSOL,Solar,BULACNSE,15.0,name rule: SOL
01BURGOS_G01,LUZON,Burgos wind,Wind,EBWPC,150.0,DOE LoEPP Jul-2026
01BURGOS_G02,LUZON,Burgos solar ph 1,Solar,EDCSL,3.4,DOE LoEPP Jul-2026
01BURGOS_G03,LUZON,Burgos solar ph 2,Solar,EDCSLP2,2.2,DOE LoEPP Jul-2026
01BUTAO_G01,LUZON,Butao irrigation drop,Hydro,MGC,1.3,DOE LoEPP Jul-2026
01CABSOL_G01,LUZON,CABSOL,Solar,FCRV,8.8,name rule: SOL
01CAGBIO_G01,LUZON,Cagayan Biomass,Bioenergy,CBEC,13.5,DOE LoEPP Jul-2026
01CAGYSOL_G01,LUZON,CAGYSOL,Solar,NAREDCO,60.0,name rule: SOL
01CALIBUNK_G01,LUZON,Calibu bunker DPP,Oil,CALIBU,27.5,DOE LoEPP Jul-2026
01CAPAS_G01,LUZON,Capas (Supreme Power),Oil,SUPREMEPC,11.0,name/operator heuristic (Supreme Power runs bunker plants); low confidence
01CAPRIS_G01,LUZON,Caparispisan,Wind,NLREC,81.0,DOE LoEPP Jul-2026
01CAPRIS_G02,LUZON,Caparispisan,Wind,AREC,45.1,DOE LoEPP Jul-2026
01CASECN_U01,LUZON,Casecnan,Hydro,PSALM,82.5,DOE LoEPP Jul-2026
01CASECN_U02,LUZON,Casecnan,Hydro,PSALM,82.5,DOE LoEPP Jul-2026
01CAYBSOL_G01,LUZON,CAYBSOL,Solar,PVSPI,75.1,name rule: SOL
01CIP2_G01,LUZON,La Union Thermal (ex CIP II),Oil,CIP2,20.0,DOE LoEPP Jul-2026
01CLASOL_G01,LUZON,CLASOL,Solar,CSCLARK,19.1,name rule: SOL
01CLEANG_G01,LUZON,Cleangreen,Bioenergy,CEC,10.8,DOE LoEPP Jul-2026
01CNCEP_BAT,LUZON,CNCEP battery,Storage,UPSI,50.0,'_BAT' suffix (battery storage); discharge only
01CONSOL_G01,LUZON,CONSOL,Solar,SOLARPHTC,82.5,name rule: SOL
01CORDONSOL_G01,LUZON,CORDONSOL,Solar,G4G,52.7,name rule: SOL
01CURSOL_G02,LUZON,CURSOL,Solar,NSEC,68.7,name rule: SOL
01DALSOL_G01,LUZON,DALSOL,Solar,NVVOGTDAL,5.9,name rule: SOL
01DIPALO_G01,LUZON,Dipalo,Hydro,PBRSI,4.2,name heuristic (Dipalo mini-hydro); low confidence
01DOMSOL_G01,LUZON,DOMSOL,Solar,SSPC,46.2,name rule: SOL
01GAMU_BAT,LUZON,GAMU battery,Storage,UPSI,40.0,'_BAT' suffix (battery storage); discharge only
01GFII_G01,LUZON,Green Future Innovations,Bioenergy,GFII,15.8,DOE LoEPP Jul-2026
01GIFT_G01,LUZON,GIFT,Bioenergy,GIFT,12.0,DOE LoEPP Jul-2026
01GIFT_G02,LUZON,GIFT,Bioenergy,GIFT2,6.0,DOE LoEPP Jul-2026
01GIGSOL_G01,LUZON,GIGSOL,Solar,GIGASOL3,50.5,name rule: SOL
01GNPD_U01,LUZON,GNPower Dinginin,Coal,GNPD,668.0,DOE LoEPP Jul-2026
01GNPD_U02,LUZON,GNPower Dinginin,Coal,GNPD,668.0,DOE LoEPP Jul-2026
01GRGOLD_G01,LUZON,G2REC Grass Gold,Bioenergy,G2REC,10.8,DOE LoEPP Jul-2026
01HYPGRN_G01,LUZON,HYPGRN,Unmapped,HGEC,10.0,
01IBEC_G01,LUZON,Isabela Biomass,Bioenergy,IBEC,18.0,DOE LoEPP Jul-2026
01IBULAO_G01,LUZON,Ibulao,Hydro,HCC,6.0,DOE LoEPP Jul-2026
01IPOWER_G01,LUZON,SJC iPower,Bioenergy,IPOWER,10.8,DOE LoEPP Jul-2026
01IPOWER_G02,LUZON,SJC iPower,Bioenergy,IPOWER,10.8,DOE LoEPP Jul-2026
01LAMAO_BAT,LUZON,LAMAO battery,Storage,UPSI,50.0,'_BAT' suffix (battery storage); discharge only
01LAOSOL_G01,LUZON,LAOSOL,Solar,PVSPI,130.2,name rule: SOL
01LASUER_U01,LUZON,La Suerte rice mill,Bioenergy,ILSRMC,5.1,DOE LoEPP Jul-2026
01LIMAY_BAT,LUZON,LIMAY battery,Storage,UPSI,40.0,'_BAT' suffix (battery storage); discharge only
01LIMAY_U01,LUZON,"Limay CCGT (PanAsia, runs on diesel)",Oil,PANASIA,60.0,"DOE LoEPP Jul-2026 lists it as Gas Turbine, not Natural Gas"
01LIMAY_U02,LUZON,"Limay CCGT (PanAsia, runs on diesel)",Oil,PANASIA,60.0,"DOE LoEPP Jul-2026 lists it as Gas Turbine, not Natural Gas"
01LIMAY_U03,LUZON,"Limay CCGT (PanAsia, runs on diesel)",Oil,PANASIA,60.0,"DOE LoEPP Jul-2026 lists it as Gas Turbine, not Natural Gas"
01LIMAY_U04,LUZON,"Limay CCGT (PanAsia, runs on diesel)",Oil,PANASIA,87.0,"DOE LoEPP Jul-2026 lists it as Gas Turbine, not Natural Gas"
01LIMAY_U05,LUZON,"Limay CCGT (PanAsia, runs on diesel)",Oil,PANASIA,60.0,"DOE LoEPP Jul-2026 lists it as Gas Turbine, not Natural Gas"
01LIMAY_U06,LUZON,"Limay CCGT (PanAsia, runs on diesel)",Oil,PANASIA,60.0,"DOE LoEPP Jul-2026 lists it as Gas Turbine, not Natural Gas"
01LIMAY_U07,LUZON,"Limay CCGT (PanAsia, runs on diesel)",Oil,PANASIA,60.0,"DOE LoEPP Jul-2026 lists it as Gas Turbine, not Natural Gas"
01LIMAY_U08,LUZON,"Limay CCGT (PanAsia, runs on diesel)",Oil,PANASIA,90.0,"DOE LoEPP Jul-2026 lists it as Gas Turbine, not Natural Gas"
01LIMSOL_G01,LUZON,LIMSOL,Solar,BKSGEC,27.8,name rule: SOL
01MAEC_G01,LUZON,Majestic,Solar,MAEC,16.0,DOE LoEPP Jul-2026
01MAGAPIT_BAT,LUZON,MAGAPIT battery,Storage,UPSI,40.0,'_BAT' suffix (battery storage); discharge only
01MAGAT_BAT,LUZON,MAGAT battery,Storage,SNAP,40.0,'_BAT' suffix (battery storage); discharge only
01MAGAT_U01,LUZON,Magat,Hydro,SNAP,97.0,DOE LoEPP Jul-2026
01MAGAT_U02,LUZON,Magat,Hydro,SNAP,97.0,DOE LoEPP Jul-2026
01MAGAT_U03,LUZON,Magat,Hydro,SNAP,97.0,DOE LoEPP Jul-2026
01MAGAT_U04,LUZON,Magat,Hydro,SNAP,97.0,DOE LoEPP Jul-2026
01MANSOK_G01,LUZON,Man-asok,Hydro,BENECOGEN,3.2,DOE LoEPP Jul-2026
01MARIS_U01,LUZON,Maris canal,Hydro,NIAMARIS,4.3,DOE LoEPP Jul-2026
01MARIS_U02,LUZON,Maris canal,Hydro,NIAMARIS,4.3,DOE LoEPP Jul-2026
01MARSOL_G01,LUZON,MARSOL,Solar,NEXTGEN,17.6,name rule: SOL
01MARVEL_G01,LUZON,GNPower Mariveles,Coal,GMEC,316.0,DOE LoEPP Jul-2026
01MARVEL_G02,LUZON,GNPower Mariveles,Coal,GMEC,316.0,DOE LoEPP Jul-2026
01MASIWA_G01,LUZON,Masiway,Hydro,FGHPC,12.0,DOE LoEPP Jul-2026
01MATUNO_G01,LUZON,Matuno,Hydro,MRDC,8.7,DOE LoEPP Jul-2026
01MEGASOL_G01,LUZON,MEGASOL,Solar,ME1I,41.2,name rule: SOL
01MPGC_U01,LUZON,Mariveles Power Generation Corp,Coal,MPGC,135.0,DOE LoEPP Jul-2026
01MPGC_U02,LUZON,Mariveles Power Generation Corp,Coal,MPGC,133.0,DOE LoEPP Jul-2026
01MPGC_U03,LUZON,Mariveles Power Generation Corp,Coal,MPGC,133.0,DOE LoEPP Jul-2026
01MPGC_U04,LUZON,Mariveles Power Generation Corp,Coal,MPGC,137.0,DOE LoEPP Jul-2026
01MSINLO_BAT,LUZON,MSINLO battery,Storage,MPPC,30.0,'_BAT' suffix (battery storage); discharge only
01MSINLO_G01,LUZON,Masinloc,Coal,MPPC,322.7,DOE LoEPP Jul-2026
01MSINLO_G02,LUZON,Masinloc,Coal,MPPC,322.7,DOE LoEPP Jul-2026
01MSINLO_G03,LUZON,Masinloc,Coal,MPPC,307.2,DOE LoEPP Jul-2026
01MSINLO_G04,LUZON,Masinloc,Coal,MPPC,315.0,DOE LoEPP Jul-2026
01NIABAL_G01,LUZON,NIA Baligatan,Hydro,NIABAL,6.0,DOE LoEPP Jul-2026
01NMHC_G01,LUZON,Hedcor Irisan / Northern mini hydro,Hydro,HEDCORHE,3.9,operator HEDCOR (hydro)
01NMHC_G03,LUZON,Hedcor Irisan / Northern mini hydro,Hydro,HEDCOR,1.2,operator HEDCOR (hydro)
01NUEVASOL_G01,LUZON,NUEVASOL,Solar,NEC,30.9,name rule: SOL
01NWIND_G01,LUZON,NWIND,Wind,NORTHWIND,32.4,name rule: WIND
01NWIND_G02,LUZON,NWIND,Wind,NWPDC,18.8,name rule: WIND
01OLONGSOL_G01,LUZON,OLONGSOL,Solar,APREC,172.2,name rule: SOL
01PASBUSOL_G01,LUZON,PASBUSOL,Solar,NREC,61.2,name rule: SOL
01PASQSOL_G01,LUZON,PASQSOL,Solar,ELPISPP,92.4,name rule: SOL
01PAVGSOL_G01,LUZON,PAVGSOL,Solar,PGBREI,16.2,name rule: SOL
01PETRON_G01,LUZON,Petron refinery solid-fuel boiler,Coal,PETRONGEN,141.4,DOE LoEPP Jul-2026 (coal/petcoke)
01PETSOL_G01,LUZON,PETSOL,Solar,PETROSOLR,44.4,name rule: SOL
01PETSOL_G02,LUZON,PETSOL,Solar,PETSOL,16.5,name rule: SOL
01PNTBNG_U01,LUZON,Pantabangan,Hydro,FGHPC,60.0,DOE LoEPP Jul-2026
01PNTBNG_U02,LUZON,Pantabangan,Hydro,FGHPC,60.0,DOE LoEPP Jul-2026
01RASLAG_G01,LUZON,Raslag,Solar,RC,8.2,DOE LoEPP Jul-2026
01RASLAG_G02,LUZON,Raslag,Solar,RCP2,10.5,DOE LoEPP Jul-2026
01RASLAG_G03,LUZON,Raslag,Solar,RC,13.4,DOE LoEPP Jul-2026
01RASLAG_G04,LUZON,Raslag,Solar,RC,26.4,DOE LoEPP Jul-2026
01SABANG_G01,LUZON,Sabangan,Hydro,HSABI,14.2,DOE LoEPP Jul-2026
01SAMLSOL_G01,LUZON,SAMLSOL,Solar,SAMALSOLR,35.8,name rule: SOL
01SANMIGSOL_G01,LUZON,SANMIGSOL,Solar,PFBSI,55.0,name rule: SOL
01SHIZEN_G01,LUZON,Palauig (Shizen),Solar,SHIZEN,49.5,DOE LoEPP Jul-2026
01SJSOL_G01,LUZON,SJSOL,Solar,SJGEC,15.3,name rule: SOL
01SLANGN_G01,LUZON,Sal-angan,Hydro,HEDCOR,2.4,DOE LoEPP Jul-2026
01SMBELL_G01,LUZON,Communal-Uddiawan (Smith-Bell),Hydro,SMITHBELL,1.8,DOE LoEPP Jul-2026
01SMC_G01,LUZON,"Limay CFB (LPI, ex SMC Consolidated)",Coal,SMCCPC,134.0,DOE LoEPP Jul-2026
01SMC_G02,LUZON,"Limay CFB (LPI, ex SMC Consolidated)",Coal,SMCCPC,134.0,DOE LoEPP Jul-2026
01SMC_G03,LUZON,"Limay CFB (LPI, ex SMC Consolidated)",Coal,SMCCPC,134.0,DOE LoEPP Jul-2026
01SMC_G04,LUZON,"Limay CFB (LPI, ex SMC Consolidated)",Coal,SMCCPC,134.0,DOE LoEPP Jul-2026
01SNMANSOL_G01,LUZON,SNMANSOL,Solar,RERI,69.9,name rule: SOL
01SNMAN_BAT,LUZON,SNMAN battery,Storage,UPSI,50.0,'_BAT' suffix (battery storage); discharge only
01SNMARSOL_G01,LUZON,SNMARSOL,Solar,SCSEI,308.3,name rule: SOL
01SPABUL_G01,LUZON,SPARC San Rafael Bulacan,Solar,SPARC3,3.8,DOE LoEPP Jul-2026
01SROQUE_U01,LUZON,San Roque,Hydro,SPDC,145.0,DOE LoEPP Jul-2026
01SROQUE_U02,LUZON,San Roque,Hydro,SPDC,145.0,DOE LoEPP Jul-2026
01SROQUE_U03,LUZON,San Roque,Hydro,SPDC,145.0,DOE LoEPP Jul-2026
01SUAL_G01,LUZON,Sual,Coal,SMEC,600.0,DOE LoEPP Jul-2026
01SUAL_G02,LUZON,Sual,Coal,SMEC,600.0,DOE LoEPP Jul-2026
01SUBSOL_G01,LUZON,SUBSOL,Solar,JOBIN,85.5,name rule: SOL
01SUPSOL_G01,LUZON,SUPSOL,Solar,JOBIN,61.6,name rule: SOL
01S_ENRO_G01,LUZON,Subic DPP (OSPGC),Oil,OSPGC,110.0,DOE LoEPP Jul-2026
01TERASU_G01,LUZON,Sta Rosa (Terasu),Solar,TERASU,40.1,DOE LoEPP Jul-2026
01TERRASOL_G01,LUZON,TERRASOL,Solar,TSPI,950.0,name rule: SOL
01TRUSTBIO_G01,LUZON,Trustpower biomass,Bioenergy,TRUSTSOLR,1.7,name heuristic
01TRUSTSOL_G01,LUZON,TRUSTSOL,Solar,TRUSTSOLR,15.4,name rule: SOL
01T_ASIA_G01,LUZON,Trans-Asia Power Generation,Oil,TAPGC,48.0,name heuristic; low confidence
01UPPC_G01,LUZON,UPPC,Coal,UPPCGEN,5.0,DOE LoEPP Jul-2026
01VSGRIP_G01,LUZON,VS Gripal,Bioenergy,VSGPC,5.4,DOE LoEPP Jul-2026
01YHGRN_G01,LUZON,YH Green,Solar,YHGEI,13.4,DOE LoEPP Jul-2026
01ZAMSOL_G01,LUZON,ZAMSOL,Solar,SPARC,4.8,name rule: SOL
02ECOPRK_G01,LUZON,Ecopark Isla,Solar,ECOPARK,4.0,DOE LoEPP Jul-2026
02ECOTAGA_G01,LUZON,Tagalag (Ecopark),Solar,ECOPARK2,14.7,DOE LoEPP Jul-2026
02MMPP_G01,LUZON,Montalban landfill gas,Bioenergy,MMPC,5.1,DOE LoEPP Jul-2026
02PNGEA_G01,LUZON,Pangea Payatas,Bioenergy,PGEP,0.6,DOE LoEPP Jul-2026
02PNGYSOL_G01,LUZON,PNGYSOL,Solar,PHRI,80.1,name rule: SOL
02SMNRTH_G01,LUZON,SM North EDSA rooftop,Solar,SPSMNORTH,1.2,DOE LoEPP Jul-2026
02TMOBIL_G01,LUZON,Therma Mobile barges,Oil,TMOBIL,56.9,DOE LoEPP Jul-2026
02TMOBIL_G03,LUZON,Therma Mobile barges,Oil,TMOBIL,50.1,DOE LoEPP Jul-2026
02VALSOL_G01,LUZON,VALSOL,Solar,VSEI,7.4,name rule: SOL
03ADISOL_G01,LUZON,ADISOL,Solar,ABSOLUTDI,1.6,name rule: SOL
03ALMNOS_BAT1,LUZON,ALMNOS battery,Storage,GIGAACE4,20.0,'_BAT' suffix (battery storage); discharge only
03ALMNOS_BAT2,LUZON,ALMNOS battery,Storage,GIGAACE4,20.0,'_BAT' suffix (battery storage); discharge only
03AVION_U01,LUZON,Avion,Gas,PMPC,47.2,DOE LoEPP Jul-2026
03AVION_U02,LUZON,Avion,Gas,PMPC,45.8,DOE LoEPP Jul-2026
03AWOC_G01,LUZON,Pililla wind (Alternergy),Wind,AWOC,53.6,DOE LoEPP Jul-2026
03BACMAN_BAT,LUZON,BACMAN battery,Storage,EDC,20.0,'_BAT' suffix (battery storage); discharge only
03BACMAN_U01,LUZON,Bac-Man,Geothermal,BGI,60.0,DOE LoEPP Jul-2026
03BACMAN_U02,LUZON,Bac-Man,Geothermal,BGI,60.0,DOE LoEPP Jul-2026
03BACMAN_U03,LUZON,Bac-Man,Geothermal,BGI,20.0,DOE LoEPP Jul-2026
03BALUG_G01,LUZON,Balugbog,Hydro,PPDC2,1.1,DOE LoEPP Jul-2026
03BART_G01,LUZON,Barit,Hydro,PESI,1.8,DOE LoEPP Jul-2026
03BATSOL_G01,LUZON,BATSOL,Solar,BAI,5.8,name rule: SOL
03BBEC_G01,LUZON,Bicol Biomass,Bioenergy,BBEC,4.4,DOE LoEPP Jul-2026
03BOLBOKSOL_G01,LUZON,BOLBOKSOL,Solar,CSBAT2,50.0,name rule: SOL
03BOLBOKSOL_G02,LUZON,BOLBOKSOL,Solar,CSBAT2,72.0,name rule: SOL
03BOTOCA_G01,LUZON,Botocan,Hydro,C9PI,23.0,DOE LoEPP Jul-2026
03CALACA_G01,LUZON,Calaca (SCPC),Coal,SCPC,239.9,DOE LoEPP Jul-2026
03CALACA_G02,LUZON,Calaca (SCPC),Coal,SCPC,290.0,DOE LoEPP Jul-2026
03CALIRY_G01,LUZON,Caliraya,Hydro,C9PI,37.0,DOE LoEPP Jul-2026
03CALSOL_G01,LUZON,CALSOL,Solar,SOLARPHIL,49.7,name rule: SOL
03CLABSOL_G01,LUZON,CLABSOL,Solar,CALABANGA,50.0,name rule: SOL
03CLBATO_G01,LUZON,Calibato,Hydro,PPDC3,0.3,DOE LoEPP Jul-2026
03COLASI_G01,LUZON,Colasi,Hydro,CMHEPPC,4.0,"name heuristic (Colasi mini-hydro, Camarines Sur)"
03EERI_G01,LUZON,EERI Batangas CCGT,Gas,EERI,420.6,DOE LoEPP Jul-2026
03EERI_G02,LUZON,EERI Batangas CCGT,Gas,EERI,421.9,DOE LoEPP Jul-2026
03EERI_G03,LUZON,EERI Batangas CCGT,Gas,EERI,419.6,DOE LoEPP Jul-2026
03ILIJAN_G01,LUZON,Ilijan,Gas,SPPC,600.0,DOE LoEPP Jul-2026
03ILIJAN_G02,LUZON,Ilijan,Gas,SPPC,600.0,DOE LoEPP Jul-2026
03INARI_G01,LUZON,Inarihan,Hydro,BHC,1.6,DOE LoEPP Jul-2026
03INGRID_GS1,LUZON,Pililla DPP (Ingrid/Aggreko),Oil,IPHI1,28.0,DOE LoEPP Jul-2026
03INGRID_GS2,LUZON,Pililla DPP (Ingrid/Aggreko),Oil,IPHI1,22.0,DOE LoEPP Jul-2026
03INGRID_GS3,LUZON,Pililla DPP (Ingrid/Aggreko),Oil,IPHI1,22.0,DOE LoEPP Jul-2026
03INGRID_GS4,LUZON,Pililla DPP (Ingrid/Aggreko),Oil,IPHI1,28.0,DOE LoEPP Jul-2026
03INGRID_GS5,LUZON,Pililla DPP (Ingrid/Aggreko),Oil,IPHI1,22.0,DOE LoEPP Jul-2026
03INGRID_GS6,LUZON,Pililla DPP (Ingrid/Aggreko),Oil,IPHI1,28.0,DOE LoEPP Jul-2026
03KAL_G01,LUZON,Kalayaan pumped storage,Hydro,C9PI,181.1,"DOE LoEPP Jul-2026 Pumped Hydro: generation only, pumping (negative) excluded"
03KAL_G02,LUZON,Kalayaan pumped storage,Hydro,C9PI,181.0,"DOE LoEPP Jul-2026 Pumped Hydro: generation only, pumping (negative) excluded"
03KAL_G03,LUZON,Kalayaan pumped storage,Hydro,C9PI,181.4,"DOE LoEPP Jul-2026 Pumped Hydro: generation only, pumping (negative) excluded"
03KAL_G04,LUZON,Kalayaan pumped storage,Hydro,C9PI,185.0,"DOE LoEPP Jul-2026 Pumped Hydro: generation only, pumping (negative) excluded"
03LMHP_G01,LUZON,Laguio Malaki,Hydro,ESCI,1.0,DOE LoEPP Jul-2026
03LUMBAN_BAT,LUZON,LUMBAN battery,Storage,UPSI,50.0,'_BAT' suffix (battery storage); discharge only
03LUMBSOL_G01,LUZON,LUMBSOL,Solar,CSBAT1,90.0,name rule: SOL
03LUNSOL_G01,LUZON,LUNSOL,Solar,CSBAT1,50.1,name rule: SOL
03LWERLAB_G01,LUZON,Lower Labayat,Hydro,BEHMCLLHC,1.4,DOE LoEPP Jul-2026
03MAJAY_G01,LUZON,Majayjay,Hydro,MHCI,2.2,DOE LoEPP Jul-2026
03MALAYA_G01,LUZON,Malaya thermal,Oil,.WESM,300.0,"oil thermal plant (NPC/PSALM, must-run reserve)"
03MALAYA_G02,LUZON,Malaya thermal,Oil,BPC,130.0,"oil thermal plant (NPC/PSALM, must-run reserve)"
03MARAGSOL_G01,LUZON,MARAGSOL,Solar,STC,48.1,name rule: SOL
03MEC_G01,LUZON,MEC,Unmapped,MEC,32.9,
03MGI_G02,LUZON,Maibarara 2,Geothermal,MGI,12.0,DOE LoEPP Jul-2026
03MGPP_G01,LUZON,Maibarara 1,Geothermal,MGI,20.0,DOE LoEPP Jul-2026
03MKBN_A,LUZON,Makban,Geothermal,APRI,114.0,DOE LoEPP Jul-2026
03MKBN_B,LUZON,Makban,Geothermal,APRI,116.0,DOE LoEPP Jul-2026
03MKBN_D,LUZON,Makban,Geothermal,APRI,40.0,DOE LoEPP Jul-2026
03MKBN_E,LUZON,Makban,Geothermal,APRI,40.0,DOE LoEPP Jul-2026
03NAICSOL_G01,LUZON,NAICSOL,Solar,JNSI,5.0,name rule: SOL
03ORMAT_G01,LUZON,Makban binary,Geothermal,APRI,3.0,DOE LoEPP Jul-2026
03PAGBIL_G01,LUZON,Pagbilao,Coal,TLI,382.0,DOE LoEPP Jul-2026
03PAGBIL_G02,LUZON,Pagbilao,Coal,TLI,382.0,DOE LoEPP Jul-2026
03PAGBIL_G03,LUZON,Pagbilao,Coal,PEC,420.0,DOE LoEPP Jul-2026
03PALAK_G01,LUZON,Palakpakin,Hydro,PPDC,1.5,DOE LoEPP Jul-2026
03PALAYAN_G01,LUZON,Palayan binary,Geothermal,BGI,24.0,DOE LoEPP Jul-2026
03QPPL_G01,LUZON,Quezon Power,Coal,QPPL,400.0,DOE LoEPP Jul-2026
03RCBMI_G01,LUZON,Republic Cement Batangas DPP,Oil,RCBMI,5.5,DOE LoEPP Jul-2026
03RCBMI_G02,LUZON,Republic Cement Batangas DPP,Oil,RCBMI,5.5,DOE LoEPP Jul-2026
03SBPL_G01,LUZON,San Buenaventura,Coal,SBPLC,455.0,DOE LoEPP Jul-2026
03SLPGC_G01,LUZON,SLPGC Calaca,Coal,SLPGC,150.0,DOE LoEPP Jul-2026
03SLPGC_G02,LUZON,SLPGC Calaca,Coal,SLPGC,149.6,DOE LoEPP Jul-2026
03SLTEC_G01,LUZON,SLTEC Puting Bato,Coal,SLTEC,122.0,DOE LoEPP Jul-2026
03SLTEC_G02,LUZON,SLTEC Puting Bato,Coal,SLTEC,123.0,DOE LoEPP Jul-2026
03SNGAB_G01,LUZON,San Gabriel,Gas,FNPC,417.4,DOE LoEPP Jul-2026
03SOLACE_G01,LUZON,SOLACE,Solar,SOLARACE1,89.4,name rule: SOL
03STA-RI_G01,LUZON,Santa Rita / San Lorenzo,Gas,FGPCSTRA,263.0,"DOE LoEPP Jul-2026 (G05-G06 = San Lorenzo, TP FGPSANLO)"
03STA-RI_G02,LUZON,Santa Rita / San Lorenzo,Gas,FGPCSTRA,263.0,"DOE LoEPP Jul-2026 (G05-G06 = San Lorenzo, TP FGPSANLO)"
03STA-RI_G03,LUZON,Santa Rita / San Lorenzo,Gas,FGPCSTRA,263.0,"DOE LoEPP Jul-2026 (G05-G06 = San Lorenzo, TP FGPSANLO)"
03STA-RI_G04,LUZON,Santa Rita / San Lorenzo,Gas,FGPCSTRA,263.0,"DOE LoEPP Jul-2026 (G05-G06 = San Lorenzo, TP FGPSANLO)"
03STA-RI_G05,LUZON,Santa Rita / San Lorenzo,Gas,FGPSANLO,265.0,"DOE LoEPP Jul-2026 (G05-G06 = San Lorenzo, TP FGPSANLO)"
03STA-RI_G06,LUZON,Santa Rita / San Lorenzo,Gas,FGPSANLO,265.0,"DOE LoEPP Jul-2026 (G05-G06 = San Lorenzo, TP FGPSANLO)"
03TANAWON_G01,LUZON,Tanawon,Geothermal,BGI,20.6,DOE LoEPP Jul-2026
03TANSOL_G01,LUZON,TANSOL,Solar,STC,48.1,name rule: SOL
03TANWIND_G01,LUZON,TANWIND,Wind,ATWC,128.0,name rule: WIND
03TGPP_G01,LUZON,Tiwi binary,Geothermal,APRI,9.7,DOE LoEPP Jul-2026
03TIBAG_G01,LUZON,Tibag,Hydro,THC,5.8,DOE LoEPP Jul-2026
03TIWI_A,LUZON,Tiwi,Geothermal,APRI,120.0,DOE LoEPP Jul-2026
03TIWI_C,LUZON,Tiwi,Geothermal,APRI,106.9,DOE LoEPP Jul-2026
03UPLAB_G01,LUZON,Upper Labayat,Hydro,UPLAB1,3.5,DOE LoEPP Jul-2026
04CLBYBNK_G01,VISAYAS,Calbayog bunker,Oil,GTEC,10.9,DOE LoEPP Jul-2026
04IASMOD_G01,VISAYAS,Isabel modular DPP,Oil,IASCO,10.0,DOE LoEPP Jul-2026
04IASMOD_G02,VISAYAS,Isabel modular DPP,Oil,IASCO,10.0,DOE LoEPP Jul-2026
04IASMOD_G03,VISAYAS,Isabel modular DPP,Oil,IASCO,15.0,DOE LoEPP Jul-2026
04IASMOD_G04,VISAYAS,Isabel modular DPP,Oil,IASCO,10.0,DOE LoEPP Jul-2026
04IASMOD_G05,VISAYAS,Isabel modular DPP,Oil,IASCO,15.0,DOE LoEPP Jul-2026
04IASMOD_G06,VISAYAS,Isabel modular DPP,Oil,IASCO,10.0,DOE LoEPP Jul-2026
04ISIDROSOL_G01,VISAYAS,ISIDROSOL,Solar,SISPC,100.5,name rule: SOL
04LEYTE_A,VISAYAS,Unified Leyte,Geothermal,EDC,474.6,DOE LoEPP Jul-2026
04LGPP_G01,VISAYAS,Tongonan I,Geothermal,GCGI,120.5,DOE LoEPP Jul-2026
04ORMOC_BAT,VISAYAS,ORMOC battery,Storage,UPSI,40.0,'_BAT' suffix (battery storage); discharge only
04PHSOL_G01,VISAYAS,PHSOL,Solar,PSFLI,24.4,name rule: SOL
04SEPSOL_G01,VISAYAS,SEPSOL,Solar,SEPALCO,40.5,name rule: SOL
04TABAN_BAT,VISAYAS,TABAN battery,Storage,UPSI,20.0,'_BAT' suffix (battery storage); discharge only
04TAFTSOL_G01,VISAYAS,TAFTSOL,Solar,TAFTSOL,17.5,name rule: SOL
04TAFT_G01,VISAYAS,Upper Taft,Hydro,TAFTHEC,15.0,DOE LoEPP Jul-2026
04TONGO_BAT,VISAYAS,TONGO battery,Storage,EDC,10.0,'_BAT' suffix (battery storage); discharge only
04UTH_G01,VISAYAS,Tubig,Hydro,IVIUPPER,13.8,DOE LoEPP Jul-2026 (IVI Upper Tubig)
05CARMENDPP_U01,VISAYAS,Carmen DPP (TPC),Oil,TPC,10.0,DOE LoEPP Jul-2026
05CARMENDPP_U02,VISAYAS,Carmen DPP (TPC),Oil,TPC,10.0,DOE LoEPP Jul-2026
05CARMENDPP_U03,VISAYAS,Carmen DPP (TPC),Oil,TPC,10.0,DOE LoEPP Jul-2026
05CARMEN_BAT,VISAYAS,CARMEN battery,Storage,TEDC,25.0,'_BAT' suffix (battery storage); discharge only
05CEDC_U01,VISAYAS,Cebu Energy Development,Coal,CEBUEDC,74.2,DOE LoEPP Jul-2026
05CEDC_U02,VISAYAS,Cebu Energy Development,Coal,CEBUEDC,72.5,DOE LoEPP Jul-2026
05CEDC_U03,VISAYAS,Cebu Energy Development,Coal,CEBUEDC,71.7,DOE LoEPP Jul-2026
05CPPC_U01,VISAYAS,Cebu Private Power,Oil,CPPC,6.3,DOE LoEPP Jul-2026
05CPPC_U02,VISAYAS,Cebu Private Power,Oil,CPPC,6.3,DOE LoEPP Jul-2026
05CPPC_U03,VISAYAS,Cebu Private Power,Oil,CPPC,6.2,DOE LoEPP Jul-2026
05CPPC_U04,VISAYAS,Cebu Private Power,Oil,CPPC,6.3,DOE LoEPP Jul-2026
05CPPC_U05,VISAYAS,Cebu Private Power,Oil,CPPC,6.3,DOE LoEPP Jul-2026
05CPPC_U06,VISAYAS,Cebu Private Power,Oil,CPPC,6.3,DOE LoEPP Jul-2026
05CPPC_U07,VISAYAS,Cebu Private Power,Oil,CPPC,6.3,DOE LoEPP Jul-2026
05CPPC_U08,VISAYAS,Cebu Private Power,Oil,CPPC,6.3,DOE LoEPP Jul-2026
05CPPC_U09,VISAYAS,Cebu Private Power,Oil,CPPC,6.3,DOE LoEPP Jul-2026
05CPPC_U10,VISAYAS,Cebu Private Power,Oil,CPPC,6.3,DOE LoEPP Jul-2026
05EAUC_BAT,VISAYAS,EAUC battery,Storage,EAUC,13.0,'_BAT' suffix (battery storage); discharge only
05EAUC_U02,VISAYAS,East Asia Utilities,Oil,EAUC,10.5,DOE LoEPP Jul-2026
05EAUC_U03,VISAYAS,East Asia Utilities,Oil,EAUC,11.0,DOE LoEPP Jul-2026
05EAUC_U04,VISAYAS,East Asia Utilities,Oil,EAUC,11.0,DOE LoEPP Jul-2026
05KSPC_G01,VISAYAS,KEPCO SPC Naga,Coal,KSPC,103.0,DOE LoEPP Jul-2026
05KSPC_G02,VISAYAS,KEPCO SPC Naga,Coal,KSPC,103.0,DOE LoEPP Jul-2026
05THVI_U01,VISAYAS,Therma Visayas,Coal,TVI,169.0,DOE LoEPP Jul-2026
05THVI_U02,VISAYAS,Therma Visayas,Coal,TVI,169.0,DOE LoEPP Jul-2026
05TOLEDO_BAT,VISAYAS,TOLEDO battery,Storage,UPSI,20.0,'_BAT' suffix (battery storage); discharge only
05TOLSOL_G01,VISAYAS,TOLSOL,Solar,FTOLEDO,48.0,name rule: SOL
05TPC_G02,VISAYAS,Toledo Power Sangi,Coal,TPC,83.6,DOE LoEPP Jul-2026
06AMLA_G01,VISAYAS,Amlan,Hydro,ICS,0.9,DOE LoEPP Jul-2026
06BBGPP_G01,VISAYAS,EDC Negros small GPP,Geothermal,EDC,4.7,operator EDC + 'GPP' in name; low confidence
06BISCOM_G01,VISAYAS,BISCOM,Bioenergy,BISCOM,12.7,DOE LoEPP Jul-2026
06CABI_G01,VISAYAS,CAB,Bioenergy,CAB,12.0,DOE LoEPP Jul-2026
06CALASOL_G01,VISAYAS,CALASOL,Solar,ASPI,140.7,name rule: SOL
06CARSOL_G01,VISAYAS,CARSOL,Solar,NISPI,27.1,name rule: SOL
06CENPRI_U01,VISAYAS,CENPRI Negros DPP,Oil,CENPRI,4.4,DOE LoEPP Jul-2026
06CENPRI_U02,VISAYAS,CENPRI Negros DPP,Oil,CENPRI,4.4,DOE LoEPP Jul-2026
06CENPRI_U03,VISAYAS,CENPRI Negros DPP,Oil,CENPRI,4.4,DOE LoEPP Jul-2026
06CENPRI_U04,VISAYAS,CENPRI Negros DPP,Oil,CENPRI,6.5,DOE LoEPP Jul-2026
06CENPRI_U05,VISAYAS,CENPRI Negros DPP,Oil,CENPRI,6.5,DOE LoEPP Jul-2026
06FFHC_G01,VISAYAS,First Farmers,Bioenergy,FFHC,9.0,DOE LoEPP Jul-2026
06HELIOS_G01,VISAYAS,Helios Cadiz,Solar,HELIOS,105.0,DOE LoEPP Jul-2026
06HPCO_G01,VISAYAS,HPCo,Bioenergy,HPCO,2.0,DOE LoEPP Jul-2026
06HPCO_G02,VISAYAS,HPCo,Bioenergy,HPCO2,9.5,DOE LoEPP Jul-2026
06KABAN_BAT,VISAYAS,KABAN battery,Storage,SPESCL,30.0,'_BAT' suffix (battery storage); discharge only
06MANSOL_G01,VISAYAS,MANSOL,Solar,NISPI2,40.5,name rule: SOL
06MNTSOL_G01,VISAYAS,MNTSOL,Solar,MONTESOL,14.5,name rule: SOL
06NASULO_G01,VISAYAS,Nasulo,Geothermal,EDC,45.0,DOE LoEPP Jul-2026
06NTNEGB_G01,VISAYAS,North Negros Biopower,Bioenergy,NNBP,21.5,DOE LoEPP Jul-2026
06PAL1A_U01,VISAYAS,Palinpinon 1,Geothermal,GCGI,35.2,DOE LoEPP Jul-2026
06PAL1A_U02,VISAYAS,Palinpinon 1,Geothermal,GCGI,34.8,DOE LoEPP Jul-2026
06PAL1A_U03,VISAYAS,Palinpinon 1,Geothermal,GCGI,35.3,DOE LoEPP Jul-2026
06PAL2A_U01,VISAYAS,Palinpinon 2,Geothermal,GCGI,18.8,DOE LoEPP Jul-2026
06PAL2A_U02,VISAYAS,Palinpinon 2,Geothermal,GCGI,18.9,DOE LoEPP Jul-2026
06PAL2A_U03,VISAYAS,Palinpinon 2,Geothermal,GCGI,18.9,DOE LoEPP Jul-2026
06PAL2A_U04,VISAYAS,Palinpinon 2,Geothermal,GCGI,20.0,DOE LoEPP Jul-2026
06SACASL_G01,VISAYAS,SaCaSol San Carlos,Solar,SACASOL,19.5,DOE LoEPP Jul-2026
06SACASL_G02,VISAYAS,SaCaSol San Carlos,Solar,SACASOLCD,19.8,DOE LoEPP Jul-2026
06SACSUN_G01,VISAYAS,SaCaSun San Carlos,Solar,SACASUN,46.8,DOE LoEPP Jul-2026
06SCBE_G01,VISAYAS,San Carlos Bioenergy,Bioenergy,SCBI,7.4,DOE LoEPP Jul-2026
06SCBIOP_G01,VISAYAS,San Carlos Biopower,Bioenergy,SCBIOPOWR,16.3,DOE LoEPP Jul-2026
06SLYSOL_G01,VISAYAS,SLYSOL,Solar,SILAYSPI,20.0,name rule: SOL
06SLYSOL_G02,VISAYAS,SLYSOL,Solar,CSNO2I,30.0,name rule: SOL
06SLYSOL_G03,VISAYAS,SLYSOL,Solar,CSNO2I,20.1,name rule: SOL
06SONEG_BAT,VISAYAS,SONEG battery,Storage,EDC,10.0,'_BAT' suffix (battery storage); discharge only
06STNEGB_G01,VISAYAS,South Negros Biopower,Bioenergy,SNBP,21.9,DOE LoEPP Jul-2026
06URC_G01,VISAYAS,URC Kabankalan,Bioenergy,URC,19.7,DOE LoEPP Jul-2026
06VISTASOL_G01,VISAYAS,VISTASOL,Solar,ARECO,50.0,name rule: SOL
06VMC_G01,VISAYAS,Victorias Milling,Bioenergy,VMC,2.5,DOE LoEPP Jul-2026
06VMC_G02,VISAYAS,Victorias Milling,Bioenergy,VMC,35.0,DOE LoEPP Jul-2026
06VMC_G03,VISAYAS,Victorias Milling,Bioenergy,VMC,28.0,DOE LoEPP Jul-2026
07BDPP_U01,VISAYAS,Bohol DPP,Oil,SIPC,4.0,DOE LoEPP Jul-2026
07BDPP_U02,VISAYAS,Bohol DPP,Oil,SIPC,4.0,DOE LoEPP Jul-2026
07BDPP_U03,VISAYAS,Bohol DPP,Oil,SIPC,4.2,DOE LoEPP Jul-2026
07BDPP_U04,VISAYAS,Bohol DPP,Oil,SIPC,4.0,DOE LoEPP Jul-2026
07BIDPP_U01,VISAYAS,Bohol In-Island DPP,Oil,MPC,52.1,DOE LoEPP Jul-2026
07BIDPP_U02,VISAYAS,Bohol In-Island DPP,Oil,MPC,20.6,DOE LoEPP Jul-2026
07DAGSOL_G01,VISAYAS,DAGSOL,Solar,DGEC,20.2,name rule: SOL
07JANOPO_G01,VISAYAS,Janopol,Hydro,JANOPOL,5.0,DOE LoEPP Jul-2026
07LOBOC_G01,VISAYAS,Loboc,Hydro,STCLARA,1.2,DOE LoEPP Jul-2026
07LOBOC_G02,VISAYAS,Loboc,Hydro,STCLARA2,1.2,DOE LoEPP Jul-2026
07SEVILL_G01,VISAYAS,Sevilla,Hydro,BSMHC,2.5,DOE LoEPP Jul-2026
07TPLPB4_U01,VISAYAS,Power Barge 104,Oil,SPCPOWER,7.0,DOE LoEPP Jul-2026
07TPLPB4_U02,VISAYAS,Power Barge 104,Oil,SPCPOWER,7.0,DOE LoEPP Jul-2026
07TPLPB4_U03,VISAYAS,Power Barge 104,Oil,SPCPOWER,7.0,DOE LoEPP Jul-2026
07TPLPB4_U04,VISAYAS,Power Barge 104,Oil,SPCPOWER,8.0,DOE LoEPP Jul-2026
07UBAY_BAT,VISAYAS,UBAY battery,Storage,UPSI,20.0,'_BAT' suffix (battery storage); discharge only
08AJUYSOL_G01,VISAYAS,AJUYSOL,Solar,JNSI,32.0,name rule: SOL
08AJUYSOL_G02,VISAYAS,AJUYSOL,Solar,JNSI,17.9,name rule: SOL
08CASA_G01,VISAYAS,CASA,Bioenergy,CASA,8.0,DOE LoEPP Jul-2026
08CASA_G02,VISAYAS,CASA,Bioenergy,CASA,7.0,DOE LoEPP Jul-2026
08NABASDPP_U01,VISAYAS,Nabas DPP,Oil,PPC,3.0,DOE LoEPP Jul-2026
08NABASDPP_U02,VISAYAS,Nabas DPP,Oil,PPC,3.4,DOE LoEPP Jul-2026
08PALM_G01,VISAYAS,Palm Concepcion,Coal,PCPC,135.0,DOE LoEPP Jul-2026
08PDPP1_U02,VISAYAS,Panay DPP I,Oil,SIPC,5.0,DOE LoEPP Jul-2026
08PDPP1_U03,VISAYAS,Panay DPP I,Oil,SIPC,5.0,DOE LoEPP Jul-2026
08PDPP1_U05,VISAYAS,Panay DPP I,Oil,SIPC,5.0,DOE LoEPP Jul-2026
08PDPP3_C,VISAYAS,Panay DPP III,Oil,SIPC,12.0,DOE LoEPP Jul-2026
08PDPP3_E,VISAYAS,Panay DPP III,Oil,SIPC,12.0,DOE LoEPP Jul-2026
08PDPP3_G,VISAYAS,Panay DPP III,Oil,SIPC,13.0,DOE LoEPP Jul-2026
08PDPP3_H,VISAYAS,Panay DPP III,Oil,SIPC,13.0,DOE LoEPP Jul-2026
08PEDC_U01,VISAYAS,Panay Energy Development,Coal,PEDC,83.7,DOE LoEPP Jul-2026
08PEDC_U02,VISAYAS,Panay Energy Development,Coal,PEDC,83.7,DOE LoEPP Jul-2026
08PEDC_U03,VISAYAS,Panay Energy Development,Coal,PEDC,150.0,DOE LoEPP Jul-2026
08PWIND_G01,VISAYAS,PWIND,Wind,PWEI,36.7,name rule: WIND
08PWIND_G02,VISAYAS,PWIND,Wind,PWEI,13.6,name rule: WIND
08SLWIND_G01,VISAYAS,SLWIND,Wind,TAREC,52.9,name rule: WIND
08STBPB1_U01,VISAYAS,Power Barge 101 (Sta Barbara),Oil,MPBI,5.7,DOE LoEPP Jul-2026
08STBPB1_U02,VISAYAS,Power Barge 101 (Sta Barbara),Oil,MPBI,5.6,DOE LoEPP Jul-2026
08STBPB1_U03,VISAYAS,Power Barge 101 (Sta Barbara),Oil,MPBI,5.6,DOE LoEPP Jul-2026
08STBPB1_U04,VISAYAS,Power Barge 101 (Sta Barbara),Oil,MPBI,5.6,DOE LoEPP Jul-2026
08SUWECO_G01,VISAYAS,Villasiga (Sunwest),Hydro,SUWECO2,7.9,DOE LoEPP Jul-2026
08TIMBA_G01,VISAYAS,Timbaban,Hydro,OEPGC,18.0,DOE LoEPP Jul-2026
09JIMDSL_U01,MINDANAO,KEGI Jimenez,Oil,KINGENE,7.6,DOE LoEPP Jul-2026
09JIMDSL_U02,MINDANAO,KEGI Jimenez,Oil,KINGENE,8.2,DOE LoEPP Jul-2026
09LIBPOWR_G01,MINDANAO,Libertad Power (LPEC),Bioenergy,LPEC,6.0,DOE LoEPP Jul-2026
09PANABNK_U01,MINDANAO,KEGI Panaon,Oil,KINGENE,7.5,DOE LoEPP Jul-2026
09PANABNK_U02,MINDANAO,KEGI Panaon,Oil,KINGENE,7.5,DOE LoEPP Jul-2026
09SANGALI_BAT,MINDANAO,SANGALI battery,Storage,FPEI,20.0,'_BAT' suffix (battery storage); discharge only
09WMPC_U01,MINDANAO,Western Mindanao Power,Oil,WMPC,10.0,DOE LoEPP Jul-2026
09WMPC_U02,MINDANAO,Western Mindanao Power,Oil,WMPC,10.0,DOE LoEPP Jul-2026
09WMPC_U03,MINDANAO,Western Mindanao Power,Oil,WMPC,10.0,DOE LoEPP Jul-2026
09WMPC_U04,MINDANAO,Western Mindanao Power,Oil,WMPC,10.0,DOE LoEPP Jul-2026
09WMPC_U05,MINDANAO,Western Mindanao Power,Oil,WMPC,10.0,DOE LoEPP Jul-2026
09WMPC_U06,MINDANAO,Western Mindanao Power,Oil,WMPC,10.0,DOE LoEPP Jul-2026
09WMPC_U07,MINDANAO,Western Mindanao Power,Oil,WMPC,10.0,DOE LoEPP Jul-2026
09WMPC_U08,MINDANAO,Western Mindanao Power,Oil,WMPC,10.0,DOE LoEPP Jul-2026
09WMPC_U09,MINDANAO,Western Mindanao Power,Oil,WMPC,10.0,DOE LoEPP Jul-2026
09WMPC_U10,MINDANAO,Western Mindanao Power,Oil,WMPC,10.0,DOE LoEPP Jul-2026
10AGUS1_U01,MINDANAO,Agus 1,Hydro,PSALMGMIN,35.0,DOE LoEPP Jul-2026
10AGUS1_U02,MINDANAO,Agus 1,Hydro,PSALMGMIN,35.0,DOE LoEPP Jul-2026
10AGUS2_U01,MINDANAO,Agus 2,Hydro,PSALMGMIN,60.0,DOE LoEPP Jul-2026
10AGUS2_U02,MINDANAO,Agus 2,Hydro,PSALMGMIN,60.0,DOE LoEPP Jul-2026
10AGUS2_U03,MINDANAO,Agus 2,Hydro,PSALMGMIN,60.0,DOE LoEPP Jul-2026
10AGUS4_U01,MINDANAO,Agus 4,Hydro,PSALMGMIN,52.7,DOE LoEPP Jul-2026
10AGUS4_U02,MINDANAO,Agus 4,Hydro,PSALMGMIN,52.7,DOE LoEPP Jul-2026
10AGUS4_U03,MINDANAO,Agus 4,Hydro,PSALMGMIN,52.7,DOE LoEPP Jul-2026
10AGUS5_U01,MINDANAO,Agus 5,Hydro,PSALMGMIN,27.5,DOE LoEPP Jul-2026
10AGUS5_U02,MINDANAO,Agus 5,Hydro,PSALMGMIN,27.5,DOE LoEPP Jul-2026
10AGUS6_U01,MINDANAO,Agus 6,Hydro,PSALMGMIN,34.5,DOE LoEPP Jul-2026
10AGUS6_U02,MINDANAO,Agus 6,Hydro,PSALMGMIN,34.5,DOE LoEPP Jul-2026
10AGUS6_U03,MINDANAO,Agus 6,Hydro,PSALMGMIN,50.0,DOE LoEPP Jul-2026
10AGUS6_U04,MINDANAO,Agus 6,Hydro,PSALMGMIN,40.0,DOE LoEPP Jul-2026
10AGUS6_U05,MINDANAO,Agus 6,Hydro,PSALMGMIN,50.0,DOE LoEPP Jul-2026
10AGUS7_U01,MINDANAO,Agus 7,Hydro,PSALMGMIN,26.1,DOE LoEPP Jul-2026
10AGUS7_U02,MINDANAO,Agus 7,Hydro,PSALMGMIN,25.3,DOE LoEPP Jul-2026
10GNPK_U01,MINDANAO,GNPower Kauswagan,Coal,GNPKLCO,138.0,DOE LoEPP Jul-2026
10GNPK_U02,MINDANAO,GNPower Kauswagan,Coal,GNPKLCO,138.0,DOE LoEPP Jul-2026
10GNPK_U03,MINDANAO,GNPower Kauswagan,Coal,GNPKLCO,138.0,DOE LoEPP Jul-2026
10GNPK_U04,MINDANAO,GNPower Kauswagan,Coal,GNPKLCO,138.0,DOE LoEPP Jul-2026
10IDP1_U01,MINDANAO,Iligan DPP 1 (Mapalad),Oil,MPC,4.9,DOE LoEPP Jul-2026
10IDP1_U02,MINDANAO,Iligan DPP 1 (Mapalad),Oil,MPC,4.9,DOE LoEPP Jul-2026
10IDP1_U03,MINDANAO,Iligan DPP 1 (Mapalad),Oil,MPC,4.9,DOE LoEPP Jul-2026
10IDP1_U04,MINDANAO,Iligan DPP 1 (Mapalad),Oil,MPC,4.9,DOE LoEPP Jul-2026
10IDP1_U05,MINDANAO,Iligan DPP 1 (Mapalad),Oil,MPC,4.8,DOE LoEPP Jul-2026
10IDP1_U06,MINDANAO,Iligan DPP 1 (Mapalad),Oil,MPC,4.8,DOE LoEPP Jul-2026
10IDP1_U07,MINDANAO,Iligan DPP 1 (Mapalad),Oil,MPC,5.0,DOE LoEPP Jul-2026
10IDP1_U08,MINDANAO,Iligan DPP 1 (Mapalad),Oil,MPC,4.9,DOE LoEPP Jul-2026
10IDP1_U09,MINDANAO,Iligan DPP 1 (Mapalad),Oil,MPC,4.8,DOE LoEPP Jul-2026
10IDP1_U10,MINDANAO,Iligan DPP 1 (Mapalad),Oil,MPC,5.0,DOE LoEPP Jul-2026
10IDP1_U11,MINDANAO,Iligan DPP 1 (Mapalad),Oil,MPC,4.9,DOE LoEPP Jul-2026
10IDP1_U12,MINDANAO,Iligan DPP 1 (Mapalad),Oil,MPC,4.9,DOE LoEPP Jul-2026
10IDP2_U01,MINDANAO,Iligan DPP 2 (Mapalad),Oil,MPC,5.9,DOE LoEPP Jul-2026
10IDP2_U02,MINDANAO,Iligan DPP 2 (Mapalad),Oil,MPC,5.6,DOE LoEPP Jul-2026
10IDP2_U03,MINDANAO,Iligan DPP 2 (Mapalad),Oil,MPC,6.0,DOE LoEPP Jul-2026
10IDP2_U04,MINDANAO,Iligan DPP 2 (Mapalad),Oil,MPC,5.6,DOE LoEPP Jul-2026
10IDP2_U05,MINDANAO,Iligan DPP 2 (Mapalad),Oil,MPC,5.6,DOE LoEPP Jul-2026
10IDP2_U06,MINDANAO,Iligan DPP 2 (Mapalad),Oil,MPC,5.9,DOE LoEPP Jul-2026
10IDP2_U07,MINDANAO,Iligan DPP 2 (Mapalad),Oil,MPC,5.7,DOE LoEPP Jul-2026
10LIAN_G01,MINDANAO,Liangan,Hydro,LIANGAN,11.6,DOE LoEPP Jul-2026
10LIAN_G02,MINDANAO,Liangan,Hydro,LIANGAN,6.0,DOE LoEPP Jul-2026
10MEGC_G01,MINDANAO,Mapalad Energy Generation,Oil,MEGC,12.8,DOE LoEPP Jul-2026
10PPEI_U01,MINDANAO,PPEI,Oil,PPEI,24.1,name heuristic (Peak Power); low confidence
11CRYSSUG_G01,MINDANAO,Crystal Sugar,Bioenergy,CSCI,8.0,DOE LoEPP Jul-2026
11FDC_U01,MINDANAO,FDC Misamis,Coal,FDC,123.0,DOE LoEPP Jul-2026
11FDC_U02,MINDANAO,FDC Misamis,Coal,FDC,135.0,DOE LoEPP Jul-2026
11FDC_U03,MINDANAO,FDC Misamis,Coal,FDC,125.0,DOE LoEPP Jul-2026
11FGBPC_G01,MINDANAO,Agusan (First Gen Bukidnon),Hydro,FGBPC,1.6,DOE LoEPP Jul-2026
11JASA_BAT,MINDANAO,JASA battery,Storage,UPSI,20.0,'_BAT' suffix (battery storage); discharge only
11KBSOL_G01,MINDANAO,KBSOL,Solar,AGECO,8.2,name rule: SOL
11KEGMAR_G01,MINDANAO,KEGI Maramag,Oil,KINGENE,7.5,DOE LoEPP Jul-2026
11KIRAS_G01,MINDANAO,Kirahon,Solar,KIRASOL,10.0,DOE LoEPP Jul-2026
11MALADU_G01,MINDANAO,Maladugao,Hydro,IBHPI,9.9,"name heuristic (Maladugao hydro, Bukidnon)"
11MANFOR_G01,MINDANAO,Manolo Fortich,Hydro,HEDBUK,45.6,DOE LoEPP Jul-2026
11MANFOR_G02,MINDANAO,Manolo Fortich,Hydro,HEDBUK,27.2,DOE LoEPP Jul-2026
11MANGIMA_G01,MINDANAO,Mangima,Hydro,MHPC,12.0,"name heuristic (Mangima hydro, Bukidnon)"
11MARAMSOL_G01,MINDANAO,MARAMSOL,Solar,BSPC,50.6,name rule: SOL
11MINBAL_G01,MINDANAO,Minergy Balingasag,Coal,MINPOWCOR,150.0,DOE LoEPP Jul-2026 (TP MINPOWCOR = Minergy Power Corp)
11MINBU_G01,MINDANAO,Bubunawan,Hydro,BUBUNAWAN,6.2,DOE LoEPP Jul-2026
11MISAMSOL_G01,MINDANAO,MISAMSOL,Solar,FDCGEC,17.2,name rule: SOL
11MNCBLG_G01,MINDANAO,Cabulig,Hydro,MINERGY,8.8,DOE LoEPP Jul-2026
11MNRGY_G01,MINDANAO,Minergy DPP,Oil,MINERGY,18.0,DOE LoEPP Jul-2026
11MNRGY_G02,MINDANAO,Minergy DPP,Oil,MINERGY,25.0,DOE LoEPP Jul-2026
11NBPC_G01,MINDANAO,North Bukidnon Power DPP,Oil,NBPC,5.0,DOE LoEPP Jul-2026
11PACERM_G01,MINDANAO,PACERM-1 DPP,Oil,PACERM1,9.6,DOE LoEPP Jul-2026
11PKBUK_U01,MINDANAO,Peak Power Bukidnon,Oil,PEAKBUK,5.2,DOE LoEPP Jul-2026
11PKBUK_U02,MINDANAO,Peak Power Bukidnon,Oil,PEAKBUK,4.8,DOE LoEPP Jul-2026
11PULA4_U01,MINDANAO,Pulangi 4,Hydro,PSALMGMIN,75.0,DOE LoEPP Jul-2026
11PULA4_U02,MINDANAO,Pulangi 4,Hydro,PSALMGMIN,75.0,DOE LoEPP Jul-2026
11PULA4_U03,MINDANAO,Pulangi 4,Hydro,PSALMGMIN,75.0,DOE LoEPP Jul-2026
11PULANAI_G01,MINDANAO,Pulanai,Hydro,CABHC,18.0,DOE LoEPP Jul-2026
11STEAG_U01,MINDANAO,Mindanao Coal (STEAG / SPI Power),Coal,PSALMGMIN,105.0,DOE LoEPP Jul-2026
11STEAG_U02,MINDANAO,Mindanao Coal (STEAG / SPI Power),Coal,PSALMGMIN,105.0,DOE LoEPP Jul-2026
11VILLA_BAT,MINDANAO,VILLA battery,Storage,UPSI,20.0,'_BAT' suffix (battery storage); discharge only
12ASIGA_G01,MINDANAO,Asiga,Hydro,ASIGA,8.2,DOE LoEPP Jul-2026
12KEGGIN_G01,MINDANAO,KEGI (bunker),Oil,KINGENE,10.6,DOE LoEPP Jul-2026
12KEGTAN_G01,MINDANAO,KEGI Tandag,Oil,KINGENE,7.5,DOE LoEPP Jul-2026
12LKMAINIT_G01,MINDANAO,Lake Mainit,Hydro,APC,24.6,DOE LoEPP Jul-2026
12NACSUR_G01,MINDANAO,NAC DPP,Oil,NACSUR,10.4,DOE LoEPP Jul-2026
12PKSFRA_U01,MINDANAO,Peak Power San Francisco,Oil,PEAKPOWER,5.2,DOE LoEPP Jul-2026
12PKSFRA_U02,MINDANAO,Peak Power San Francisco,Oil,PEAKPOWER,5.2,DOE LoEPP Jul-2026
12TM2_U01,MINDANAO,Therma Marine Mobile 2,Oil,TMI,49.0,DOE LoEPP Jul-2026
12TM2_U02,MINDANAO,Therma Marine Mobile 2,Oil,TMI,49.0,DOE LoEPP Jul-2026
13AGUA_G01,MINDANAO,Agua (mini hydro),Hydro,AAII,2.1,name heuristic; low confidence
13DCPP_U01,MINDANAO,Therma South (Davao),Coal,TSI,150.0,DOE LoEPP Jul-2026
13DCPP_U02,MINDANAO,Therma South (Davao),Coal,TSI,150.0,DOE LoEPP Jul-2026
13DIGSOL_G01,MINDANAO,DIGSOL,Solar,APDIGOS,24.0,name rule: SOL
13EUROH_G01,MINDANAO,New Bataan (Euro Hydro),Hydro,EUROHYDRO,3.0,DOE LoEPP Jul-2026
13MACO_BAT,MINDANAO,MACO battery,Storage,UPSI,20.0,'_BAT' suffix (battery storage); discharge only
13MAGDBNK_U01,MINDANAO,SEDI bunker DPP,Oil,SEDI,4.9,DOE LoEPP Jul-2026
13MAGDBNK_U02,MINDANAO,SEDI bunker DPP,Oil,SEDI,4.9,DOE LoEPP Jul-2026
13MAGDBNK_U03,MINDANAO,SEDI bunker DPP,Oil,SEDI,4.9,DOE LoEPP Jul-2026
13MALITA_BAT,MINDANAO,MALITA battery,Storage,UPSI,20.0,'_BAT' suffix (battery storage); discharge only
13MATIBNK_G01,MINDANAO,Mati bunker DPP,Oil,SUPREMEPC,10.9,DOE LoEPP Jul-2026
13MPCDIG_G01,MINDANAO,Digos modular DPP,Oil,MPIDIGOS,16.8,DOE LoEPP Jul-2026
13SIBULAN_G01,MINDANAO,Sibulan,Hydro,SIBULAN,52.2,DOE LoEPP Jul-2026
13SMC_U01,MINDANAO,"Malita CFB (MPI, ex SMC)",Coal,SMCPC,133.1,DOE LoEPP Jul-2026
13SMC_U02,MINDANAO,"Malita CFB (MPI, ex SMC)",Coal,SMCPC,135.7,DOE LoEPP Jul-2026
13TALOM1_G01,MINDANAO,Talomo 1,Hydro,HEDCOR,1.0,DOE LoEPP Jul-2026
13TALOM23_G01,MINDANAO,Talomo 2/3,Hydro,HEDCOR,3.4,DOE LoEPP Jul-2026
13TM1_U01,MINDANAO,Therma Marine Mobile 1,Oil,TMI,49.0,DOE LoEPP Jul-2026
13TM1_U02,MINDANAO,Therma Marine Mobile 1,Oil,TMI,49.0,DOE LoEPP Jul-2026
13TUDAY2_G01,MINDANAO,Tudaya 2,Hydro,HTI2,7.8,DOE LoEPP Jul-2026
14ALMADA_G01,MINDANAO,Alamada,Hydro,EUROHYDRO,2.6,DOE LoEPP Jul-2026
14ASTROSOL_G01,MINDANAO,ASTROSOL,Solar,ADGI,20.0,name rule: SOL
14BIOGS_G01,MINDANAO,Biotech Farms biogas,Bioenergy,BFI,12.4,DOE LoEPP Jul-2026
14BIOMS_U01,MINDANAO,Biotech Farms biomass,Bioenergy,BFI,5.7,DOE LoEPP Jul-2026
14COTSUGR_G01,MINDANAO,Cotabato Sugar cogen,Bioenergy,CSCCI,3.4,DOE LoEPP Jul-2026
14GERBIO_G01,MINDANAO,Green Energy (GERBIO),Bioenergy,GREENEEC,3.0,name heuristic; low confidence
14LAMSAN_G01,MINDANAO,Lamsan,Bioenergy,LAMSAN,13.5,DOE LoEPP Jul-2026
14MARBEL_U01,MINDANAO,Marbel 1,Hydro,EUROHYDRO,0.5,DOE LoEPP Jul-2026
14MTAPO_U01,MINDANAO,Mt Apo (Mindanao 1-3),Geothermal,EDCMIN,51.4,DOE LoEPP Jul-2026
14MTAPO_U02,MINDANAO,Mt Apo (Mindanao 1-3),Geothermal,PSALMGMIN,50.6,DOE LoEPP Jul-2026
14MTAPO_U03,MINDANAO,Mt Apo (Mindanao 1-3),Geothermal,EDCMIN,3.6,DOE LoEPP Jul-2026
14NVSOL_G01,MINDANAO,NVSOL,Solar,NVVOGTSE1,5.0,name rule: SOL
14PKPSOC_G01,MINDANAO,Peak Power Soccsargen,Oil,PSI,34.9,DOE LoEPP Jul-2026
14SARANG_U01,MINDANAO,Sarangani Energy,Coal,SEC,122.0,DOE LoEPP Jul-2026
14SARANG_U02,MINDANAO,Sarangani Energy,Coal,SEC,122.0,DOE LoEPP Jul-2026
14SIGHYDRO_G01,MINDANAO,Siguil,Hydro,SHPC,14.5,DOE LoEPP Jul-2026
14SPGI_U01,MINDANAO,Surallah Power,Bioenergy,SPGI,6.0,DOE LoEPP Jul-2026
14SUPKOR_G01,MINDANAO,SPC Koronadal DPP,Oil,SUPREMEPC,11.5,DOE LoEPP Jul-2026
14TANTASOL_G01,MINDANAO,TANTASOL,Solar,APO7,60.0,name rule: SOL
