snapshot,expected_col,n_units,mw_within_12m,mw_within_24m,mw_overdue,m12_Biomassa,m12_Eolica,m12_Fossil,m12_Hidrica,m12_Solar
2021-06-17,DatPrevisaoOpComercialSFG,18850,180879.421,526819.049,0.0,9292.8,28344.0,19903.835,1560.18,121778.606
2021-06-30,DatPrevisaoOpComercialSFG,19631,214223.216,525338.209,0.0,9242.8,27936.6,19903.835,1710.18,155429.801
2021-07-23,DatPrevisaoOpComercialSFG,20312,166859.618,697691.03,0.0,9328.36,27053.5,18415.195,1782.96,110279.603
2021-08-16,DatPrevisaoOpComercialSFG,22485,247378.132,636325.578,0.0,11269.09,28917.5,18116.945,1659.5,187415.097
2021-08-19,DatPrevisaoOpComercialSFG,22469,245409.87,634063.316,0.0,10802.16,28749.5,18116.945,1659.5,186081.765
2021-09-15,DatPrevisaoOpComercialSFG,23185,214859.478,612685.118,0.0,10748.41,27819.3,18426.945,1908.5,155956.323
2021-09-17,DatPrevisaoOpComercialSFG,23180,201440.978,598764.828,0.0,10748.41,27783.8,5043.945,1908.5,155956.323
2021-11-23,DatPrevisaoOpComercialSFG,26722,196353.182,580372.738,0.0,11267.91,31113.1,16097.895,3006.98,134867.297
2021-12-14,DatPrevisaoOpComercialSFG,26870,192869.337,576566.218,0.0,11264.15,26508.85,14861.535,1952.65,138282.152
2021-12-22,DatPrevisaoOpComercialSFG,26831,190770.577,575181.458,55.0,11764.89,23909.35,14861.535,1952.65,138282.152
2022-01-14,DatPrevisaoOpComercialSFG,26401,214627.38,647895.094,0.0,8071.82,27176.3,13130.395,2428.15,163820.715
2022-01-17,DatPrevisaoOpComercialSFG,26419,250556.89,650029.844,0.0,8071.82,28106.3,13207.295,3993.63,197177.845
2022-02-15,DatPrevisaoOpComercialSFG,29383,230732.232,578862.274,0.0,6723.82,29624.15,17100.405,4372.33,172911.527
2022-03-15,DatPrevisaoOpComercialSFG,34727,298235.026,659332.794,0.0,7264.72,34441.15,12920.405,4134.23,239474.521
2022-04-05,DatPrevisaoOpComercialSFG,36409,320931.301,660127.054,0.0,7110.72,36050.15,14249.935,3663.23,259857.266
2022-04-14,DatPrevisaoOpComercialSFG,38592,319443.373,721767.341,0.0,7039.24,36084.15,12643.335,3837.33,259839.318
2022-04-20,DatPrevisaoOpComercialSFG,38638,321873.303,721410.341,0.0,6939.24,36252.15,10921.335,3837.33,263923.248
2022-05-01,DatPrevisaoOpComercialSFG,38619,373475.543,721959.901,0.0,7517.04,37195.15,10921.335,3858.33,313983.688
2022-05-17,DatPrevisaoOpComercialSFG,49746,475078.253,731142.23,0.0,6437.04,36825.15,13797.875,3690.83,414327.358
2022-06-01,DatPrevisaoOpComercialSFG,53312,491523.323,754254.564,0.0,3930.04,38322.15,13362.595,3658.23,432250.308
2022-06-13,DatPrevisaoOpComercialSFG,53424,384562.788,645255.479,0.0,4316.04,39313.15,13977.755,3637.23,323318.613
2022-07-01,DatPrevisaoOpComercialSFG,57702,333523.55,595218.821,0.0,5078.21,41393.15,7713.213,3637.23,275701.747
2022-07-15,DatPrevisaoOpComercialSFG,58817,360234.477,735399.328,0.0,4395.84,43402.95,18224.093,3637.23,290574.364
2022-08-02,DatPrevisaoOpComercialSFG,57619,402947.817,721042.228,0.0,4395.84,45389.95,22769.493,2996.54,327395.994
2022-08-15,DatPrevisaoOpComercialSFG,57258,388046.394,675784.847,0.0,4395.84,47768.1,16474.693,2996.54,316411.221
2022-09-01,DatPrevisaoOpComercialSFG,57719,399705.815,669585.035,0.0,4395.84,51469.45,20072.879,2996.54,320771.106
2022-09-15,DatPrevisaoOpComercialSFG,60691,385102.129,629894.207,0.0,4872.72,50339.45,22671.637,2582.23,304636.092
2022-09-28,DatPrevisaoOpComercialSFG,60301,392149.967,648970.257,0.0,3522.72,50853.3,23080.397,2109.23,312584.32
2022-10-06,DatPrevisaoOpComercialSFG,59938,388030.521,647835.127,0.0,3494.2,52784.0,20670.167,1809.23,309272.924
2022-10-18,DatPrevisaoOpComercialSFG,65570,453269.352,715681.535,0.0,3085.23,52396.5,19644.245,2000.66,376142.717
2022-11-01,DatPrevisaoOpComercialSFG,62729,444950.224,728027.091,0.0,3614.75,51673.0,16546.545,2185.66,370930.269
2022-11-14,DatPrevisaoOpComercialSFG,63861,432467.223,714554.522,0.0,3218.48,54534.5,12693.73,2295.66,359724.853
2022-12-14,DatPrevisaoOpComercialSFG,68563,357677.01,711779.835,0.0,2868.73,51334.0,9953.09,1569.68,291951.51
2022-12-15,DatPrevisaoOpComercialSFG,68660,358121.01,711817.835,0.0,2868.73,51838.0,9893.09,1569.68,291951.51
2022-12-28,DatPrevisaoOpComercialSFG,69680,354753.72,709985.545,0.0,2468.73,49916.0,9268.39,1389.68,291710.92
2022-12-31,DatPrevisaoOpComercialSFG,68602,282400.856,638235.681,0.0,2468.73,49265.0,9066.19,1389.68,220211.256
2023-01-17,DatPrevisaoOpComercialSFG,70747,311866.285,715568.976,0.0,3418.25,51063.0,3411.19,1004.68,252969.165
2023-02-08,DatPrevisaoOpComercialSFG,71373,318546.269,715040.096,220.0,3704.25,47312.0,3388.2,1020.68,263121.139
2023-02-13,DatPrevisaoOpComercialSFG,71364,310843.66,724420.14,0.0,3888.52,48678.0,9808.8,1755.63,246712.71
2023-02-14,DatPrevisaoOpComercialSFG,71362,310753.66,724330.14,0.0,3888.52,48588.0,9808.8,1755.63,246712.71
2023-02-15,DatPrevisaoOpComercialSFG,71354,316347.434,723923.92,0.0,3888.52,48478.0,9808.8,1755.63,252416.484
2023-02-16,DatPrevisaoOpComercialSFG,71354,316347.434,723923.92,0.0,3888.52,48478.0,9808.8,1755.63,252416.484
2023-03-01,DatPrevisaoOpComercialSFG,70609,324171.194,719012.554,0.0,4188.52,46822.0,7543.2,1781.2,263836.274
2023-03-15,DatPrevisaoOpComercialSFG,74307,316841.627,728359.647,0.0,4458.04,45386.0,7516.41,2827.449,256653.728
2023-04-04,DatPrevisaoOpComercialSFG,92271,350243.547,736710.524,0.0,5446.04,46797.0,7491.21,2841.449,287667.848
2023-04-05,DatPrevisaoOpComercialSFG,92270,349743.547,736210.524,0.0,4946.04,46797.0,7491.21,2841.449,287667.848
2023-04-16,DatPrevisaoOpComercialSFG,95296,313201.966,752205.106,0.0,4645.77,48136.0,7459.71,2730.249,250230.237
2023-05-09,DatPrevisaoOpComercialSFG,96141,318164.452,767504.44,0.0,6627.77,45976.0,6899.85,2547.229,256113.603
2023-05-15,DatPrevisaoOpComercialSFG,110177,329233.487,708191.09,0.0,4609.77,46644.3,6899.85,2488.229,268591.338
2023-06-05,DatPrevisaoOpComercialSFG,117307,255528.279,627314.842,0.0,8208.17,46936.3,6325.71,2618.229,191439.87
2023-06-15,DatPrevisaoOpComercialSFG,118072,266246.264,630446.945,0.0,4410.17,51482.3,6261.7,1263.35,202828.744
2023-06-30,DatPrevisaoOpComercialSFG,125169,236378.109,532945.5,0.0,4442.07,52276.3,6187.95,1068.04,172403.749
2023-07-14,DatPrevisaoOpComercialSFG,103462,244493.295,524630.95,0.0,4757.07,50494.3,6194.05,1064.79,181983.085
2023-07-17,DatPrevisaoOpComercialSFG,105827,247378.535,525993.79,0.0,4757.07,48893.3,6278.55,1060.79,186388.825
2023-07-20,DatPrevisaoOpComercialSFG,110092,249985.435,524667.69,0.0,8597.07,48340.3,6264.05,1060.79,185723.225
2023-08-07,DatPrevisaoOpComercialSFG,136679,287286.359,605364.002,126.0,9661.07,47145.0,6179.55,1090.79,223209.949
2023-08-16,DatPrevisaoOpComercialSFG,137018,270238.232,575890.225,0.0,5021.07,48627.0,6179.55,881.79,209528.822
2023-09-09,DatPrevisaoOpComercialSFG,147354,272489.952,574175.695,0.0,9661.07,46609.0,6179.55,961.79,209078.542
2023-09-16,DatPrevisaoOpComercialSFG,147174,271429.952,572092.685,0.0,5556.62,48585.0,6179.55,1101.8,210006.982
2023-10-03,DatPrevisaoOpComercialSFG,153840,326946.421,652846.43,13419.99,9082.13,44198.0,5778.15,1191.8,266696.341
2023-10-16,DatPrevisaoOpComercialSFG,156264,336732.16,667144.334,0.0,9406.62,48670.0,5778.15,1224.8,271652.59
2023-10-20,DatPrevisaoOpComercialSFG,145833,336216.16,538336.367,0.0,9406.62,48154.0,5778.15,1224.8,271652.59
2023-11-01,DatPrevisaoOpComercialSFG,145762,354959.064,533430.417,0.0,9191.91,47533.0,5778.15,1224.8,291231.204
2023-11-15,DatPrevisaoOpComercialSFG,145639,325819.055,522260.226,0.0,10091.91,48685.0,5778.15,962.8,260301.195
2023-11-17,DatPrevisaoOpComercialSFG,145630,326438.055,526108.722,0.0,10091.91,49304.0,5778.15,962.8,260301.195
2023-12-04,DatPrevisaoOpComercialSFG,151478,321272.652,547441.283,508.81,10841.91,47215.0,123.15,962.8,262129.792
2023-12-12,DatPrevisaoOpComercialSFG,151939,325017.167,546203.458,0.0,11241.91,48223.0,3012.15,1326.78,261213.327
2023-12-15,DatPrevisaoOpComercialSFG,151976,328729.142,546401.453,0.0,11241.91,47915.0,3012.15,1391.13,265168.952
2023-12-31,DatPrevisaoOpComercialSFG,149924,323122.288,544631.539,0.0,11091.91,38402.0,3012.15,1418.46,269197.768
2024-01-02,DatPrevisaoOpComercialSFG,149924,341570.798,617593.639,0.0,11391.91,38402.0,20660.68,1918.44,269197.768
2024-01-15,DatPrevisaoOpComercialSFG,149722,369593.744,635523.033,0.0,11255.51,41692.0,20660.68,2382.39,293603.164
2024-01-18,DatPrevisaoOpComercialSFG,149702,376310.828,634536.033,0.0,11283.86,40705.0,20660.68,2382.39,301278.898
2024-01-31,DatPrevisaoOpComercialSFG,148699,368133.063,624203.878,0.0,11283.86,39550.0,20660.68,2534.59,294103.933
2024-02-13,DatPrevisaoOpComercialSFG,146936,321438.178,580725.593,0.0,11544.37,36614.0,20660.68,2534.59,250084.538
2024-02-16,DatPrevisaoOpComercialSFG,146933,320820.528,579730.293,0.0,11544.37,36428.0,20660.68,2534.59,249652.888
2024-03-01,DatPrevisaoOpComercialSFG,143249,316900.222,574292.721,114.0,12294.37,33651.0,20660.68,2534.59,247759.582
2024-03-16,DatPrevisaoOpComercialSFG,142610,299284.182,563383.811,0.0,12094.37,33238.0,20660.68,2434.59,230856.542
2024-03-21,DatPrevisaoOpComercialSFG,142422,292587.249,558195.698,0.0,12574.37,32636.0,20660.68,2434.59,224281.609
2024-04-05,DatPrevisaoOpComercialSFG,140550,279857.593,540746.442,57.0,12824.37,29449.0,20660.68,2337.09,214586.453
2024-04-16,DatPrevisaoOpComercialSFG,139943,281462.25,508656.845,90.0,11553.01,27464.0,20660.68,2327.09,219457.47
2024-04-18,DatPrevisaoOpComercialSFG,140158,282711.614,508958.209,90.0,10829.26,27340.0,20660.68,4424.141,219457.533
2024-05-03,DatPrevisaoOpComercialSFG,137991,247711.15,472639.345,0.0,10929.26,26771.0,20660.68,4424.141,184926.069
2024-05-16,DatPrevisaoOpComercialSFG,137859,249068.215,456374.964,0.0,10420.91,26842.0,20660.68,4505.891,186638.734
2024-05-23,DatPrevisaoOpComercialSFG,136740,246253.799,447534.538,0.0,10900.91,26112.0,20660.68,4496.837,184083.372
2024-06-03,DatPrevisaoOpComercialSFG,136871,242748.056,453397.015,0.0,11307.21,26650.0,20660.68,4496.837,179633.329
2024-06-17,DatPrevisaoOpComercialSFG,137633,226726.239,500423.592,951.0,10177.21,25833.0,20660.68,4568.987,165486.362
2024-06-20,DatPrevisaoOpComercialSFG,137712,226860.271,496513.625,0.0,9907.21,26237.0,20660.68,4568.987,165486.394
2024-07-01,DatPrevisaoOpComercialSFG,137461,231886.246,494995.94,0.0,10087.91,25936.0,21660.68,4773.517,169428.139
2024-07-12,DatPrevisaoOpComercialSFG,135909,224326.656,495564.86,0.0,9357.91,27214.0,21660.68,4871.017,161223.049
2024-07-19,DatPrevisaoOpComercialSFG,136045,231582.68,497374.364,0.0,9837.91,28684.0,21660.68,4871.017,166529.073
2024-08-06,DatPrevisaoOpComercialSFG,135298,238529.28,511404.464,0.0,10087.91,27264.0,27705.88,4855.017,168616.473
2024-08-19,DatPrevisaoOpComercialSFG,135181,230507.531,523903.911,0.0,9107.91,30002.0,27705.88,5065.977,158625.764
2024-08-22,DatPrevisaoOpComercialSFG,135914,261095.401,554306.595,0.0,10119.17,29856.0,27705.88,5065.977,188348.374
2024-08-23,DatPrevisaoOpComercialSFG,135913,261014.401,554225.595,0.0,10119.17,29775.0,27705.88,5065.977,188348.374
2024-09-02,DatPrevisaoOpComercialSFG,135826,260074.415,547475.869,0.0,10369.17,28643.0,27705.88,4923.977,188432.388
2024-09-16,DatPrevisaoOpComercialSFG,135182,230304.999,525468.989,0.0,9051.67,28572.0,27705.88,5008.777,159966.672
2024-09-19,DatPrevisaoOpComercialSFG,136819,257686.763,551770.753,0.0,8793.67,29181.0,27705.88,4923.977,187082.236
2024-10-02,DatPrevisaoOpComercialSFG,134958,312851.043,571596.978,0.0,9273.67,26265.0,24816.88,4923.977,247571.516
2024-10-15,DatPrevisaoOpComercialSFG,135871,296132.824,600856.744,0.0,8433.67,25968.0,24816.88,4787.906,232126.368
2024-11-01,DatPrevisaoOpComercialSFG,134655,319783.724,614184.622,0.0,8913.67,24618.0,24816.88,4872.911,256562.263
2024-11-18,DatPrevisaoOpComercialSFG,132650,315866.149,575202.197,0.0,8870.95,23943.0,24816.88,4892.911,253342.408
2024-11-21,DatPrevisaoOpComercialSFG,132735,319785.046,579121.094,0.0,8870.95,23943.0,24816.88,4892.911,257261.305
2024-12-04,DatPrevisaoOpComercialSFG,132664,316327.812,507946.974,0.0,8390.95,25488.0,23771.19,4797.811,253879.861
2024-12-16,DatPrevisaoOpComercialSFG,132891,327327.198,577500.588,405.0,8511.85,25266.0,24942.2,4826.761,263780.387
2024-12-17,DatPrevisaoOpComercialSFG,132591,324673.238,574747.628,0.0,8416.12,25671.0,23942.2,4656.751,261987.167
2024-12-20,DatPrevisaoOpComercialSFG,133184,318876.037,572069.337,0.0,8225.22,25311.0,23942.2,4633.801,256763.816
2024-12-31,DatPrevisaoOpComercialSFG,133042,322190.421,580230.491,0.0,8526.12,24390.0,23942.2,4613.801,260718.3
2025-01-15,DatPrevisaoOpComercialSFG,131838,331839.944,602064.441,0.0,7175.22,21913.0,25724.33,4713.801,272313.593
2025-01-23,DatPrevisaoOpComercialSFG,131490,319724.742,600217.559,0.0,7655.22,21240.0,23942.2,4620.471,262266.851
2025-01-24,DatPrevisaoOpComercialSFG,131368,315792.07,596163.987,0.0,7776.12,21240.0,23942.2,4620.471,258213.279
2025-02-03,DatPrevisaoOpComercialSFG,131365,313624.65,607663.759,0.0,4186.12,21240.0,23942.2,4893.171,259363.159
2025-02-15,DatPrevisaoOpComercialSFG,131426,329403.274,594021.311,0.0,3085.22,21493.0,23942.2,4826.835,276056.019
2025-02-20,DatPrevisaoOpComercialSFG,131356,327083.724,591701.761,0.0,3085.22,21060.0,23942.2,4733.505,274262.799
2025-03-06,DatPrevisaoOpComercialSFG,130873,328915.324,589992.461,0.0,3404.86,20598.0,23019.66,4540.005,277352.799
2025-03-17,DatPrevisaoOpComercialSFG,130922,334936.424,603835.411,0.0,2459.86,20497.0,23019.66,4546.045,284413.859
2025-03-21,DatPrevisaoOpComercialSFG,130729,334023.004,596701.411,0.0,2459.86,27427.0,23019.66,4546.045,276570.439
2025-04-02,DatPrevisaoOpComercialSFG,130636,343890.453,595282.611,0.0,2928.06,26170.0,23019.66,4546.045,287226.688
2025-04-16,DatPrevisaoOpComercialSFG,128279,343279.323,571901.01,0.0,2678.06,25908.0,23142.81,4603.145,286947.308
2025-04-17,DatPrevisaoOpComercialSFG,128207,340553.573,569175.26,0.0,2178.06,25440.0,23142.81,4638.615,285154.088
2025-04-22,DatPrevisaoOpComercialSFG,128207,341773.573,569175.26,0.0,2178.06,25440.0,23142.81,4638.615,286374.088
2025-05-05,DatPrevisaoOpComercialSFG,128204,348470.933,568785.26,0.0,2378.06,25350.0,23142.81,4638.615,292961.448
2025-05-15,DatPrevisaoOpComercialSFG,127793,346853.361,565122.738,0.0,2378.06,25305.0,23142.81,4848.615,291178.876
2025-05-26,DatPrevisaoOpComercialSFG,127826,343773.24,561922.617,0.0,1898.06,24855.0,23142.81,2698.614,291178.756
2025-06-04,DatPrevisaoOpComercialSFG,126074,331899.74,544986.637,0.0,2280.56,24495.0,6416.82,2698.614,296008.746
2025-06-16,DatPrevisaoOpComercialSFG,126546,328865.358,531993.185,0.0,2280.56,23004.0,6416.82,2753.614,294410.364
2025-06-18,DatPrevisaoOpComercialSFG,126750,336430.261,543630.048,0.0,2280.56,23004.0,6416.82,2753.614,301975.267
2025-07-03,DatPrevisaoOpComercialSFG,126770,390849.761,555640.22,0.0,2495.56,22304.0,6697.05,2743.614,356609.537
2025-07-16,DatPrevisaoOpComercialSFG,124115,345844.991,564473.948,1710.0,2113.06,20054.0,6811.05,2743.614,314123.267
2025-07-17,DatPrevisaoOpComercialSFG,124115,345887.441,564723.698,1710.0,2113.06,20054.0,6853.5,2743.614,314123.267
2025-08-01,DatPrevisaoOpComercialSFG,124076,347967.441,569002.708,0.0,2113.06,21764.0,6853.5,2743.614,314493.267
2025-08-16,DatPrevisaoOpComercialSFG,124077,352774.582,550152.929,587.7,2113.06,20033.0,26187.42,2442.608,301998.494
2025-08-22,DatPrevisaoOpComercialSFG,124273,317406.57,511662.557,0.0,2113.06,19898.0,26187.42,2442.608,266765.482
2025-09-02,DatPrevisaoOpComercialSFG,124058,323936.516,509647.557,0.0,1713.06,19898.0,26187.42,2442.608,273695.428
2025-09-17,DatPrevisaoOpComercialSFG,123539,311614.005,510421.658,0.0,2036.66,16748.0,26187.42,1702.628,264939.297
2025-09-19,DatPrevisaoOpComercialSFG,123194,279508.936,478001.589,0.0,2036.66,17063.0,26187.42,1702.628,232519.228
2025-09-22,DatPrevisaoOpComercialSFG,123194,282643.936,478001.589,0.0,2036.66,17063.0,26187.42,1702.628,235654.228
2025-10-02,DatPrevisaoOpComercialSFG,123309,300426.288,497438.801,0.0,1563.06,16163.0,26187.42,1884.128,254628.68
2025-10-16,DatPrevisaoOpComercialSFG,123198,331338.028,498058.519,0.0,2336.66,15983.0,26187.42,1884.128,284946.82
2025-10-27,DatPrevisaoOpComercialSFG,123496,377059.288,543667.429,0.0,2336.66,16118.0,26187.42,1704.128,330713.08
2025-11-03,DatPrevisaoOpComercialSFG,113671,372115.588,539356.669,0.0,2336.66,16118.0,26187.42,1611.428,325862.08
2025-11-16,DatPrevisaoOpComercialSFG,113663,345559.534,547235.097,1228.072,1813.06,17243.0,26187.42,1611.428,298704.626
2025-11-24,DatPrevisaoOpComercialSFG,113235,349053.712,550330.475,0.0,2336.66,16910.0,26187.42,1611.428,302008.204
2025-12-01,DatPrevisaoOpComercialSFG,113294,351041.5,572271.263,0.0,2336.66,16910.0,26187.42,1611.428,303995.992
2025-12-12,DatPrevisaoOpComercialSFG,99583,323251.524,509058.345,531.0,1963.06,14552.0,26187.42,1706.438,278842.606
2025-12-15,DatPrevisaoOpComercialSFG,99446,323740.074,509606.895,0.0,1963.06,15083.0,26144.97,1706.438,278842.606
2025-12-18,DatPrevisaoOpComercialSFG,99445,323632.574,523299.391,0.0,1855.56,15083.0,26144.97,1706.438,278842.606
2025-12-31,DatPrevisaoOpComercialSFG,100435,356516.879,559719.026,0.0,1975.9,14359.0,27774.02,1706.438,310701.521
2026-01-15,DatPrevisaoOpComercialSFG,95786,368885.127,556927.361,0.0,1775.9,15325.0,27874.02,1636.438,322273.769
2026-01-23,DatPrevisaoOpComercialSFG,92645,376002.493,567344.447,0.0,1550.9,14065.0,27874.02,1566.434,330946.139
2026-01-24,DatPrevisaoOpComercialSFG,92645,376002.493,567344.447,0.0,1550.9,14065.0,27874.02,1566.434,330946.139
2026-02-03,DatPrevisaoOpComercialSFG,92269,336102.193,531244.153,0.0,1550.9,14065.0,27874.02,1566.434,291045.839
2026-02-15,DatPrevisaoOpComercialSFG,90511,276730.449,472267.509,0.0,1335.9,13480.0,27874.02,1376.434,232664.095
2026-02-22,DatPrevisaoOpComercialSFG,90511,276820.449,472267.509,0.0,1335.9,13480.0,27874.02,1466.434,232664.095
2026-03-04,DatPrevisaoOpComercialSFG,90052,242316.529,437826.589,0.0,1335.9,13480.0,27874.02,1586.434,198040.175
2026-03-05,DatPrevisaoOpComercialSFG,90052,242316.529,437826.589,0.0,1335.9,13480.0,27874.02,1586.434,198040.175
2026-03-16,DatPrevisaoOpComercialSFG,85235,207110.807,397771.732,0.0,1859.5,13480.0,27874.02,1794.424,162102.863
2026-03-20,DatPrevisaoOpComercialSFG,73657,182220.743,330652.697,0.0,1859.5,13480.0,27874.02,1884.424,137122.799
2026-04-09,DatPrevisaoOpComercialSFG,73691,185057.331,330047.705,0.0,2197.7,13480.0,27874.02,1832.424,139673.187
2026-04-15,DatPrevisaoOpComercialSFG,74286,222046.754,369765.034,44.0,1535.9,13454.0,27874.02,1698.424,177484.41
2026-04-16,DatPrevisaoOpComercialSFG,74284,222834.754,370553.034,0.0,1535.9,14198.0,27874.02,1742.424,177484.41
2026-05-01,DatPrevisaoOpComercialSFG,74768,230815.723,374796.128,0.0,1535.9,14198.0,27874.02,1832.424,185375.379
2026-05-17,DatPrevisaoOpComercialSFG,73677,211420.179,362035.748,0.0,2140.42,14198.0,27874.02,1832.424,165375.315
2026-05-22,DatPrevisaoOpComercialSFG,73258,211920.129,361435.748,0.0,2140.42,14198.0,27874.02,1832.424,165875.265
2026-06-15,DatPrevisaoOpComercialSFG,73143,206648.434,358885.323,0.0,2140.42,14174.0,27874.02,1688.424,160771.57
2026-06-19,DatPrevisaoOpComercialSFG,73141,206553.424,358190.313,0.0,2140.42,14174.0,27874.02,1593.414,160771.57
2026-06-22,DatPrevisaoOpComercialSFG,72391,206553.424,358190.313,0.0,2140.42,14174.0,27874.02,1593.414,160771.57
2026-07-02,DatPrevisaoOpComercialSFG,72138,206453.44,354165.313,0.0,2140.42,14174.0,27874.02,1593.414,160671.586
2026-07-10,DatPrevisaoOpComercialSFG,68203,206908.29,312559.559,0.0,2140.42,14174.0,33798.87,1523.414,155271.586
2026-07-27,DatPrevisaoOpComercialSFG,68192,211718.254,313163.959,0.0,2140.42,14174.0,33798.87,1713.414,159891.55
2026-07-28,DatPrevisaoOpComercialSFG,68192,211718.254,313163.959,0.0,2140.42,14174.0,33798.87,1713.414,159891.55
2026-08-03,DatPrevisaoOpComercialSFG,67991,213143.292,309588.981,0.0,2140.42,14174.0,33798.87,1713.414,161316.588
2026-08-16,DatPrevisaoOpComercialSFG,67597,213724.121,319000.51,0.0,1878.62,14174.0,30183.83,1583.414,165904.257
2026-08-21,DatPrevisaoOpComercialSFG,59582,218726.121,316265.51,0.0,1778.62,14174.0,30183.83,6553.414,166036.257
2026-08-22,DatPrevisaoOpComercialSFG,59551,218726.121,316265.51,0.0,1778.62,14174.0,30183.83,6553.414,166036.257
2026-09-01,DatPrevisaoOpComercialSFG,57899,162816.815,255394.088,0.0,2040.42,13544.0,22742.3,6553.414,117936.681
2026-09-16,DatPrevisaoOpComercialSFG,57252,149164.848,241722.921,0.0,1790.42,13544.0,22742.3,6541.414,104546.714
2026-09-18,DatPrevisaoOpComercialSFG,57413,144773.995,243236.192,0.0,1790.42,13544.0,22750.8,6423.414,100265.361
