snapshot,n_units,all_12m,all_24m,started_12m,started_24m,onsched_12m,started12_Biomassa,started12_Eolica,started12_Fossil,started12_Hidrica,started12_Solar,all12_Biomassa,all12_Eolica,all12_Fossil,all12_Hidrica,all12_Solar
2021-06-17,18462,150458.82499999998,496398.45299999986,149000.485,494689.3629999999,33908.39,8739.050000000001,22923.6,4343.67,1285.71,111708.455,8739.050000000001,22923.6,5795.53,1292.19,111708.455
2021-06-30,19288,184508.02,495623.0129999999,183049.68,493913.92299999995,32814.39,8689.050000000001,23251.6,4343.67,1435.71,145329.65,8689.050000000001,23251.6,5795.53,1442.19,145329.65
2021-07-23,18571,90402.56,621233.9719999998,88950.7,619524.882,15129.74,8415.86,19163.9,2875.67,1310.32,57184.95,8415.86,19163.9,4327.53,1310.32,57184.95
2021-08-16,20732,170991.434,559938.8799999999,169839.574,558529.7899999999,16432.08,10715.34,20860.4,2885.42,1344.85,134033.56399999998,10715.34,20860.4,4037.2799999999997,1344.85,134033.56399999998
2021-08-19,20651,167724.864,556378.3099999999,166573.004,554969.22,15630.09,9923.41,20860.4,2885.42,1344.85,131558.924,9923.41,20860.4,4037.2799999999997,1344.85,131558.924
2021-09-15,21413,156128.296,553953.936,154976.436,552544.8459999999,16366.989999999998,9923.41,20185.35,3186.5099999999998,1623.85,120057.31599999999,9923.41,20185.35,4338.37,1623.85,120057.31599999999
2021-09-17,21404,155278.296,552602.146,154126.436,551193.0559999999,16240.989999999998,9923.41,19975.35,2546.5099999999998,1623.85,120057.31599999999,9923.41,19975.35,3698.37,1623.85,120057.31599999999
2021-11-23,26241,179017.637,563037.193,177797.547,561628.1029999999,10301.93,6614.84,22032.7,13256.8,2646.35,133246.857,6614.84,22032.7,14470.41,2652.83,133246.857
2021-12-14,26411,175981.81199999998,559678.693,175981.81199999998,558483.213,8606.73,6096.82,18684.0,13087.13,1452.15,136661.712,6096.82,18684.0,13087.13,1452.15,136661.712
2021-12-22,26359,173891.562,558302.443,173891.562,557106.9629999999,6986.48,6556.82,16133.75,13087.13,1452.15,136661.712,6556.82,16133.75,13087.13,1452.15,136661.712
2022-01-14,25988,196135.87499999997,629403.5889999999,195946.87499999997,628208.1089999999,12331.439999999999,6956.82,22914.5,11335.2,2067.15,152673.205,6956.82,23103.5,11335.2,2067.15,152673.205
2022-01-17,25987,232003.63499999995,631476.5889999999,231808.15499999994,630281.1089999999,12739.44,6956.82,23844.5,11350.35,3626.15,186030.335,6956.82,24033.5,11350.35,3632.63,186030.335
2022-02-15,29088,224600.32699999996,572730.369,223593.84699999995,571723.889,16781.395,5448.82,27914.5,14761.67,3704.85,171764.00699999998,5448.82,27914.5,15761.67,3711.33,171764.00699999998
2022-03-15,33878,289020.2749999999,650118.0430000001,287824.7949999999,648922.5629999998,25705.907,5838.32,32304.5,11068.2,3646.75,234967.025,5838.32,32493.5,12068.2,3653.23,234967.025
2022-04-05,35270,307577.73399999994,646773.487,306382.25399999996,645578.007,26603.432,4163.72,32635.55,12606.4,3646.75,253329.834,4163.72,32824.55,13606.4,3653.23,253329.834
2022-04-14,38043,306743.33599999995,709067.3039999999,306736.8559999999,709060.8239999998,51944.162,4192.24,32641.3,11999.8,3673.35,254230.166,4192.24,32641.3,11999.8,3679.83,254230.166
2022-04-20,38060,307503.78599999996,707040.8239999999,307497.306,707034.3439999999,51146.682,3642.2400000000002,31727.3,10277.8,3673.35,258176.61599999998,3642.2400000000002,31727.3,10277.8,3679.83,258176.61599999998
2022-05-01,38048,358586.81599999993,707071.174,358580.33599999995,707064.6939999999,47658.206999999995,3430.04,33154.35,10277.8,3546.85,308171.296,3430.04,33154.35,10277.8,3553.33,308171.296
2022-05-17,49162,460794.8059999999,716858.7829999998,460788.3259999999,716852.303,47584.426999999996,3262.2400000000002,32691.45,13145.460000000001,3526.85,408162.326,3262.2400000000002,32691.45,13145.460000000001,3533.33,408162.326
2022-06-01,51809,465786.28599999996,728321.0869999999,465779.806,728314.607,44663.763,3262.2400000000002,34145.8,12595.99,3641.75,412134.026,3262.2400000000002,34145.8,12595.99,3648.23,412134.026
2022-06-13,51604,356860.3609999999,617553.0519999999,356853.88099999994,617546.5719999999,44807.643,3748.2400000000002,33642.3,13222.66,3620.75,302619.931,3748.2400000000002,33642.3,13222.66,3627.23,302619.931
2022-07-01,55022,296327.247,554165.048,296320.767,554158.568,37130.166000000005,4510.41,33846.05,7094.218,2674.75,248195.339,4510.41,33846.05,7094.218,2681.23,248195.339
2022-07-15,55488,311440.16599999997,686408.577,311433.686,686402.0970000001,30133.63,3895.84,36119.1,12656.588,2534.75,256227.408,3895.84,36119.1,12656.588,2541.23,256227.408
2022-08-02,55259,357785.183,675573.154,357778.703,675566.6739999999,34409.5,3895.84,36526.55,18311.588,2227.06,296817.665,3895.84,36526.55,18311.588,2233.54,296817.665
2022-08-15,55257,346872.15499999997,634610.608,346865.67499999993,634604.128,37068.43,3345.84,38062.7,10970.81,2102.06,292384.265,3345.84,38062.7,10970.81,2108.54,292384.265
2022-09-01,55989,358066.04799999995,627700.2679999999,358059.56799999997,627693.788,38257.07,2630.34,41493.45,14716.41,1939.79,297279.578,2630.34,41493.45,14716.41,1946.27,297279.578
2022-09-15,58692,348635.5839999999,593427.662,348629.10399999993,593421.182,36181.11,3642.96,39711.45,12845.86,1622.87,290805.964,3642.96,39711.45,12845.86,1629.35,290805.964
2022-09-28,58529,353570.58199999994,610390.872,353564.10199999996,610384.392,32199.85,3128.7,37201.6,12524.06,1247.87,299461.872,3128.7,37201.6,12524.06,1254.35,299461.872
2022-10-06,58529,358063.8999999999,617868.506,358057.4199999999,617862.0260000001,31889.369999999995,3128.7,39057.95,12524.06,1247.87,302098.83999999997,3128.7,39057.95,12524.06,1254.35,302098.83999999997
2022-10-18,64413,416474.98199999996,678887.1649999999,416468.502,678580.685,45928.922,2319.73,39471.65,12004.86,1769.18,360903.082,2319.73,39471.65,12004.86,1775.66,360903.082
2022-11-01,62114,410908.66799999995,693985.5349999999,410902.188,693679.0549999999,42286.132,3249.25,37121.0,8665.46,1674.18,360192.298,3249.25,37121.0,8665.46,1680.66,360192.298
2022-11-14,63260,402622.47199999995,684709.771,402615.99199999997,684403.291,43815.142,2852.98,40208.0,8592.66,1523.18,349439.172,2852.98,40208.0,8592.66,1529.66,349439.172
2022-12-14,68031,329158.246,683261.0709999999,329158.246,682961.071,34725.932,2468.73,36187.0,7092.66,1164.68,282245.176,2468.73,36187.0,7092.66,1164.68,282245.176
2022-12-15,67056,303770.54199999996,657467.367,303770.54199999996,657467.367,34842.932,2468.73,36249.0,7092.66,1164.68,256795.47199999998,2468.73,36249.0,7092.66,1164.68,256795.47199999998
2022-12-28,68076,297254.448,652486.273,297254.448,652486.273,34130.932,2468.73,34980.0,7092.66,970.6800000000001,251742.378,2468.73,34980.0,7092.66,970.6800000000001,251742.378
2022-12-31,68047,251418.918,607253.743,251418.918,607253.743,33411.712,2289.37,34620.0,7092.66,970.6800000000001,206446.20799999998,2289.37,34620.0,7092.66,970.6800000000001,206446.20799999998
2023-01-17,70095,282909.46499999997,686612.156,282909.46499999997,686612.156,32944.792,3238.89,39864.0,1437.6599999999999,970.6800000000001,237398.235,3238.89,39864.0,1437.6599999999999,970.6800000000001,237398.235
2023-02-08,70118,281083.941,676791.5480000001,281083.941,676791.5480000001,32126.792,3124.89,39019.0,1437.6599999999999,817.6800000000001,236684.711,3124.89,39019.0,1437.6599999999999,817.6800000000001,236684.711
2023-02-13,70110,272025.11199999996,685601.592,272025.11199999996,685601.592,35674.678,3023.16,40101.0,7295.06,1329.61,220276.282,3023.16,40101.0,7295.06,1329.61,220276.282
2023-02-14,70089,271001.452,684577.932,271001.452,684577.932,32960.642,3023.16,39966.0,7295.06,1329.61,219387.622,3023.16,39966.0,7295.06,1329.61,219387.622
2023-02-15,70081,276674.466,684250.9519999999,276674.466,684250.9519999999,37168.66,3023.16,39842.0,7295.06,1329.61,225184.636,3023.16,39842.0,7295.06,1329.61,225184.636
2023-02-16,70081,276674.466,684250.9519999999,276674.466,684250.9519999999,43743.25199999999,3023.16,39842.0,7295.06,1329.61,225184.636,3023.16,39842.0,7295.06,1329.61,225184.636
2023-03-01,70004,298653.61,693494.97,298653.61,693494.97,52131.409999999996,3804.52,39522.0,7092.66,1355.18,246879.25,3804.52,39522.0,7092.66,1355.18,246879.25
2023-03-15,72972,280249.546,691767.566,280249.546,691767.566,40217.327,3574.04,37100.0,6564.3,2539.429,230471.777,3574.04,37100.0,6564.3,2539.429,230471.777
2023-04-04,90984,308321.81299999997,694779.3399999999,308321.81299999997,694779.3399999999,56584.42899999999,4562.04,37634.0,6532.8,2583.549,257009.424,4562.04,37634.0,6532.8,2583.549,257009.424
2023-04-05,90984,308321.81299999997,694779.3399999999,308321.81299999997,694779.3399999999,38662.751000000004,4562.04,37634.0,6532.8,2583.549,257009.424,4562.04,37634.0,6532.8,2583.549,257009.424
2023-04-16,91390,214498.15199999997,653491.842,214498.15199999997,653491.842,39811.320999999996,4261.77,36739.0,877.8,2502.349,170117.233,4261.77,36739.0,877.8,2502.349,170117.233
2023-05-09,92491,220356.05499999996,669696.043,220356.05499999996,669696.043,36924.622,6529.77,35190.0,409.79999999999995,1392.35,176834.13499999998,6529.77,35190.0,409.79999999999995,1392.35,176834.13499999998
2023-05-15,106536,231758.09,610715.693,231758.09,610715.693,27986.266000000003,4511.77,36191.3,409.79999999999995,1333.35,189311.87,4511.77,36191.3,409.79999999999995,1333.35,189311.87
2023-06-05,116992,234246.91999999998,606033.483,234246.91999999998,606033.483,23559.796,7893.17,34869.3,409.79999999999995,1189.04,189885.61,7893.17,34869.3,409.79999999999995,1189.04,189885.61
2023-06-15,117766,246132.77399999998,610333.455,246132.77399999998,610333.455,51212.509999999995,4095.17,38491.3,409.79999999999995,849.04,202287.464,4095.17,38491.3,409.79999999999995,849.04,202287.464
2023-06-30,124714,211083.85499999998,507651.2459999999,211083.85499999998,507651.2459999999,32931.905999999995,4357.07,38733.3,409.79999999999995,928.04,166655.645,4357.07,38733.3,409.79999999999995,928.04,166655.645
2023-07-14,101904,208322.329,488459.984,208322.329,488459.984,39981.17199999999,4757.07,36534.3,401.4,920.79,165708.769,4757.07,36534.3,401.4,920.79,165708.769
2023-07-17,104239,210897.06900000002,489512.324,210897.06900000002,489512.324,36272.294,4671.07,34789.3,401.4,920.79,170114.509,4671.07,34789.3,401.4,920.79,170114.509
2023-07-20,108521,213944.359,488626.614,213944.359,488626.614,27573.663999999997,8296.36,34211.3,401.4,920.79,170114.509,8296.36,34211.3,401.4,920.79,170114.509
2023-08-07,134997,242771.84299999996,560849.486,242771.84299999996,560849.486,50924.78,9181.91,31535.0,401.4,950.79,200702.743,9181.91,31535.0,401.4,950.79,200702.743
2023-08-16,136362,234432.56799999997,540084.561,234432.56799999997,540084.561,29146.358,4541.91,33789.0,401.4,881.79,194818.468,4541.91,33789.0,401.4,881.79,194818.468
2023-09-09,146603,233027.424,534713.1669999999,233027.424,534713.1669999999,44820.259999999995,8431.91,32176.0,401.4,961.79,191056.324,8431.91,32176.0,401.4,961.79,191056.324
2023-09-16,146343,228607.51399999997,529270.247,228607.51399999997,529270.247,42446.688,4510.55,30609.0,401.4,1101.8,191984.764,4510.55,30609.0,401.4,1101.8,191984.764
2023-10-03,153033,294856.463,620756.472,294856.463,620756.472,38427.143,8036.06,29606.0,,1191.8,256022.603,8036.06,29606.0,,1191.8,256022.603
2023-10-16,155752,304300.96,634713.134,304300.96,634713.134,20839.814,8046.06,31776.0,,1224.8,263254.1,8046.06,31776.0,,1224.8,263254.1
2023-10-20,145329,303825.95999999996,505946.16699999996,303825.95999999996,505946.16699999996,39010.143,8046.06,31421.0,,1104.8,263254.1,8046.06,31421.0,,1104.8,263254.1
2023-11-01,145310,326713.63399999996,505184.98699999996,326713.63399999996,505184.98699999996,33792.33899999999,8046.06,31787.0,,1104.8,285775.774,8046.06,31787.0,,1104.8,285775.774
2023-11-15,144972,296813.865,493255.03599999996,296813.865,493255.03599999996,35746.787,8946.06,31735.0,,962.8,255170.005,8946.06,31735.0,,962.8,255170.005
2023-11-17,144971,297908.865,497579.532,297908.865,497579.532,7363.210000000001,8946.06,32830.0,,962.8,255170.005,8946.06,32830.0,,962.8,255170.005
2023-12-04,149256,268155.147,494323.778,268155.147,494323.778,36676.28999999999,9696.06,28958.0,,865.3,228635.787,9696.06,28958.0,,865.3,228635.787
2023-12-12,149823,271704.47199999995,492890.763,271704.47199999995,492890.763,16900.251999999997,10096.06,28505.0,2889.0,1121.8899999999999,229092.522,10096.06,28505.0,2889.0,1121.8899999999999,229092.522
2023-12-15,149828,270214.834,487887.14499999996,270214.834,487887.14499999996,20878.716,9696.06,28118.0,2889.0,1183.24,228328.534,9696.06,28118.0,2889.0,1183.24,228328.534
2023-12-31,145928,227730.99899999998,449240.25,227730.99899999998,449240.25,5751.41,9546.06,23438.0,2889.0,1308.57,190549.369,9546.06,23438.0,2889.0,1308.57,190549.369
2024-01-02,145928,246179.509,522202.35,246179.509,522202.35,10354.960000000001,9846.06,23438.0,20537.53,1808.55,190549.369,9846.06,23438.0,20537.53,1808.55,190549.369
2024-01-15,145582,268650.156,534579.445,268650.156,534579.445,10313.01,9709.66,28237.0,20537.53,2181.89,207984.076,9709.66,28237.0,20537.53,2181.89,207984.076
2024-01-18,145575,276039.24,534264.4450000001,276039.24,534264.4450000001,7536.57,9738.01,27922.0,20537.53,2181.89,215659.81,9738.01,27922.0,20537.53,2181.89,215659.81
2024-01-31,144639,271075.494,527146.3089999999,271075.494,527146.3089999999,8805.85,9738.01,26505.0,20537.53,2337.09,211957.864,9738.01,26505.0,20537.53,2337.09,211957.864
2024-02-13,145178,269191.46400000004,528478.879,269191.46400000004,528478.879,7609.39,10313.01,23155.0,20537.53,2337.09,212848.834,10313.01,23155.0,20537.53,2337.09,212848.834
2024-02-16,145186,268676.314,527586.0789999999,268676.314,527586.0789999999,6586.109999999999,10053.01,22859.0,20537.53,2337.09,212889.684,10053.01,22859.0,20537.53,2337.09,212889.684
2024-03-01,140738,263626.058,521018.557,263626.058,521018.557,8012.03,10803.01,21929.0,20537.53,2337.09,208019.42799999999,10803.01,21929.0,20537.53,2337.09,208019.42799999999
2024-03-16,139957,252363.523,516463.15199999994,252363.523,516463.15199999994,10271.12,10863.01,20240.0,20537.53,2337.09,198385.893,10863.01,20240.0,20537.53,2337.09,198385.893
2024-03-21,139936,251099.668,516708.11699999997,251099.668,516708.11699999997,7784.56,11343.01,20306.0,20537.53,2327.09,196586.038,11343.01,20306.0,20537.53,2327.09,196586.038
2024-04-05,137220,201151.31200000003,462040.16099999996,201151.31200000003,462040.16099999996,9403.560000000001,11189.26,18523.0,20537.53,2327.09,148574.432,11189.26,18523.0,20537.53,2327.09,148574.432
2024-04-16,136491,208087.73200000002,435282.327,208087.73200000002,435282.327,6461.120000000001,10399.26,18026.0,20537.53,2327.09,156797.852,10399.26,18026.0,20537.53,2327.09,156797.852
2024-04-18,136709,209864.84600000002,436111.441,209864.84600000002,436111.441,7012.91,10079.26,18026.0,20537.53,4424.141,156797.915,10079.26,18026.0,20537.53,4424.141,156797.915
2024-05-03,135830,203965.99300000002,428894.18799999997,203965.99300000002,428894.18799999997,7122.560000000001,9779.26,16247.0,20537.53,4424.141,152978.062,9779.26,16247.0,20537.53,4424.141,152978.062
2024-05-16,135756,202943.977,409965.72599999997,202943.977,409965.72599999997,7149.39,9270.91,15873.0,20537.53,4505.891,152756.646,9270.91,15873.0,20537.53,4505.891,152756.646
2024-05-23,135583,203481.83000000002,404762.569,203481.83000000002,404762.569,9451.39,9750.91,15496.0,20537.53,4496.837,153200.55299999999,9750.91,15496.0,20537.53,4496.837,153200.55299999999
2024-06-03,135544,198603.06199999998,409252.021,198603.06199999998,409252.021,9614.942000000001,10157.210000000001,16066.0,20537.53,4496.837,147345.485,10157.210000000001,16066.0,20537.53,4496.837,147345.485
2024-06-17,136405,193282.112,466979.46499999997,193282.112,466979.46499999997,5162.850000000001,9427.210000000001,16959.0,20537.53,4517.987,141840.385,9427.210000000001,16959.0,20537.53,4517.987,141840.385
2024-06-20,135268,179018.338,448671.6919999999,179018.338,448671.6919999999,8731.580000000002,6067.21,17197.0,20537.53,4375.987,130840.611,6067.21,17197.0,20537.53,4375.987,130840.611
2024-07-01,134463,180494.184,443603.878,180494.184,443603.878,3725.380000000001,6247.91,16700.0,21537.53,4280.517,131728.227,6247.91,16700.0,21537.53,4280.517,131728.227
2024-07-12,133841,174515.495,445726.69899999996,174515.495,445726.69899999996,5052.120000000001,5517.91,16835.0,21537.53,4378.017,126247.038,5517.91,16835.0,21537.53,4378.017,126247.038
2024-07-19,133390,168579.387,434344.071,168579.387,434344.071,7957.920000000001,5997.91,18545.0,21537.53,4362.017,118136.93,5997.91,18545.0,21537.53,4362.017,118136.93
2024-08-06,133083,175153.151,448028.33499999996,175153.151,448028.33499999996,8193.11,6247.91,18740.0,27582.73,4362.017,118220.494,6247.91,18740.0,27582.73,4362.017,118220.494
2024-08-19,133114,172614.736,466011.1159999999,172614.736,466011.1159999999,6022.85,4767.91,21116.0,27582.73,4572.977,114575.119,4767.91,21116.0,27582.73,4572.977,114575.119
2024-08-22,132781,183833.283,477044.47699999996,183833.283,477044.47699999996,6558.35,5779.17,20702.0,27582.73,4572.977,125196.406,5779.17,20702.0,27582.73,4572.977,125196.406
2024-08-23,132781,183779.283,476990.47699999996,183779.283,476990.47699999996,6889.620000000001,5779.17,20648.0,27582.73,4572.977,125196.406,5779.17,20648.0,27582.73,4572.977,125196.406
2024-09-02,131965,185803.975,473205.429,185803.975,473205.429,4839.5999999999985,5474.17,19730.0,24693.73,4490.827,131415.248,5474.17,19730.0,24693.73,4490.827,131415.248
2024-09-16,131706,171607.73700000002,466771.72699999996,171522.93699999998,466686.927,7273.200000000001,4439.01,19494.0,24693.73,4490.827,118405.37,4439.01,19494.0,24693.73,4575.627,118405.37
2024-09-19,132934,193186.717,487270.707,193186.717,487270.707,4936.01,4509.01,20514.0,24693.73,4440.827,139029.15,4509.01,20514.0,24693.73,4440.827,139029.15
2024-10-02,132884,264513.012,523258.9469999999,264513.012,523258.9469999999,6280.41,4989.01,20622.0,24693.73,4440.827,209767.44499999998,4989.01,20622.0,24693.73,4440.827,209767.44499999998
2024-10-15,133794,253233.89900000003,557957.8189999999,253233.89900000003,557957.8189999999,5102.495,4509.01,20982.0,24693.73,4355.756,198693.403,4509.01,20982.0,24693.73,4355.756,198693.403
2024-11-01,133095,270687.062,565087.96,270687.062,565087.96,13481.97,4689.01,19554.0,24693.73,4420.761,217329.561,4689.01,19554.0,24693.73,4420.761,217329.561
2024-11-18,131294,251684.45599999998,511020.50399999996,251684.45599999998,511020.50399999996,35114.88999999999,4646.29,18348.0,7967.74,4224.8150000000005,216497.611,4646.29,18348.0,7967.74,4224.8150000000005,216497.611
2024-11-21,131264,251563.27599999998,510899.324,251563.27599999998,510899.324,11670.499999999998,4646.29,18708.0,7967.74,4224.8150000000005,216016.43099999998,4646.29,18708.0,7967.74,4224.8150000000005,216016.43099999998
2024-12-04,131248,244819.568,436315.57999999996,244819.568,436315.57999999996,35015.85,4166.29,18525.0,7045.2,4128.8150000000005,210954.263,4166.29,18525.0,7045.2,4128.8150000000005,210954.263
2024-12-16,131398,250374.86599999998,500425.10599999997,250374.86599999998,500425.10599999997,14552.400000000001,3537.19,17592.0,7293.67,4035.485,217916.52099999998,3537.19,17592.0,7293.67,4035.485,217916.52099999998
2024-12-17,131156,249067.126,499018.366,249067.126,499018.366,12862.824,3441.46,17550.0,6293.67,3865.475,217916.52099999998,3441.46,17550.0,6293.67,3865.475,217916.52099999998
2024-12-20,130885,245462.95599999998,498533.1059999999,245462.95599999998,498533.1059999999,35340.81399999999,3250.56,17505.0,6293.67,3865.475,214548.251,3250.56,17505.0,6293.67,3865.475,214548.251
2024-12-31,129732,220759.08399999997,478676.00399999996,220759.08399999997,478676.00399999996,15331.36,3851.46,17694.0,6293.67,3865.475,189054.479,3851.46,17694.0,6293.67,3865.475,189054.479
2025-01-15,129603,233647.922,503749.269,233647.922,503749.269,35704.84,3250.56,17419.0,6293.67,3872.145,202812.547,3250.56,17419.0,6293.67,3872.145,202812.547
2025-01-23,129592,234358.62199999997,514728.289,234358.62199999997,514728.289,33812.88,3730.56,16980.0,6293.67,3741.8450000000003,203612.547,3730.56,16980.0,6293.67,3741.8450000000003,203612.547
2025-01-24,129494,231223.374,511472.14099999995,231223.374,511472.14099999995,35444.87999999999,3851.46,16980.0,6293.67,3741.8450000000003,200356.399,3851.46,16980.0,6293.67,3741.8450000000003,200356.399
2025-02-03,129467,231851.95399999997,525767.913,231851.95399999997,525767.913,13471.4,4101.46,15945.0,6293.67,4005.545,201506.27899999998,4101.46,15945.0,6293.67,4005.545,201506.27899999998
2025-02-15,129457,245016.93399999995,509511.82099999994,245016.93399999995,509511.82099999994,24374.359999999993,2469.3,15720.0,6293.67,4128.045,216405.919,2469.3,15720.0,6293.67,4128.045,216405.919
2025-02-20,129452,244749.93399999998,509244.82099999994,244749.93399999998,509244.82099999994,12551.400000000003,2469.3,15453.0,6293.67,4128.045,216405.919,2469.3,15453.0,6293.67,4128.045,216405.919
2025-03-06,128833,242800.90399999998,503754.891,242800.90399999998,503754.891,35229.579999999994,3020.2,15363.0,6293.67,3628.065,214495.96899999998,3020.2,15363.0,6293.67,3628.065,214495.96899999998
2025-03-17,128826,246691.94399999996,515467.78099999996,246691.94399999996,515467.78099999996,24934.149999999994,1813.4,15141.0,6293.67,3680.065,219763.80899999998,1813.4,15141.0,6293.67,3680.065,219763.80899999998
2025-03-21,128693,247571.74399999995,510127.00100000005,247571.74399999995,510127.00100000005,15010.93,1813.4,22071.0,6293.67,3680.065,213713.609,1813.4,22071.0,6293.67,3680.065,213713.609
2025-04-02,128614,256122.992,507392.0,256122.992,507392.0,11709.400000000003,2543.4,21506.0,6293.67,1410.064,224369.85799999998,2543.4,21506.0,6293.67,1410.064,224369.85799999998
2025-04-16,126037,247550.542,476172.22899999993,247550.542,476172.22899999993,14629.4,1813.4,20623.0,6293.67,1523.164,217297.308,1813.4,20623.0,6293.67,1523.164,217297.308
2025-04-17,126033,246954.012,475575.699,246954.012,475575.699,25114.294,1313.4,20491.0,6293.67,1558.634,217297.308,1313.4,20491.0,6293.67,1558.634,217297.308
2025-04-22,126033,248174.012,475575.699,248174.012,475575.699,33704.880000000005,1313.4,20491.0,6293.67,1558.634,218517.308,1313.4,20491.0,6293.67,1558.634,218517.308
2025-05-05,125823,246770.422,467084.74899999995,246770.422,467084.74899999995,25884.06,1813.4,17000.0,6293.67,1558.634,220104.718,1813.4,17000.0,6293.67,1558.634,220104.718
2025-05-15,125555,245666.612,463935.98899999994,245666.612,463935.98899999994,31238.879999999994,1813.4,15657.0,6293.67,1768.634,220133.908,1813.4,15657.0,6293.67,1768.634,220133.908
2025-05-26,125408,239541.54199999996,457690.919,239541.54199999996,457690.919,12193.399999999998,1413.4,15252.0,6293.67,1778.634,214803.838,1413.4,15252.0,6293.67,1778.634,214803.838
2025-06-04,123655,244079.03199999995,457110.92899999995,244079.03199999995,457110.92899999995,13707.099999999999,1795.9,14577.0,6293.67,1778.634,219633.82799999998,1795.9,14577.0,6293.67,1778.634,219633.82799999998
2025-06-16,124182,245967.66199999995,449095.489,245913.66199999995,449041.489,22756.294,1795.9,13455.0,6293.67,1833.634,222535.45799999998,1795.9,13509.0,6293.67,1833.634,222535.45799999998
2025-06-18,124156,245913.21199999997,453112.999,245859.21199999997,453058.999,33610.579999999994,1795.9,13320.0,6293.67,1723.634,222726.008,1795.9,13374.0,6293.67,1723.634,222726.008
2025-07-03,123788,274911.70999999996,439702.169,274857.70999999996,439648.169,23471.059999999998,2010.9,8989.0,6573.9,1723.634,255560.27599999998,2010.9,9043.0,6573.9,1723.634,255560.27599999998
2025-07-16,121046,232597.952,451226.9089999999,232543.95199999996,451172.909,22902.619999999995,1628.4,5275.0,6687.9,1703.634,217249.01799999998,1628.4,5329.0,6687.9,1703.634,217249.01799999998
2025-07-17,121046,232640.402,451476.6589999999,232586.40199999997,451422.659,12902.399999999998,1628.4,5275.0,6730.349999999999,1703.634,217249.01799999998,1628.4,5329.0,6730.349999999999,1703.634,217249.01799999998
2025-08-01,120787,228794.452,449829.719,228740.452,449775.719,20508.620000000003,1628.4,6659.0,6730.349999999999,1703.634,212019.068,1628.4,6713.0,6730.349999999999,1703.634,212019.068
2025-08-16,120422,224701.20099999997,421743.54799999995,224647.201,421689.548,22881.06,1628.4,3779.0,26064.27,1702.628,191472.903,1628.4,3833.0,26064.27,1702.628,191472.903
2025-08-22,120202,175217.64899999998,369137.63600000006,175217.64899999998,369137.63600000006,32769.88,1628.4,3698.0,26064.27,1702.628,142124.351,1628.4,3698.0,26064.27,1702.628,142124.351
2025-09-02,119938,181148.59499999997,366523.63599999994,181148.59499999997,366523.63599999994,10843.893999999997,1628.4,3140.0,26064.27,1702.628,148613.297,1628.4,3140.0,26064.27,1702.628,148613.297
2025-09-17,120335,169084.355,367556.008,169084.355,367556.008,20409.854,1728.4,2540.0,26064.27,1702.628,137049.057,1728.4,2540.0,26064.27,1702.628,137049.057
2025-09-19,120151,161240.685,359397.338,161240.685,359397.338,30409.81399999999,1728.4,2810.0,19770.6,1702.628,135229.057,1728.4,2810.0,19770.6,1702.628,135229.057
2025-09-22,120151,164375.685,359397.338,164375.685,359397.338,30279.87999999999,1728.4,2810.0,19770.6,1702.628,138364.057,1728.4,2810.0,19770.6,1702.628,138364.057
2025-10-02,120255,178779.849,375456.36199999996,178779.849,375456.36199999996,20043.92,1478.4,2720.0,19770.6,1884.128,152926.721,1478.4,2720.0,19770.6,1884.128,152926.721
2025-10-16,120015,208803.31799999997,375187.809,208803.31799999997,375187.809,10173.893999999998,2252.0,2675.0,19728.149999999998,1611.428,182536.74,2252.0,2675.0,19728.149999999998,1611.428,182536.74
2025-10-27,120138,235419.87800000003,401692.019,235419.87800000003,401692.019,20173.854000000003,2252.0,2810.0,19728.149999999998,1573.928,209055.8,2252.0,2810.0,19728.149999999998,1573.928,209055.8
2025-11-03,110705,230330.39,397235.47099999996,230330.39,397235.47099999996,10586.334,2252.0,2720.0,19728.149999999998,1573.928,204056.312,2252.0,2720.0,19728.149999999998,1573.928,204056.312
2025-11-16,110532,179322.40799999997,380661.971,179322.40799999997,380661.971,20043.92,1728.4,3710.0,19728.149999999998,1573.928,152581.93,1728.4,3710.0,19728.149999999998,1573.928,152581.93
2025-11-24,109211,162787.501,363728.26399999997,162787.501,363728.26399999997,20692.359999999997,2252.0,3242.0,19728.149999999998,1573.928,135991.423,2252.0,3242.0,19728.149999999998,1573.928,135991.423
2025-12-01,109148,157283.01299999998,378176.77599999995,157283.01299999998,378176.77599999995,10788.399999999998,2252.0,3017.0,19728.149999999998,1573.928,130711.935,2252.0,3017.0,19728.149999999998,1573.928,130711.935
2025-12-12,95444,133955.37699999998,319426.198,133955.37699999998,319426.198,9999.959999999995,1878.4,1955.0,19728.149999999998,1668.938,108724.889,1878.4,1955.0,19728.149999999998,1668.938,108724.889
2025-12-15,95310,133955.37699999998,319486.198,133955.37699999998,319486.198,10788.399999999998,1878.4,1955.0,19728.149999999998,1668.938,108724.889,1878.4,1955.0,19728.149999999998,1668.938,108724.889
2025-12-18,95309,133847.87699999998,333178.694,133847.87699999998,333178.694,30375.87999999999,1770.9,1955.0,19728.149999999998,1668.938,108724.889,1770.9,1955.0,19728.149999999998,1668.938,108724.889
2025-12-31,95601,147221.783,350087.93,147221.783,350087.93,20313.854,1775.9,2941.0,21357.199999999997,1388.938,119758.745,1775.9,2941.0,21357.199999999997,1388.938,119758.745
2026-01-15,90936,158604.031,346646.265,158604.031,346646.265,30139.87999999999,1575.9,2851.0,21457.199999999997,1388.938,131330.993,1575.9,2851.0,21457.199999999997,1388.938,131330.993
2026-01-23,86793,145474.65399999998,336816.60799999995,145474.65399999998,336816.60799999995,12417.449999999999,1350.9,2761.0,21457.199999999997,1215.004,118690.55,1350.9,2761.0,21457.199999999997,1215.004,118690.55
2026-01-24,86793,145474.65399999998,336816.60799999995,145474.65399999998,336816.60799999995,552.44,1350.9,2761.0,21457.199999999997,1215.004,118690.55,1350.9,2761.0,21457.199999999997,1215.004,118690.55
2026-02-03,86445,136674.52599999998,331816.486,136674.52599999998,331816.486,12277.450000000003,1550.9,2761.0,21457.199999999997,1215.004,109690.42199999999,1550.9,2761.0,21457.199999999997,1215.004,109690.42199999999
2026-02-15,86104,124752.506,320289.566,124752.506,320289.566,10412.399999999998,1335.9,2761.0,21457.199999999997,1057.504,98140.902,1335.9,2761.0,21457.199999999997,1057.504,98140.902
2026-02-22,86104,124842.506,320289.566,124842.506,320289.566,20235.920000000006,1335.9,2761.0,21457.199999999997,1147.504,98140.902,1335.9,2761.0,21457.199999999997,1147.504,98140.902
2026-03-04,86445,120422.218,315932.278,120422.218,315932.278,11769.009999999997,1335.9,2761.0,21457.199999999997,1267.504,93600.614,1335.9,2761.0,21457.199999999997,1267.504,93600.614
2026-03-05,86445,120422.218,315932.278,120422.218,315932.278,22048.969999999994,1335.9,2761.0,21457.199999999997,1267.504,93600.614,1335.9,2761.0,21457.199999999997,1267.504,93600.614
2026-03-16,82580,120284.208,310945.133,120284.208,310945.133,140.0,1335.9,2761.0,21457.199999999997,1379.494,93350.614,1335.9,2761.0,21457.199999999997,1379.494,93350.614
2026-03-20,71923,119974.20799999998,268406.16199999995,119974.20799999998,268406.16199999995,12417.449999999999,935.9,2761.0,21457.199999999997,1469.494,93350.614,935.9,2761.0,21457.199999999997,1469.494,93350.614
2026-04-09,72504,139447.41999999998,284437.794,139447.41999999998,284437.794,20788.36,1535.9,2761.0,21457.199999999997,1369.494,112323.826,1535.9,2761.0,21457.199999999997,1369.494,112323.826
2026-04-15,72794,168806.64299999998,316524.92299999995,168806.64299999998,316524.92299999995,12041.449999999999,1535.9,2499.0,21457.199999999997,1279.494,142035.049,1535.9,2499.0,21457.199999999997,1279.494,142035.049
2026-04-16,72792,169550.64299999998,317268.92299999995,169550.64299999998,317268.92299999995,11769.009999999997,1535.9,3243.0,21457.199999999997,1279.494,142035.049,1535.9,3243.0,21457.199999999997,1279.494,142035.049
2026-05-01,73116,177051.612,321032.017,177051.612,321032.017,12041.449999999999,1535.9,3243.0,21457.199999999997,1369.494,149446.018,1535.9,3243.0,21457.199999999997,1369.494,149446.018
2026-05-17,72025,157656.06800000003,308271.637,157656.06800000003,308271.637,11769.009999999997,2140.42,3243.0,21457.199999999997,1369.494,129445.954,2140.42,3243.0,21457.199999999997,1369.494,129445.954
2026-05-22,71605,154540.978,304056.597,154540.978,304056.597,29999.87999999999,2140.42,3243.0,17842.16,1369.494,129945.904,2140.42,3243.0,17842.16,1369.494,129945.904
2026-06-15,71567,147863.712,300010.601,147863.712,300010.601,20139.920000000002,2040.42,3219.0,17268.23,1369.494,123966.568,2040.42,3219.0,17268.23,1369.494,123966.568
2026-06-19,71369,141753.756,293300.645,141753.756,293300.645,19999.92,2040.42,3219.0,16694.3,1274.484,118525.552,2040.42,3219.0,16694.3,1274.484,118525.552
2026-06-22,70599,140518.25600000002,292065.145,140518.25600000002,292065.145,19999.92,2040.42,2165.0,16694.3,1092.984,118525.552,2040.42,2165.0,16694.3,1092.984,118525.552
2026-07-02,70537,145518.27200000003,293140.14499999996,145518.27200000003,293140.14499999996,20621.110000000004,2040.42,2165.0,16694.3,1092.984,123525.568,2040.42,2165.0,16694.3,1092.984,123525.568
2026-07-10,66780,149802.12200000003,255363.391,149802.12200000003,255363.391,10621.149999999998,1790.42,774.0,22619.149999999998,1092.984,123525.568,1790.42,774.0,22619.149999999998,1092.984,123525.568
2026-07-27,66763,153950.896,255261.601,153950.896,255261.601,140.0,1790.42,594.0,22137.96,1282.984,128145.532,1790.42,594.0,22137.96,1282.984,128145.532
2026-07-28,66763,153950.896,255261.601,153950.896,255261.601,9999.959999999995,1790.42,594.0,22137.96,1282.984,128145.532,1790.42,594.0,22137.96,1282.984,128145.532
2026-08-03,66760,158815.912,255126.601,158815.912,255126.601,19999.92,1790.42,459.0,22137.96,1282.984,133145.548,1790.42,459.0,22137.96,1282.984,133145.548
2026-08-16,66007,123911.821,229053.20999999996,123911.821,229053.20999999996,16024.809999999994,1528.62,459.0,22137.96,1152.984,98633.257,1528.62,459.0,22137.96,1152.984,98633.257
2026-08-21,57992,124949.10099999998,222488.49,124949.10099999998,222488.49,16024.809999999994,1528.62,324.0,18208.239999999998,6122.984,98765.257,1528.62,324.0,18208.239999999998,6122.984,98765.257
2026-08-22,57961,124949.10099999998,222488.49,124949.10099999998,222488.49,26164.770000000004,1528.62,324.0,18208.239999999998,6122.984,98765.257,1528.62,324.0,18208.239999999998,6122.984,98765.257
2026-09-01,56711,125779.34699999998,218356.62,125779.34699999998,218356.62,9999.959999999995,1790.42,324.0,18208.239999999998,6122.984,99333.703,1790.42,324.0,18208.239999999998,6122.984,99333.703
2026-09-16,56507,122568.38,215126.453,122568.38,215126.453,10139.96,1790.42,324.0,18208.239999999998,6110.984,96134.736,1790.42,324.0,18208.239999999998,6110.984,96134.736
2026-09-18,56668,118177.52699999997,216639.724,118177.52699999997,216639.724,10139.96,1790.42,324.0,18216.739999999998,5992.984,91853.383,1790.42,324.0,18216.739999999998,5992.984,91853.383
