border,2022_sender_exit,2022_receiver_entry,2022_used,2023_sender_exit,2023_receiver_entry,2023_used,2024_sender_exit,2024_receiver_entry,2024_used,2025_sender_exit,2025_receiver_entry,2025_used
AL>IT,107.7,107.7,107.7,104.0,104.0,104.1,108.5,108.5,108.5,105.1,105.1,105.2
AT>DE,3.7,3.0,3.7,3.3,2.8,3.3,1.4,1.2,1.4,0.0,0.0,0.0
AT>HU,35.8,35.7,35.8,24.5,24.5,24.5,0.3,0.3,0.3,30.1,30.1,30.1
AT>IT,116.1,116.2,116.6,27.2,26.9,27.4,57.8,57.7,58.2,7.0,7.0,7.1
AT>SI,11.4,11.4,11.4,6.6,6.6,6.6,7.1,7.1,7.1,8.8,8.8,8.8
AT>SK,0.0,0.0,0.0,0.0,0.0,0.0,0.0,0.0,0.0,5.2,5.2,5.2
BE>DE,240.4,240.0,240.5,212.1,212.0,212.1,154.1,154.1,154.1,213.4,213.5,213.5
BE>FR,31.3,31.2,31.3,30.1,29.8,30.1,23.2,23.0,23.2,12.4,12.3,12.4
BE>LU,6.7,6.7,6.7,2.9,2.9,2.9,0.0,0.0,0.0,0.0,0.0,0.0
BE>NL,129.6,149.8,149.9,87.4,102.3,102.3,52.5,65.9,65.9,77.2,90.0,90.0
BE>NO,0.0,0.0,0.0,0.0,0.0,0.0,0.0,0.0,0.0,0.0,0.0,0.0
BE>UK,0.5,0.5,0.5,0.0,0.0,0.0,1.0,1.0,1.0,4.1,4.1,4.1
CH>DE,16.4,16.4,16.4,5.3,5.3,5.3,1.6,1.6,1.6,2.4,2.4,2.4
CH>FR,0.3,0.3,0.3,0.6,0.6,0.6,0.0,0.0,0.0,0.0,0.0,0.0
CH>IT,75.0,75.0,75.0,68.0,68.0,68.0,62.1,62.1,62.1,89.9,89.9,89.9
CZ>DE,0.1,116.5,116.5,0.0,0.0,0.0,1.5,1.4,1.5,0.1,0.0,0.1
DE>AT,61.4,78.7,80.1,32.2,33.5,36.0,9.4,5.9,9.9,73.5,93.6,94.6
DE>BE,0.0,0.0,0.0,0.0,0.0,0.0,0.0,0.0,0.0,0.1,0.0,0.1
DE>CH,35.2,35.2,35.2,24.3,24.3,24.3,10.6,10.6,10.6,29.9,29.9,29.9
DE>CZ,288.3,283.8,289.0,74.8,63.2,76.7,32.8,32.9,32.9,93.0,93.1,93.1
DE>DK,21.3,23.4,23.6,5.0,5.0,5.1,0.8,0.8,0.8,2.0,2.0,2.0
DE>FR,14.2,14.3,14.3,0.0,0.0,0.0,0.0,0.0,0.0,0.0,0.0,0.0
DE>LU,0.0,0.0,0.0,0.0,0.0,0.0,0.0,0.0,0.0,0.0,0.0,0.0
DE>NL,28.2,28.3,28.3,35.3,35.3,35.3,29.8,29.9,30.0,16.7,16.7,16.7
DE>NO,0.0,0.0,0.0,0.0,0.0,0.0,0.0,0.0,0.0,0.0,0.0,0.0
DE>PL,43.9,43.9,43.9,13.8,13.8,13.8,5.9,5.9,5.9,13.7,13.7,13.7
DK>DE,0.0,0.0,0.0,0.8,0.9,0.9,1.1,1.1,1.1,3.5,3.6,3.6
DK>PL,5.4,7.3,7.3,76.5,76.2,76.7,79.0,79.0,79.1,95.3,96.9,97.0
DZ>ES,103.0,103.0,103.0,95.9,95.9,95.9,107.5,107.5,107.5,108.7,108.7,108.7
DZ>IT,249.0,249.0,249.0,243.6,243.6,243.6,222.7,222.7,222.7,212.4,212.4,212.4
ES>FR,26.6,26.2,26.8,29.5,30.1,30.5,3.0,3.0,3.1,12.4,11.9,12.4
ES>MA,1.8,1.8,1.8,9.4,9.4,9.4,9.4,9.4,9.4,10.3,10.3,10.3
ES>PT,4.8,4.7,4.8,3.2,3.1,3.2,1.1,1.1,1.1,2.8,2.7,2.8
FR>BE,68.0,68.1,68.1,53.4,53.5,53.5,53.9,54.0,54.0,78.0,78.0,78.0
FR>CH,76.7,76.7,76.7,68.5,68.5,68.5,72.8,72.8,72.8,82.4,82.4,82.4
FR>DE,3.7,3.7,3.7,9.3,9.3,9.3,3.3,3.3,3.3,0.1,0.0,0.1
FR>ES,12.5,12.7,12.9,7.3,7.4,7.5,10.4,10.6,10.6,8.3,8.4,8.5
HU>AT,0.0,0.0,0.0,0.0,0.0,0.0,0.0,0.0,0.0,0.0,0.0,0.0
IE>UK,0.2,0.2,0.2,0.2,0.2,0.2,0.3,0.3,0.3,0.1,0.1,0.1
IT>AL,0.0,0.0,0.0,0.0,0.0,0.0,0.0,0.0,0.0,0.0,0.0,0.0
IT>AT,3.5,3.5,3.6,13.2,13.5,13.6,1.3,1.3,1.3,18.2,18.3,18.5
IT>CH,4.6,4.6,4.6,3.8,3.8,3.8,1.3,1.3,1.3,1.2,1.2,1.2
IT>SI,2.1,2.1,2.1,4.0,4.0,4.0,0.4,0.4,0.4,0.4,0.4,0.4
IT>SM,0.5,0.5,0.5,0.4,0.4,0.4,0.4,0.4,0.4,0.5,0.5,0.5
LU>BE,0.0,0.0,0.0,0.0,0.0,0.0,0.0,0.0,0.0,0.0,0.0,0.0
LU>DE,0.0,0.0,0.0,0.0,0.0,0.0,0.0,0.0,0.0,0.0,0.0,0.0
LY>IT,27.7,27.7,27.7,26.7,26.7,26.7,14.9,14.9,14.9,10.1,10.1,10.1
MA>ES,0.1,0.1,0.1,0.0,0.0,0.0,0.0,0.0,0.0,0.0,0.0,0.0
NL>BE,73.2,58.0,73.2,57.1,41.9,57.1,42.4,29.0,42.4,30.8,17.9,30.8
NL>DE,259.5,251.3,259.6,259.8,252.3,261.1,223.1,215.4,223.1,258.7,249.8,258.8
NO>BE,170.7,170.7,170.7,164.5,164.5,164.5,173.3,173.3,173.3,161.2,161.2,161.2
NO>DE,259.6,259.6,259.6,216.0,216.0,216.0,191.9,191.9,191.9,212.2,212.2,212.2
NO>DK,3.9,3.9,3.9,89.9,89.9,89.9,91.7,91.7,91.7,98.8,98.8,98.8
NO>FR,192.5,192.5,192.5,149.3,149.3,149.3,172.3,172.3,172.3,159.2,159.2,159.2
NO>UK,463.0,463.0,463.0,405.4,405.4,405.4,455.5,455.5,455.5,432.3,432.3,432.3
PL>DE,2.9,2.9,2.9,0.0,0.0,0.0,0.0,0.0,0.0,0.0,0.0,0.0
PL>DK,0.0,0.0,0.0,0.0,0.0,0.0,0.0,0.0,0.0,0.0,0.0,0.0
PT>ES,3.5,3.6,3.6,6.7,6.8,6.8,9.3,9.4,9.4,4.6,4.6,4.7
RU>DE,0.0,0.0,0.0,0.0,0.0,0.0,0.0,0.0,0.0,0.0,0.0,0.0
SI>AT,0.0,0.0,0.0,0.0,0.0,0.0,0.0,0.0,0.0,0.0,0.0,0.0
SI>IT,0.2,0.2,0.2,0.0,0.0,0.0,0.2,0.2,0.2,0.0,0.0,0.0
SK>AT,194.9,194.9,194.9,84.5,84.5,84.5,106.7,106.7,106.7,0.4,0.4,0.4
UK>BE,168.6,168.7,168.7,107.9,107.8,107.9,47.2,47.2,47.2,58.5,58.5,58.5
UK>IE,60.5,60.5,60.5,57.9,57.9,57.9,62.7,62.7,62.7,63.3,63.3,63.3
UK>NL,40.3,40.3,40.3,19.8,19.8,19.8,21.0,21.0,21.0,23.9,23.9,23.9
