year,cc,operator,pointKey,point,dir,adj,TWh
2023,AT,AT-TSO-0003,ITP-00037,,entry,None,22.54
2023,AT,AT-TSO-0003,ITP-00037,,exit,None,0.0
2023,DE,DE-TSO-0009,ITP-00080,,exit,None,0.0
2023,DE,DE-TSO-0009,ITP-00126,,exit,None,0.0
2023,UK,UK-TSO-0002,ITP-00298,Carrickfergus,exit,"('Transmission', 'UK')",6.75
2023,UK,UK-TSO-0002,ITP-00077,Twynholm,entry,"('Transmission', 'UK')",15.29
2023,IE,IE-TSO-0001,ITP-00222,South North CSEP,entry,"('Transmission', 'IE')",326.78
2023,DE,DE-TSO-0009,UGS-00365,,entry,None,0.43
2023,DE,DE-TSO-0009,ITP-00126,,entry,None,216.05
2023,DE,DE-TSO-0009,ITP-00047,,exit,None,0.0
2023,DE,DE-TSO-0009,ITP-00031,,entry,None,3.6
2023,DE,DE-TSO-0009,ITP-00031,,exit,None,0.15
2023,DE,DE-TSO-0009,ITP-00069,,entry,None,0.0
2023,DE,DE-TSO-0009,LNG-00066,,entry,None,45.05
2023,DE,DE-TSO-0009,UGS-00359,,entry,None,5.98
2023,DE,DE-TSO-0009,UGS-00359,,exit,None,8.4
2023,DE,DE-TSO-0009,UGS-00365,,exit,None,0.79
2023,DE,DE-TSO-0009,ITP-00006,,exit,None,27.76
2023,DE,DE-TSO-0009,ITP-00080,,entry,None,104.49
2023,DE,DE-TSO-0009,ITP-00066,,entry,None,33.88
2023,DE,DE-TSO-0009,ITP-00103,Bunde (DE) / Oude Statenzijl (H) (NL) I (OGE),entry,None,0.0
2023,DE,DE-TSO-0009,ITP-00060,,entry,None,25.46
2023,IE,IE-TSO-0002,ITP-00495,,entry,None,58.22
2023,DE,DE-TSO-0010,UGS-00273,,entry,None,4.87
2023,DE,DE-TSO-0010,UGS-00273,,exit,None,10.4
2023,NL,NL-TSO-0001,ITP-00160,,entry,None,107.21
2023,UK,UK-TSO-0004,ITP-00207,Bacton (BBL),exit,"('Transmission', 'UK')",0.37
2023,NL,NL-TSO-0001,LNG-00027,Gate Terminal (I),exit,"('LNG Terminals', 'NL')",0.0
2023,DE,DE-TSO-0016,ITP-00251,,entry,None,0.0
2023,DE,DE-TSO-0017,ITP-00247,,entry,None,0.0
2023,DE,DE-TSO-0016,ITP-00452,,exit,None,0.0
2023,DE,DE-TSO-0020,ITP-00454,,entry,None,0.0
2023,DE,DE-TSO-0002,ITP-00105,,entry,None,100.72
2023,DE,DE-TSO-0002,ITP-00026,,entry,None,25.33
2023,DE,DE-TSO-0002,UGS-00292,,entry,None,1.08
2023,DE,DE-TSO-0002,UGS-00293,,exit,None,0.0
2023,DE,DE-TSO-0005,ITP-00081,,entry,None,100.7
2023,DE,DE-TSO-0005,ITP-00188,,entry,None,216.05
2023,DE,DE-TSO-0005,ITP-00109,,exit,None,5.02
2023,DE,DE-TSO-0005,ITP-00491,,entry,None,0.0
2023,BE,BE-TSO-0001,ITP-00290,BE Quality Conversion Point L-Zone,entry,"('Transmission', 'BE')",0.05
2023,BE,BE-TSO-0001,ITP-00289,BE Quality Conversion Point H-Zone,entry,"('Transmission', 'BE')",0.0
2023,BE,BE-TSO-0001,LNG-00017,Zeebrugge LNG,exit,"('LNG Terminals', 'BE')",0.0
2023,BE,BE-TSO-0001,DIS-00191,Distribution (BE) H-zone,entry,"('Distribution', 'BE')",0.0
2023,LU,LU-TSO-0001,DIS-00194,Public Distribution (LU),entry,"('Distribution', 'LU')",0.0
2023,UK,UK-TSO-0003,ITP-00005,Bacton (IUK),entry,"('Transmission', 'UK')",107.87
2023,UK,UK-TSO-0003,ITP-00005,Bacton (IUK),exit,"('Transmission', 'UK')",0.02
2023,BE,BE-TSO-0001,ITP-00290,BE Quality Conversion Point L-Zone,exit,"('Transmission', 'BE')",0.0
2023,BE,BE-TSO-0001,ITP-00289,BE Quality Conversion Point H-Zone,exit,"('Transmission', 'BE')",0.05
2023,BE,BE-TSO-0001,DIS-00192,Distribution (BE) L-zone,entry,"('Distribution', 'BE')",0.0
2023,DE,DE-TSO-0004,ITP-00073,,entry,None,0.0
2023,DE,DE-TSO-0004,ITP-00083,,entry,None,9.27
2023,DE,DE-TSO-0004,ITP-00083,,exit,None,0.0
2023,DE,DE-TSO-0004,ITP-00056,,entry,None,2.72
2023,AT,AT-TSO-0001,ITP-00162,,exit,None,0.0
2023,DE,DE-TSO-0004,ITP-00056,,exit,None,27.78
2023,AT,AT-TSO-0001,ITP-00062,,entry,None,29.25
2023,AT,AT-TSO-0001,ITP-00255,,exit,None,0.0
2023,AT,AT-TSO-0001,ITP-00162,,entry,None,33.79
2023,IT,IT-TSO-0001,ITP-00288,SRG Delivery to other transmission networks,exit,"('Transmission', 'IT')",13.52
2023,UK,UK-TSO-0001,ITP-00090,Moffat,exit,"('Transmission', 'UK')",57.93
2023,UK,UK-TSO-0001,ITP-00005,Bacton (IUK),exit,"('Transmission', 'UK')",107.51
2023,UK,UK-TSO-0001,UGS-00281,,entry,None,1.94
2023,UK,UK-TSO-0001,ITP-00492,Bacton IPs,entry,"('Transmission', 'UK')",0.39
2023,UK,UK-TSO-0001,UGS-00281,,exit,None,0.0
2023,FR,FR-TSO-0003,LNG-00003,,entry,None,122.69
2023,DE,DE-TSO-0018,ITP-00297,,entry,None,0.0
2023,DE,DE-TSO-0018,ITP-00297,,exit,None,0.0
2023,UK,UK-TSO-0004,ITP-00207,Bacton (BBL),entry,"('Transmission', 'UK')",19.75
2023,DE,DE-TSO-0007,ITP-00068,,entry,None,17.25
2023,DE,DE-TSO-0007,ITP-00068,,exit,None,0.0
2023,DE,DE-TSO-0007,ITP-00057,,exit,None,0.0
2023,DE,DE-TSO-0007,ITP-00057,,entry,None,0.79
2025,AT,AT-TSO-0003,ITP-00037,,entry,None,0.0
2025,AT,AT-TSO-0003,ITP-00037,,exit,None,0.0
2025,UK,UK-TSO-0002,ITP-00298,Carrickfergus,exit,"('Transmission', 'UK')",6.51
2025,UK,UK-TSO-0002,ITP-00077,Twynholm,entry,"('Transmission', 'UK')",17.31
2025,DE,DE-TSO-0009,ITP-00006,,exit,None,3.94
2025,DE,DE-TSO-0009,ITP-00080,,entry,None,134.17
2025,DE,DE-TSO-0009,ITP-00080,,exit,None,0.0
2025,DE,DE-TSO-0009,UGS-00359,,entry,None,11.28
2025,DE,DE-TSO-0009,UGS-00359,,exit,None,7.65
2025,DE,DE-TSO-0009,ITP-00126,,entry,None,212.25
2025,DE,DE-TSO-0009,ITP-00126,,exit,None,0.0
2025,DE,DE-TSO-0009,UGS-00365,,entry,None,0.86
2025,DE,DE-TSO-0009,UGS-00365,,exit,None,0.44
2025,DE,DE-TSO-0009,LNG-00066,,entry,None,4.66
2025,IE,IE-TSO-0001,ITP-00222,South North CSEP,entry,"('Transmission', 'IE')",0.12
2025,DE,DE-TSO-0009,ITP-00060,,entry,None,3.17
2025,IE,IE-TSO-0002,ITP-00495,,entry,None,63.35
2025,DE,DE-TSO-0010,UGS-00273,,entry,None,12.72
2025,DE,DE-TSO-0010,UGS-00273,,exit,None,14.7
2025,DE,DE-TSO-0001,ITP-00665,,entry,None,0.0
2025,DE,DE-TSO-0017,ITP-00247,,entry,None,0.0
2025,NL,NL-TSO-0001,LNG-00027,Gate Terminal (I),exit,"('LNG Terminals', 'NL')",0.0
2025,NL,NL-TSO-0001,ITP-00160,,entry,None,86.55
2025,UK,UK-TSO-0004,ITP-00207,Bacton (BBL),exit,"('Transmission', 'UK')",2.0
2025,DE,DE-TSO-0002,ITP-00105,,entry,None,109.69
2025,DE,DE-TSO-0002,UGS-00293,,exit,None,1.49
2025,DE,DE-TSO-0002,ITP-00026,,entry,None,23.23
2025,DE,DE-TSO-0002,UGS-00292,,entry,None,1.3
2025,BE,BE-TSO-0001,LNG-00017,Zeebrugge LNG,exit,"('LNG Terminals', 'BE')",0.0
2025,BE,BE-TSO-0001,ITP-00290,BE Quality Conversion Point L-Zone,exit,"('Transmission', 'BE')",0.0
2025,UK,UK-TSO-0003,ITP-00005,Bacton (IUK),entry,"('Transmission', 'UK')",58.34
2025,DE,DE-TSO-0005,ITP-00188,,entry,None,212.25
2025,DE,DE-TSO-0005,ITP-00491,,entry,None,0.0
2025,DE,DE-TSO-0018,ITP-00297,,exit,None,0.0
2025,DE,DE-TSO-0005,ITP-00081,,entry,None,109.69
2025,BE,BE-TSO-0001,ITP-00289,BE Quality Conversion Point H-Zone,entry,"('Transmission', 'BE')",0.0
2025,UK,UK-TSO-0003,ITP-00005,Bacton (IUK),exit,"('Transmission', 'UK')",4.08
2025,LU,LU-TSO-0001,DIS-00194,Public Distribution (LU),entry,"('Distribution', 'LU')",0.0
2025,DE,DE-TSO-0018,ITP-00297,,entry,None,0.0
2025,BE,BE-TSO-0001,DIS-00191,Distribution (BE) H-zone,entry,"('Distribution', 'BE')",0.0
2025,BE,BE-TSO-0001,ITP-00290,BE Quality Conversion Point L-Zone,entry,"('Transmission', 'BE')",0.0
2025,BE,BE-TSO-0001,ITP-00289,BE Quality Conversion Point H-Zone,exit,"('Transmission', 'BE')",0.0
2025,DE,DE-TSO-0004,ITP-00083,,exit,None,0.0
2025,DE,DE-TSO-0004,ITP-00083,,entry,None,0.0
2025,DE,DE-TSO-0004,ITP-00056,,exit,None,69.66
2025,DE,DE-TSO-0004,ITP-00073,,entry,None,0.01
2025,IT,IT-TSO-0001,ITP-00288,SRG Delivery to other transmission networks,exit,"('Transmission', 'IT')",14.56
2025,DE,DE-TSO-0004,ITP-00056,,entry,None,0.0
2025,AT,AT-TSO-0001,ITP-00062,,entry,None,0.23
2025,AT,AT-TSO-0001,ITP-00162,,entry,None,0.23
2025,AT,AT-TSO-0001,ITP-00162,,exit,None,5.28
2025,AT,AT-TSO-0001,ITP-00255,,exit,None,0.0
2025,FR,FR-TSO-0003,LNG-00003,,entry,None,149.46
2025,UK,UK-TSO-0001,ITP-00090,Moffat,exit,"('Transmission', 'UK')",63.29
2025,UK,UK-TSO-0001,ITP-00005,Bacton (IUK),exit,"('Transmission', 'UK')",58.37
2025,UK,UK-TSO-0001,UGS-00281,,entry,None,0.04
2025,UK,UK-TSO-0001,ITP-00492,Bacton IPs,entry,"('Transmission', 'UK')",6.07
2025,UK,UK-TSO-0001,UGS-00281,,exit,None,0.0
2025,UK,UK-TSO-0004,ITP-00207,Bacton (BBL),entry,"('Transmission', 'UK')",23.91
2025,DE,DE-TSO-0009,LNG-00080,,entry,None,0.0
2025,CH,CH-TSO-0001,FNC-00216,Aggregated exit to Switzerland,exit,"('Transmission', 'CH')",0.02
