year,border,sender_exit,receiver_entry
2023,AL>IT,,9.6
2023,AT>DE,2.5,0.5
2023,AT>HU,7.7,
2023,AT>IT,17.9,19.1
2023,AT>SI,2.2,
2023,BE>DE,46.7,8.5
2023,BE>FR,14.7,14.5
2023,BE>LU,,1.3
2023,BE>NL,26.5,26.5
2023,BE>NO,0.0,
2023,BE>UK,0.0,0.0
2023,CH>DE,,4.2
2023,CH>FR,,0.5
2023,CH>IT,,25.9
2023,CZ>DE,,0.0
2023,DE>AT,5.2,14.5
2023,DE>BE,0.0,0.0
2023,DE>CH,12.9,
2023,DE>CZ,19.6,
2023,DE>DK,3.5,3.4
2023,DE>FR,0.0,0.0
2023,DE>LU,0.0,0.0
2023,DE>NL,16.0,0.0
2023,DE>NO,0.0,
2023,DE>PL,3.5,
2023,DK>DE,0.7,0.8
2023,DK>PL,14.4,
2023,DZ>ES,,10.9
2023,DZ>IT,,44.1
2023,ES>FR,12.6,12.3
2023,ES>MA,1.3,
2023,ES>PT,2.2,2.3
2023,FR>BE,13.5,13.7
2023,FR>CH,10.1,
2023,FR>DE,3.8,3.8
2023,FR>ES,4.7,5.0
2023,IE>UK,0.1,
2023,IT>AL,0.0,
2023,IT>AT,7.1,7.3
2023,IT>CH,2.9,
2023,IT>SI,1.2,
2023,IT>SM,0.2,
2023,LU>BE,0.0,
2023,LU>DE,0.0,0.0
2023,LY>IT,,5.5
2023,MA>ES,,0.0
2023,NL>BE,16.1,6.8
2023,NL>DE,57.9,58.5
2023,NO>BE,,13.6
2023,NO>DE,,26.2
2023,NO>DK,,11.9
2023,NO>FR,,26.4
2023,NO>UK,,84.9
2023,PL>DE,,0.0
2023,PL>DK,,0.0
2023,PT>ES,3.3,3.6
2023,RU>DE,,0.0
2023,SI>AT,,0.0
2023,SI>IT,,0.0
2023,UK>BE,37.4,37.4
2023,UK>IE,,1.8
2023,UK>NL,5.6,
2025,AL>IT,,8.7
2025,AT>DE,0.0,0.0
2025,AT>HU,7.5,
2025,AT>IT,5.4,5.4
2025,AT>SI,2.6,
2025,BE>DE,40.1,40.3
2025,BE>FR,5.0,4.9
2025,BE>NL,25.6,25.6
2025,BE>NO,0.0,
2025,BE>UK,2.8,2.8
2025,CH>DE,,1.9
2025,CH>FR,,0.0
2025,CH>IT,,31.0
2025,CZ>DE,,0.0
2025,DE>AT,10.2,14.6
2025,DE>BE,0.1,0.0
2025,DE>CH,15.5,
2025,DE>CZ,0.0,
2025,DE>DK,1.6,1.6
2025,DE>FR,0.0,0.0
2025,DE>LU,0.0,0.0
2025,DE>NL,0.0,0.0
2025,DE>NO,0.0,
2025,DE>PL,1.8,
2025,DK>DE,2.5,2.3
2025,DK>PL,10.5,
2025,DZ>ES,,9.3
2025,DZ>IT,,31.7
2025,ES>FR,7.9,7.4
2025,ES>MA,1.3,
2025,ES>PT,1.9,1.7
2025,FR>BE,12.0,12.0
2025,FR>CH,10.0,
2025,FR>DE,0.1,0.0
2025,FR>ES,4.0,3.7
2025,HU>AT,,0.0
2025,IE>UK,0.1,
2025,IT>AL,0.0,
2025,IT>AT,10.1,9.9
2025,IT>CH,0.4,
2025,IT>SI,0.2,
2025,IT>SM,0.2,
2025,LU>DE,0.0,0.0
2025,LY>IT,,1.4
2025,NL>BE,9.1,9.1
2025,NL>DE,57.0,57.3
2025,NO>BE,,8.4
2025,NO>DE,,30.8
2025,NO>DK,,13.3
2025,NO>FR,,26.6
2025,NO>UK,,88.6
2025,PL>DE,,0.0
2025,PL>DK,,0.0
2025,PT>ES,2.7,2.8
2025,RU>DE,,0.0
2025,SI>AT,,0.0
2025,SI>IT,,0.0
2025,UK>BE,20.3,20.3
2025,UK>IE,,2.0
2025,UK>NL,6.0,
