REF_AREA,TIME_PERIOD,ENERGY_PRODUCT,FLOW_BREAKDOWN,UNIT_MEASURE,OBS_VALUE,ASSESSMENT_CODE
VE,2011-01,LNG,EXPLNG,KTONS,0,3
VE,2011-01,LNG,EXPLNG,M3,0,2
VE,2011-01,LNG,IMPLNG,KTONS,0,3
VE,2011-01,LNG,IMPLNG,M3,0,2
VE,2011-01,NATGAS,EXPLNG,M3,0,3
VE,2011-01,NATGAS,EXPPIP,M3,0,2
VE,2011-01,NATGAS,IMPLNG,M3,0,3
VE,2011-01,NATGAS,IMPPIP,M3,167.1238,2
VE,2011-01,NATGAS,INDPROD,M3,1660.9869,2
VE,2011-01,NATGAS,MAINTOT,M3,482.2496,2
VE,2011-01,NATGAS,OSOURCES,M3,0,2
VE,2011-01,NATGAS,STATDIFF,M3,0.4598,2
VE,2011-01,NATGAS,STOCKCH,M3,0.8778,2
VE,2011-01,NATGAS,TOTDEMC,M3,1826.7731,2
VE,2011-01,NATGAS,TOTDEMO,M3,1826.3134,2
VE,2011-01,NATGAS,TOTDEMO,TJ,0,3
VE,2011-01,NATGAS,TOTEXPSB,M3,0,3
VE,2011-01,NATGAS,TOTIMPSB,M3,167.1238,3
VE,2011-02,LNG,EXPLNG,KTONS,0,3
VE,2011-02,LNG,EXPLNG,M3,0,2
VE,2011-02,LNG,IMPLNG,KTONS,0,3
VE,2011-02,LNG,IMPLNG,M3,0,2
VE,2011-02,NATGAS,EXPLNG,M3,0,3
VE,2011-02,NATGAS,EXPPIP,M3,0,2
VE,2011-02,NATGAS,IMPLNG,M3,0,3
VE,2011-02,NATGAS,IMPPIP,M3,166.0093,2
VE,2011-02,NATGAS,INDPROD,M3,1509.049,2
VE,2011-02,NATGAS,MAINTOT,M3,423.6368,2
VE,2011-02,NATGAS,OSOURCES,M3,0,2
VE,2011-02,NATGAS,STATDIFF,M3,-26.0504,2
VE,2011-02,NATGAS,STOCKCH,M3,-10.9728,2
VE,2011-02,NATGAS,TOTDEMC,M3,1712.0816,2
VE,2011-02,NATGAS,TOTDEMO,M3,1738.132,2
VE,2011-02,NATGAS,TOTDEMO,TJ,0,3
VE,2011-02,NATGAS,TOTEXPSB,M3,0,3
VE,2011-02,NATGAS,TOTIMPSB,M3,166.0093,3
VE,2011-03,LNG,EXPLNG,KTONS,0,3
VE,2011-03,LNG,EXPLNG,M3,0,2
VE,2011-03,LNG,IMPLNG,KTONS,0,3
VE,2011-03,LNG,IMPLNG,M3,0,2
VE,2011-03,NATGAS,EXPLNG,M3,0,3
VE,2011-03,NATGAS,EXPPIP,M3,0,2
VE,2011-03,NATGAS,IMPLNG,M3,0,3
VE,2011-03,NATGAS,IMPPIP,M3,152.8498,2
VE,2011-03,NATGAS,INDPROD,M3,1677.3789,2
VE,2011-03,NATGAS,MAINTOT,M3,492.8068,2
VE,2011-03,NATGAS,OSOURCES,M3,0,2
VE,2011-03,NATGAS,STATDIFF,M3,79.1883,2
VE,2011-03,NATGAS,STOCKCH,M3,-21.5066,2
VE,2011-03,NATGAS,TOTDEMC,M3,1772.5471,2
VE,2011-03,NATGAS,TOTDEMO,M3,1693.3588,2
VE,2011-03,NATGAS,TOTDEMO,TJ,0,3
VE,2011-03,NATGAS,TOTEXPSB,M3,0,3
VE,2011-03,NATGAS,TOTIMPSB,M3,152.8498,3
VE,2011-04,LNG,EXPLNG,KTONS,0,3
VE,2011-04,LNG,EXPLNG,M3,0,2
VE,2011-04,LNG,IMPLNG,KTONS,0,3
VE,2011-04,LNG,IMPLNG,M3,0,2
VE,2011-04,NATGAS,EXPLNG,M3,0,3
VE,2011-04,NATGAS,EXPPIP,M3,0,2
VE,2011-04,NATGAS,IMPLNG,M3,0,3
VE,2011-04,NATGAS,IMPPIP,M3,148.573,2
VE,2011-04,NATGAS,INDPROD,M3,1627.0777,2
VE,2011-04,NATGAS,MAINTOT,M3,464.5101,2
VE,2011-04,NATGAS,OSOURCES,M3,0,2
VE,2011-04,NATGAS,STATDIFF,M3,87.5002,2
VE,2011-04,NATGAS,STOCKCH,M3,17.5564,2
VE,2011-04,NATGAS,TOTDEMC,M3,1670.594,2
VE,2011-04,NATGAS,TOTDEMO,M3,1583.0938,2
VE,2011-04,NATGAS,TOTDEMO,TJ,0,3
VE,2011-04,NATGAS,TOTEXPSB,M3,0,3
VE,2011-04,NATGAS,TOTIMPSB,M3,148.573,3
VE,2011-05,LNG,EXPLNG,KTONS,0,3
VE,2011-05,LNG,EXPLNG,M3,0,2
VE,2011-05,LNG,IMPLNG,KTONS,0,3
VE,2011-05,LNG,IMPLNG,M3,0,2
VE,2011-05,NATGAS,EXPLNG,M3,0,3
VE,2011-05,NATGAS,EXPPIP,M3,0,2
VE,2011-05,NATGAS,IMPLNG,M3,0,3
VE,2011-05,NATGAS,IMPPIP,M3,188.6141,2
VE,2011-05,NATGAS,INDPROD,M3,1695.2578,2
VE,2011-05,NATGAS,MAINTOT,M3,501.5389,2
VE,2011-05,NATGAS,OSOURCES,M3,0,2
VE,2011-05,NATGAS,STATDIFF,M3,24.1437,2
VE,2011-05,NATGAS,STOCKCH,M3,21.5066,2
VE,2011-05,NATGAS,TOTDEMC,M3,1838.2217,2
VE,2011-05,NATGAS,TOTDEMO,M3,1814.078,2
VE,2011-05,NATGAS,TOTDEMO,TJ,0,3
VE,2011-05,NATGAS,TOTEXPSB,M3,0,3
VE,2011-05,NATGAS,TOTIMPSB,M3,188.6141,3
VE,2011-06,LNG,EXPLNG,KTONS,0,3
VE,2011-06,LNG,EXPLNG,M3,0,2
VE,2011-06,LNG,IMPLNG,KTONS,0,3
VE,2011-06,LNG,IMPLNG,M3,0,2
VE,2011-06,NATGAS,EXPLNG,M3,0,3
VE,2011-06,NATGAS,EXPPIP,M3,0,2
VE,2011-06,NATGAS,IMPLNG,M3,0,3
VE,2011-06,NATGAS,IMPPIP,M3,222.2513,2
VE,2011-06,NATGAS,INDPROD,M3,1664.5216,2
VE,2011-06,NATGAS,MAINTOT,M3,496.6257,2
VE,2011-06,NATGAS,OSOURCES,M3,0,2
VE,2011-06,NATGAS,STATDIFF,M3,2.1322,2
VE,2011-06,NATGAS,STOCKCH,M3,39.502,2
VE,2011-06,NATGAS,TOTDEMC,M3,1845.1387,2
VE,2011-06,NATGAS,TOTDEMO,M3,1843.0065,2
VE,2011-06,NATGAS,TOTDEMO,TJ,0,3
VE,2011-06,NATGAS,TOTEXPSB,M3,0,3
VE,2011-06,NATGAS,TOTIMPSB,M3,222.2513,3
VE,2011-07,LNG,EXPLNG,KTONS,0,3
VE,2011-07,LNG,EXPLNG,M3,0,2
VE,2011-07,LNG,IMPLNG,KTONS,0,3
VE,2011-07,LNG,IMPLNG,M3,0,2
VE,2011-07,NATGAS,EXPLNG,M3,0,3
VE,2011-07,NATGAS,EXPPIP,M3,0,2
VE,2011-07,NATGAS,IMPLNG,M3,0,3
VE,2011-07,NATGAS,IMPPIP,M3,214.4338,2
VE,2011-07,NATGAS,INDPROD,M3,1697.0494,2
VE,2011-07,NATGAS,MAINTOT,M3,519.8489,2
VE,2011-07,NATGAS,OSOURCES,M3,0,2
VE,2011-07,NATGAS,STATDIFF,M3,-115.1954,2
VE,2011-07,NATGAS,STOCKCH,M3,75.4926,2
VE,2011-07,NATGAS,TOTDEMC,M3,1951.186,2
VE,2011-07,NATGAS,TOTDEMO,M3,2066.3814,2
VE,2011-07,NATGAS,TOTDEMO,TJ,0,3
VE,2011-07,NATGAS,TOTEXPSB,M3,0,3
VE,2011-07,NATGAS,TOTIMPSB,M3,214.4338,3
VE,2011-08,LNG,EXPLNG,KTONS,0,3
VE,2011-08,LNG,EXPLNG,M3,0,2
VE,2011-08,LNG,IMPLNG,KTONS,0,3
VE,2011-08,LNG,IMPLNG,M3,0,2
VE,2011-08,NATGAS,EXPLNG,M3,0,3
VE,2011-08,NATGAS,EXPPIP,M3,0,2
VE,2011-08,NATGAS,IMPLNG,M3,0,3
VE,2011-08,NATGAS,IMPPIP,M3,196.5345,2
VE,2011-08,NATGAS,INDPROD,M3,1795.4509,2
VE,2011-08,NATGAS,MAINTOT,M3,531.2492,2
VE,2011-08,NATGAS,OSOURCES,M3,0,2
VE,2011-08,NATGAS,STATDIFF,M3,59.8545,2
VE,2011-08,NATGAS,STOCKCH,M3,8.7782,2
VE,2011-08,NATGAS,TOTDEMC,M3,1923.3527,2
VE,2011-08,NATGAS,TOTDEMO,M3,1863.4981,2
VE,2011-08,NATGAS,TOTDEMO,TJ,0,3
VE,2011-08,NATGAS,TOTEXPSB,M3,0,3
VE,2011-08,NATGAS,TOTIMPSB,M3,196.5345,3
VE,2011-09,LNG,EXPLNG,KTONS,0,3
VE,2011-09,LNG,EXPLNG,M3,0,2
VE,2011-09,LNG,IMPLNG,KTONS,0,3
VE,2011-09,LNG,IMPLNG,M3,0,2
VE,2011-09,NATGAS,EXPLNG,M3,0,3
VE,2011-09,NATGAS,EXPPIP,M3,0,2
VE,2011-09,NATGAS,IMPLNG,M3,0,3
VE,2011-09,NATGAS,IMPPIP,M3,132.7541,2
VE,2011-09,NATGAS,INDPROD,M3,1741.244,2
VE,2011-09,NATGAS,MAINTOT,M3,508.9203,2
VE,2011-09,NATGAS,OSOURCES,M3,0,2
VE,2011-09,NATGAS,STATDIFF,M3,-92.322,2
VE,2011-09,NATGAS,STOCKCH,M3,73.737,2
VE,2011-09,NATGAS,TOTDEMC,M3,1892.5832,2
VE,2011-09,NATGAS,TOTDEMO,M3,1984.9052,2
VE,2011-09,NATGAS,TOTDEMO,TJ,0,3
VE,2011-09,NATGAS,TOTEXPSB,M3,0,3
VE,2011-09,NATGAS,TOTIMPSB,M3,132.7541,3
VE,2011-10,LNG,EXPLNG,KTONS,0,3
VE,2011-10,LNG,EXPLNG,M3,0,2
VE,2011-10,LNG,IMPLNG,KTONS,0,3
VE,2011-10,LNG,IMPLNG,M3,0,2
VE,2011-10,NATGAS,EXPLNG,M3,0,3
VE,2011-10,NATGAS,EXPPIP,M3,0,2
VE,2011-10,NATGAS,IMPLNG,M3,0,3
VE,2011-10,NATGAS,IMPPIP,M3,177.0962,2
VE,2011-10,NATGAS,INDPROD,M3,1825.1203,2
VE,2011-10,NATGAS,MAINTOT,M3,570.3014,2
VE,2011-10,NATGAS,OSOURCES,M3,0,2
VE,2011-10,NATGAS,STATDIFF,M3,-39.2076,2
VE,2011-10,NATGAS,STOCKCH,M3,25.4568,2
VE,2011-10,NATGAS,TOTDEMC,M3,2015.9673,2
VE,2011-10,NATGAS,TOTDEMO,M3,2055.1749,2
VE,2011-10,NATGAS,TOTDEMO,TJ,0,3
VE,2011-10,NATGAS,TOTEXPSB,M3,0,3
VE,2011-10,NATGAS,TOTIMPSB,M3,177.0962,3
VE,2011-11,LNG,EXPLNG,KTONS,0,3
VE,2011-11,LNG,EXPLNG,M3,0,2
VE,2011-11,LNG,IMPLNG,KTONS,0,3
VE,2011-11,LNG,IMPLNG,M3,0,2
VE,2011-11,NATGAS,EXPLNG,M3,0,3
VE,2011-11,NATGAS,EXPPIP,M3,0,2
VE,2011-11,NATGAS,IMPLNG,M3,0,3
VE,2011-11,NATGAS,IMPPIP,M3,140.9877,2
VE,2011-11,NATGAS,INDPROD,M3,1666.5912,2
VE,2011-11,NATGAS,MAINTOT,M3,526.5652,2
VE,2011-11,NATGAS,OSOURCES,M3,0,2
VE,2011-11,NATGAS,STATDIFF,M3,6.1483,2
VE,2011-11,NATGAS,STOCKCH,M3,-24.579,2
VE,2011-11,NATGAS,TOTDEMC,M3,1826.0096,2
VE,2011-11,NATGAS,TOTDEMO,M3,1819.8613,2
VE,2011-11,NATGAS,TOTDEMO,TJ,0,3
VE,2011-11,NATGAS,TOTEXPSB,M3,0,3
VE,2011-11,NATGAS,TOTIMPSB,M3,140.9877,3
VE,2011-12,LNG,EXPLNG,KTONS,0,3
VE,2011-12,LNG,EXPLNG,M3,0,2
VE,2011-12,LNG,IMPLNG,KTONS,0,3
VE,2011-12,LNG,IMPLNG,M3,0,2
VE,2011-12,NATGAS,EXPLNG,M3,0,3
VE,2011-12,NATGAS,EXPPIP,M3,0,2
VE,2011-12,NATGAS,IMPLNG,M3,0,3
VE,2011-12,NATGAS,IMPPIP,M3,230.2467,2
VE,2011-12,NATGAS,INDPROD,M3,1811.42,2
VE,2011-12,NATGAS,MAINTOT,M3,563.5229,2
VE,2011-12,NATGAS,OSOURCES,M3,0,2
VE,2011-12,NATGAS,STATDIFF,M3,177.4034,2
VE,2011-12,NATGAS,STOCKCH,M3,-1.0477,2
VE,2011-12,NATGAS,TOTDEMC,M3,1865.311,2
VE,2011-12,NATGAS,TOTDEMO,M3,1687.9076,2
VE,2011-12,NATGAS,TOTDEMO,TJ,0,3
VE,2011-12,NATGAS,TOTEXPSB,M3,0,3
VE,2011-12,NATGAS,TOTIMPSB,M3,230.2467,3
VE,2012-01,LNG,EXPLNG,KTONS,0,3
VE,2012-01,LNG,EXPLNG,M3,0,2
VE,2012-01,LNG,IMPLNG,KTONS,0,3
VE,2012-01,LNG,IMPLNG,M3,0,2
VE,2012-01,NATGAS,EXPLNG,M3,0,3
VE,2012-01,NATGAS,EXPPIP,M3,0,2
VE,2012-01,NATGAS,IMPLNG,M3,0,3
VE,2012-01,NATGAS,IMPPIP,M3,222.5077,2
VE,2012-01,NATGAS,INDPROD,M3,1846.1618,2
VE,2012-01,NATGAS,MAINTOT,M3,579.8136,2
VE,2012-01,NATGAS,OSOURCES,M3,0,2
VE,2012-01,NATGAS,STATDIFF,M3,-44.5932,2
VE,2012-01,NATGAS,STOCKCH,M3,0.3964,2
VE,2012-01,NATGAS,TOTDEMC,M3,2112.8662,2
VE,2012-01,NATGAS,TOTDEMO,M3,2157.4594,2
VE,2012-01,NATGAS,TOTDEMO,TJ,0,3
VE,2012-01,NATGAS,TOTEXPSB,M3,0,3
VE,2012-01,NATGAS,TOTIMPSB,M3,222.5077,3
VE,2012-02,LNG,EXPLNG,KTONS,0,3
VE,2012-02,LNG,EXPLNG,M3,0,2
VE,2012-02,LNG,IMPLNG,KTONS,0,3
VE,2012-02,LNG,IMPLNG,M3,0,2
VE,2012-02,NATGAS,EXPLNG,M3,0,3
VE,2012-02,NATGAS,EXPPIP,M3,0,2
VE,2012-02,NATGAS,IMPLNG,M3,0,3
VE,2012-02,NATGAS,IMPPIP,M3,218.4607,2
VE,2012-02,NATGAS,INDPROD,M3,1719.1304,2
VE,2012-02,NATGAS,MAINTOT,M3,565.4438,2
VE,2012-02,NATGAS,OSOURCES,M3,0,2
VE,2012-02,NATGAS,STATDIFF,M3,12.3009,2
VE,2012-02,NATGAS,STOCKCH,M3,0.1133,2
VE,2012-02,NATGAS,TOTDEMC,M3,1925.1769,2
VE,2012-02,NATGAS,TOTDEMO,M3,1912.876,2
VE,2012-02,NATGAS,TOTDEMO,TJ,0,3
VE,2012-02,NATGAS,TOTEXPSB,M3,0,3
VE,2012-02,NATGAS,TOTIMPSB,M3,218.4607,3
VE,2012-03,LNG,EXPLNG,KTONS,0,3
VE,2012-03,LNG,EXPLNG,M3,0,2
VE,2012-03,LNG,IMPLNG,KTONS,0,3
VE,2012-03,LNG,IMPLNG,M3,0,2
VE,2012-03,NATGAS,EXPLNG,M3,0,3
VE,2012-03,NATGAS,EXPPIP,M3,0,2
VE,2012-03,NATGAS,IMPLNG,M3,0,3
VE,2012-03,NATGAS,IMPPIP,M3,194.8426,2
VE,2012-03,NATGAS,INDPROD,M3,1817.4716,2
VE,2012-03,NATGAS,MAINTOT,M3,619.8117,2
VE,2012-03,NATGAS,OSOURCES,M3,0,2
VE,2012-03,NATGAS,STATDIFF,M3,2.7047,2
VE,2012-03,NATGAS,STOCKCH,M3,-3.3697,2
VE,2012-03,NATGAS,TOTDEMC,M3,2012.9792,2
VE,2012-03,NATGAS,TOTDEMO,M3,2010.2746,2
VE,2012-03,NATGAS,TOTDEMO,TJ,0,3
VE,2012-03,NATGAS,TOTEXPSB,M3,0,3
VE,2012-03,NATGAS,TOTIMPSB,M3,194.8426,3
VE,2012-04,LNG,EXPLNG,KTONS,0,3
VE,2012-04,LNG,EXPLNG,M3,0,2
VE,2012-04,LNG,IMPLNG,KTONS,0,3
VE,2012-04,LNG,IMPLNG,M3,0,2
VE,2012-04,NATGAS,EXPLNG,M3,0,3
VE,2012-04,NATGAS,EXPPIP,M3,0,2
VE,2012-04,NATGAS,IMPLNG,M3,0,3
VE,2012-04,NATGAS,IMPPIP,M3,166.7958,2
VE,2012-04,NATGAS,INDPROD,M3,1749.8049,2
VE,2012-04,NATGAS,MAINTOT,M3,552.545,2
VE,2012-04,NATGAS,OSOURCES,M3,0,2
VE,2012-04,NATGAS,STATDIFF,M3,-27.7288,2
VE,2012-04,NATGAS,STOCKCH,M3,-4.7855,2
VE,2012-04,NATGAS,TOTDEMC,M3,1949.1151,2
VE,2012-04,NATGAS,TOTDEMO,M3,1976.8438,2
VE,2012-04,NATGAS,TOTDEMO,TJ,0,3
VE,2012-04,NATGAS,TOTEXPSB,M3,0,3
VE,2012-04,NATGAS,TOTIMPSB,M3,166.7958,3
VE,2012-05,LNG,EXPLNG,KTONS,0,3
VE,2012-05,LNG,EXPLNG,M3,0,2
VE,2012-05,LNG,IMPLNG,KTONS,0,3
VE,2012-05,LNG,IMPLNG,M3,0,2
VE,2012-05,NATGAS,EXPLNG,M3,0,3
VE,2012-05,NATGAS,EXPPIP,M3,0,2
VE,2012-05,NATGAS,IMPLNG,M3,0,3
VE,2012-05,NATGAS,IMPPIP,M3,216.1831,2
VE,2012-05,NATGAS,INDPROD,M3,1822.4223,2
VE,2012-05,NATGAS,MAINTOT,M3,597.5303,2
VE,2012-05,NATGAS,OSOURCES,M3,0,2
VE,2012-05,NATGAS,STATDIFF,M3,86.4179,2
VE,2012-05,NATGAS,STOCKCH,M3,-5.2103,2
VE,2012-05,NATGAS,TOTDEMC,M3,1957.3978,2
VE,2012-05,NATGAS,TOTDEMO,M3,1870.9799,2
VE,2012-05,NATGAS,TOTDEMO,TJ,0,3
VE,2012-05,NATGAS,TOTEXPSB,M3,0,3
VE,2012-05,NATGAS,TOTIMPSB,M3,216.1831,3
VE,2012-06,LNG,EXPLNG,KTONS,0,3
VE,2012-06,LNG,EXPLNG,M3,0,2
VE,2012-06,LNG,IMPLNG,KTONS,0,3
VE,2012-06,LNG,IMPLNG,M3,0,2
VE,2012-06,NATGAS,EXPLNG,M3,0,3
VE,2012-06,NATGAS,EXPPIP,M3,0,2
VE,2012-06,NATGAS,IMPLNG,M3,0,3
VE,2012-06,NATGAS,IMPPIP,M3,173.7121,2
VE,2012-06,NATGAS,INDPROD,M3,1750.4254,2
VE,2012-06,NATGAS,MAINTOT,M3,587.5145,2
VE,2012-06,NATGAS,OSOURCES,M3,0,2
VE,2012-06,NATGAS,STATDIFF,M3,25.878,2
VE,2012-06,NATGAS,STOCKCH,M3,-2.8883,2
VE,2012-06,NATGAS,TOTDEMC,M3,1901.1478,2
VE,2012-06,NATGAS,TOTDEMO,M3,1875.2699,2
VE,2012-06,NATGAS,TOTDEMO,TJ,0,3
VE,2012-06,NATGAS,TOTEXPSB,M3,0,3
VE,2012-06,NATGAS,TOTIMPSB,M3,173.7121,3
VE,2012-07,LNG,EXPLNG,KTONS,0,3
VE,2012-07,LNG,EXPLNG,M3,0,2
VE,2012-07,LNG,IMPLNG,KTONS,0,3
VE,2012-07,LNG,IMPLNG,M3,0,2
VE,2012-07,NATGAS,EXPLNG,M3,0,3
VE,2012-07,NATGAS,EXPPIP,M3,0,2
VE,2012-07,NATGAS,IMPLNG,M3,0,3
VE,2012-07,NATGAS,IMPPIP,M3,123.5061,2
VE,2012-07,NATGAS,INDPROD,M3,1874.6367,2
VE,2012-07,NATGAS,MAINTOT,M3,636.8893,2
VE,2012-07,NATGAS,OSOURCES,M3,0,2
VE,2012-07,NATGAS,STATDIFF,M3,-55.1484,2
VE,2012-07,NATGAS,STOCKCH,M3,1.5857,2
VE,2012-07,NATGAS,TOTDEMC,M3,2051.7055,2
VE,2012-07,NATGAS,TOTDEMO,M3,2106.8539,2
VE,2012-07,NATGAS,TOTDEMO,TJ,0,3
VE,2012-07,NATGAS,TOTEXPSB,M3,0,3
VE,2012-07,NATGAS,TOTIMPSB,M3,123.5061,3
VE,2012-08,LNG,EXPLNG,KTONS,0,3
VE,2012-08,LNG,EXPLNG,M3,0,2
VE,2012-08,LNG,IMPLNG,KTONS,0,3
VE,2012-08,LNG,IMPLNG,M3,0,2
VE,2012-08,NATGAS,EXPLNG,M3,0,3
VE,2012-08,NATGAS,EXPPIP,M3,0,2
VE,2012-08,NATGAS,IMPLNG,M3,0,3
VE,2012-08,NATGAS,IMPPIP,M3,148.8758,2
VE,2012-08,NATGAS,INDPROD,M3,1857.915,2
VE,2012-08,NATGAS,MAINTOT,M3,619.3162,2
VE,2012-08,NATGAS,OSOURCES,M3,0,2
VE,2012-08,NATGAS,STATDIFF,M3,3.9714,2
VE,2012-08,NATGAS,STOCKCH,M3,-0.8212,2
VE,2012-08,NATGAS,TOTDEMC,M3,2003.6406,2
VE,2012-08,NATGAS,TOTDEMO,M3,1999.6692,2
VE,2012-08,NATGAS,TOTDEMO,TJ,0,3
VE,2012-08,NATGAS,TOTEXPSB,M3,0,3
VE,2012-08,NATGAS,TOTIMPSB,M3,148.8758,3
VE,2012-09,LNG,EXPLNG,KTONS,0,3
VE,2012-09,LNG,EXPLNG,M3,0,2
VE,2012-09,LNG,IMPLNG,KTONS,0,3
VE,2012-09,LNG,IMPLNG,M3,0,2
VE,2012-09,NATGAS,EXPLNG,M3,0,3
VE,2012-09,NATGAS,EXPPIP,M3,0,2
VE,2012-09,NATGAS,IMPLNG,M3,0,3
VE,2012-09,NATGAS,IMPPIP,M3,90.8976,2
VE,2012-09,NATGAS,INDPROD,M3,1890.7474,2
VE,2012-09,NATGAS,MAINTOT,M3,625.8536,2
VE,2012-09,NATGAS,OSOURCES,M3,0,2
VE,2012-09,NATGAS,STATDIFF,M3,2.5659,2
VE,2012-09,NATGAS,STOCKCH,M3,2.86,2
VE,2012-09,NATGAS,TOTDEMC,M3,1976.2192,2
VE,2012-09,NATGAS,TOTDEMO,M3,1973.6533,2
VE,2012-09,NATGAS,TOTDEMO,TJ,0,3
VE,2012-09,NATGAS,TOTEXPSB,M3,0,3
VE,2012-09,NATGAS,TOTIMPSB,M3,90.8976,3
VE,2012-10,LNG,EXPLNG,KTONS,0,3
VE,2012-10,LNG,EXPLNG,M3,0,2
VE,2012-10,LNG,IMPLNG,KTONS,0,3
VE,2012-10,LNG,IMPLNG,M3,0,2
VE,2012-10,NATGAS,EXPLNG,M3,0,3
VE,2012-10,NATGAS,EXPPIP,M3,0,2
VE,2012-10,NATGAS,IMPLNG,M3,0,3
VE,2012-10,NATGAS,IMPPIP,M3,106.7175,2
VE,2012-10,NATGAS,INDPROD,M3,1921.0561,2
VE,2012-10,NATGAS,MAINTOT,M3,631.4381,2
VE,2012-10,NATGAS,OSOURCES,M3,0,2
VE,2012-10,NATGAS,STATDIFF,M3,79.4499,2
VE,2012-10,NATGAS,STOCKCH,M3,-0.085,2
VE,2012-10,NATGAS,TOTDEMC,M3,1948.4085,2
VE,2012-10,NATGAS,TOTDEMO,M3,1868.9586,2
VE,2012-10,NATGAS,TOTDEMO,TJ,0,3
VE,2012-10,NATGAS,TOTEXPSB,M3,0,3
VE,2012-10,NATGAS,TOTIMPSB,M3,106.7175,3
VE,2012-11,LNG,EXPLNG,KTONS,0,3
VE,2012-11,LNG,EXPLNG,M3,0,2
VE,2012-11,LNG,IMPLNG,KTONS,0,3
VE,2012-11,LNG,IMPLNG,M3,0,2
VE,2012-11,NATGAS,EXPLNG,M3,0,3
VE,2012-11,NATGAS,EXPPIP,M3,0,2
VE,2012-11,NATGAS,IMPLNG,M3,0,3
VE,2012-11,NATGAS,IMPPIP,M3,115.4366,2
VE,2012-11,NATGAS,INDPROD,M3,1842.2109,2
VE,2012-11,NATGAS,MAINTOT,M3,498.3407,2
VE,2012-11,NATGAS,OSOURCES,M3,0,2
VE,2012-11,NATGAS,STATDIFF,M3,146.0322,2
VE,2012-11,NATGAS,STOCKCH,M3,-0.8778,2
VE,2012-11,NATGAS,TOTDEMC,M3,1812.4931,2
VE,2012-11,NATGAS,TOTDEMO,M3,1666.4609,2
VE,2012-11,NATGAS,TOTDEMO,TJ,0,3
VE,2012-11,NATGAS,TOTEXPSB,M3,0,3
VE,2012-11,NATGAS,TOTIMPSB,M3,115.4366,3
VE,2012-12,LNG,EXPLNG,KTONS,0,3
VE,2012-12,LNG,EXPLNG,M3,0,2
VE,2012-12,LNG,IMPLNG,KTONS,0,3
VE,2012-12,LNG,IMPLNG,M3,0,2
VE,2012-12,NATGAS,EXPLNG,M3,0,3
VE,2012-12,NATGAS,EXPPIP,M3,0,2
VE,2012-12,NATGAS,IMPLNG,M3,0,3
VE,2012-12,NATGAS,IMPPIP,M3,163.4193,2
VE,2012-12,NATGAS,INDPROD,M3,1829.6921,2
VE,2012-12,NATGAS,MAINTOT,M3,596.5266,2
VE,2012-12,NATGAS,OSOURCES,M3,0,2
VE,2012-12,NATGAS,STATDIFF,M3,61.9698,2
VE,2012-12,NATGAS,STOCKCH,M3,0.8212,2
VE,2012-12,NATGAS,TOTDEMC,M3,1930.3204,2
VE,2012-12,NATGAS,TOTDEMO,M3,1868.3506,2
VE,2012-12,NATGAS,TOTDEMO,TJ,0,3
VE,2012-12,NATGAS,TOTEXPSB,M3,0,3
VE,2012-12,NATGAS,TOTIMPSB,M3,163.4193,3
VE,2013-01,LNG,EXPLNG,KTONS,0,3
VE,2013-01,LNG,EXPLNG,M3,0,1
VE,2013-01,LNG,IMPLNG,KTONS,0,3
VE,2013-01,LNG,IMPLNG,M3,0,1
VE,2013-01,NATGAS,EXPLNG,M3,0,3
VE,2013-01,NATGAS,EXPPIP,M3,0,1
VE,2013-01,NATGAS,IMPLNG,M3,0,3
VE,2013-01,NATGAS,IMPPIP,M3,182.7296,1
VE,2013-01,NATGAS,INDPROD,M3,1834.2716,1
VE,2013-01,NATGAS,MAINTOT,M3,581.5942,1
VE,2013-01,NATGAS,OSOURCES,M3,0,1
VE,2013-01,NATGAS,STATDIFF,M3,33.8765,1
VE,2013-01,NATGAS,STOCKCH,M3,2.7467,1
VE,2013-01,NATGAS,TOTDEMC,M3,1980.378,1
VE,2013-01,NATGAS,TOTDEMO,M3,1946.5015,1
VE,2013-01,NATGAS,TOTDEMO,TJ,0,3
VE,2013-01,NATGAS,TOTEXPSB,M3,0,3
VE,2013-01,NATGAS,TOTIMPSB,M3,182.7296,3
VE,2013-02,LNG,EXPLNG,KTONS,0,3
VE,2013-02,LNG,EXPLNG,M3,0,1
VE,2013-02,LNG,IMPLNG,KTONS,0,3
VE,2013-02,LNG,IMPLNG,M3,0,1
VE,2013-02,NATGAS,EXPLNG,M3,0,3
VE,2013-02,NATGAS,EXPPIP,M3,0,1
VE,2013-02,NATGAS,IMPLNG,M3,0,3
VE,2013-02,NATGAS,IMPPIP,M3,144.6648,1
VE,2013-02,NATGAS,INDPROD,M3,1587.6113,1
VE,2013-02,NATGAS,MAINTOT,M3,498.2876,1
VE,2013-02,NATGAS,OSOURCES,M3,0,1
VE,2013-02,NATGAS,STATDIFF,M3,-76.4434,1
VE,2013-02,NATGAS,STOCKCH,M3,-0.0566,1
VE,2013-02,NATGAS,TOTDEMC,M3,1808.7761,1
VE,2013-02,NATGAS,TOTDEMO,M3,1885.2196,1
VE,2013-02,NATGAS,TOTDEMO,TJ,0,3
VE,2013-02,NATGAS,TOTEXPSB,M3,0,3
VE,2013-02,NATGAS,TOTIMPSB,M3,144.6648,3
VE,2013-03,LNG,EXPLNG,KTONS,0,3
VE,2013-03,LNG,EXPLNG,M3,0,1
VE,2013-03,LNG,IMPLNG,KTONS,0,3
VE,2013-03,LNG,IMPLNG,M3,0,1
VE,2013-03,NATGAS,EXPLNG,M3,0,3
VE,2013-03,NATGAS,EXPPIP,M3,0,1
VE,2013-03,NATGAS,IMPLNG,M3,0,3
VE,2013-03,NATGAS,IMPPIP,M3,165.0091,1
VE,2013-03,NATGAS,INDPROD,M3,1742.3848,1
VE,2013-03,NATGAS,MAINTOT,M3,562.6437,1
VE,2013-03,NATGAS,OSOURCES,M3,0,1
VE,2013-03,NATGAS,STATDIFF,M3,74.9122,1
VE,2013-03,NATGAS,STOCKCH,M3,0.3964,1
VE,2013-03,NATGAS,TOTDEMC,M3,1832.0852,1
VE,2013-03,NATGAS,TOTDEMO,M3,1757.173,1
VE,2013-03,NATGAS,TOTDEMO,TJ,0,3
VE,2013-03,NATGAS,TOTEXPSB,M3,0,3
VE,2013-03,NATGAS,TOTIMPSB,M3,165.0091,3
VE,2013-04,LNG,EXPLNG,KTONS,0,3
VE,2013-04,LNG,EXPLNG,M3,0,1
VE,2013-04,LNG,IMPLNG,KTONS,0,3
VE,2013-04,LNG,IMPLNG,M3,0,1
VE,2013-04,NATGAS,EXPLNG,M3,0,3
VE,2013-04,NATGAS,EXPPIP,M3,0,1
VE,2013-04,NATGAS,IMPLNG,M3,0,3
VE,2013-04,NATGAS,IMPPIP,M3,163.6009,1
VE,2013-04,NATGAS,INDPROD,M3,1711.9486,1
VE,2013-04,NATGAS,MAINTOT,M3,513.5984,1
VE,2013-04,NATGAS,OSOURCES,M3,0,1
VE,2013-04,NATGAS,STATDIFF,M3,176.3306,1
VE,2013-04,NATGAS,STOCKCH,M3,0.4248,1
VE,2013-04,NATGAS,TOTDEMC,M3,1698.7942,1
VE,2013-04,NATGAS,TOTDEMO,M3,1522.4636,1
VE,2013-04,NATGAS,TOTDEMO,TJ,0,3
VE,2013-04,NATGAS,TOTEXPSB,M3,0,3
VE,2013-04,NATGAS,TOTIMPSB,M3,163.6009,3
VE,2013-05,LNG,EXPLNG,KTONS,0,3
VE,2013-05,LNG,EXPLNG,M3,0,1
VE,2013-05,LNG,IMPLNG,KTONS,0,3
VE,2013-05,LNG,IMPLNG,M3,0,1
VE,2013-05,NATGAS,EXPLNG,M3,0,3
VE,2013-05,NATGAS,EXPPIP,M3,0,1
VE,2013-05,NATGAS,IMPLNG,M3,0,3
VE,2013-05,NATGAS,IMPPIP,M3,189.0151,1
VE,2013-05,NATGAS,INDPROD,M3,1718.3543,1
VE,2013-05,NATGAS,MAINTOT,M3,618.9887,1
VE,2013-05,NATGAS,OSOURCES,M3,0,1
VE,2013-05,NATGAS,STATDIFF,M3,44.7295,1
VE,2013-05,NATGAS,STOCKCH,M3,0.7079,1
VE,2013-05,NATGAS,TOTDEMC,M3,1861.9321,1
VE,2013-05,NATGAS,TOTDEMO,M3,1817.2026,1
VE,2013-05,NATGAS,TOTDEMO,TJ,0,3
VE,2013-05,NATGAS,TOTEXPSB,M3,0,3
VE,2013-05,NATGAS,TOTIMPSB,M3,189.0151,3
VE,2013-06,LNG,EXPLNG,KTONS,0,3
VE,2013-06,LNG,EXPLNG,M3,0,1
VE,2013-06,LNG,IMPLNG,KTONS,0,3
VE,2013-06,LNG,IMPLNG,M3,0,1
VE,2013-06,NATGAS,EXPLNG,M3,0,3
VE,2013-06,NATGAS,EXPPIP,M3,0,1
VE,2013-06,NATGAS,IMPLNG,M3,0,3
VE,2013-06,NATGAS,IMPPIP,M3,196.8033,1
VE,2013-06,NATGAS,INDPROD,M3,1801.5701,1
VE,2013-06,NATGAS,MAINTOT,M3,551.9957,1
VE,2013-06,NATGAS,OSOURCES,M3,0,1
VE,2013-06,NATGAS,STATDIFF,M3,218.4753,1
VE,2013-06,NATGAS,STOCKCH,M3,0.3681,1
VE,2013-06,NATGAS,TOTDEMC,M3,1779.5299,1
VE,2013-06,NATGAS,TOTDEMO,M3,1561.0546,1
VE,2013-06,NATGAS,TOTDEMO,TJ,0,3
VE,2013-06,NATGAS,TOTEXPSB,M3,0,3
VE,2013-06,NATGAS,TOTIMPSB,M3,196.8033,3
VE,2013-07,LNG,EXPLNG,KTONS,0,3
VE,2013-07,LNG,EXPLNG,M3,0,1
VE,2013-07,LNG,IMPLNG,KTONS,0,3
VE,2013-07,LNG,IMPLNG,M3,0,1
VE,2013-07,NATGAS,EXPLNG,M3,0,3
VE,2013-07,NATGAS,EXPPIP,M3,0,1
VE,2013-07,NATGAS,IMPLNG,M3,0,3
VE,2013-07,NATGAS,IMPPIP,M3,178.3645,1
VE,2013-07,NATGAS,INDPROD,M3,1846.4067,1
VE,2013-07,NATGAS,MAINTOT,M3,560.3678,1
VE,2013-07,NATGAS,OSOURCES,M3,0,1
VE,2013-07,NATGAS,STATDIFF,M3,19.3163,1
VE,2013-07,NATGAS,STOCKCH,M3,0.3115,1
VE,2013-07,NATGAS,TOTDEMC,M3,2005.1435,1
VE,2013-07,NATGAS,TOTDEMO,M3,1985.8272,1
VE,2013-07,NATGAS,TOTDEMO,TJ,0,3
VE,2013-07,NATGAS,TOTEXPSB,M3,0,3
VE,2013-07,NATGAS,TOTIMPSB,M3,178.3645,3
VE,2013-08,LNG,EXPLNG,KTONS,0,3
VE,2013-08,LNG,EXPLNG,M3,0,1
VE,2013-08,LNG,IMPLNG,KTONS,0,3
VE,2013-08,LNG,IMPLNG,M3,0,1
VE,2013-08,NATGAS,EXPLNG,M3,0,3
VE,2013-08,NATGAS,EXPPIP,M3,0,1
VE,2013-08,NATGAS,IMPLNG,M3,0,3
VE,2013-08,NATGAS,IMPPIP,M3,196.3812,1
VE,2013-08,NATGAS,INDPROD,M3,1750.925,1
VE,2013-08,NATGAS,MAINTOT,M3,537.3522,1
VE,2013-08,NATGAS,OSOURCES,M3,0,1
VE,2013-08,NATGAS,STATDIFF,M3,55.8143,1
VE,2013-08,NATGAS,STOCKCH,M3,0.1699,1
VE,2013-08,NATGAS,TOTDEMC,M3,1891.3219,1
VE,2013-08,NATGAS,TOTDEMO,M3,1835.5077,1
VE,2013-08,NATGAS,TOTDEMO,TJ,0,3
VE,2013-08,NATGAS,TOTEXPSB,M3,0,3
VE,2013-08,NATGAS,TOTIMPSB,M3,196.3812,3
VE,2013-09,LNG,EXPLNG,KTONS,0,3
VE,2013-09,LNG,EXPLNG,M3,0,1
VE,2013-09,LNG,IMPLNG,KTONS,0,3
VE,2013-09,LNG,IMPLNG,M3,0,1
VE,2013-09,NATGAS,EXPLNG,M3,0,3
VE,2013-09,NATGAS,EXPPIP,M3,0,1
VE,2013-09,NATGAS,IMPLNG,M3,0,3
VE,2013-09,NATGAS,IMPPIP,M3,190.7474,1
VE,2013-09,NATGAS,INDPROD,M3,1687.3847,1
VE,2013-09,NATGAS,MAINTOT,M3,514.9657,1
VE,2013-09,NATGAS,OSOURCES,M3,0,1
VE,2013-09,NATGAS,STATDIFF,M3,74.393,1
VE,2013-09,NATGAS,STOCKCH,M3,-0.3398,1
VE,2013-09,NATGAS,TOTDEMC,M3,1804.0789,1
VE,2013-09,NATGAS,TOTDEMO,M3,1729.6859,1
VE,2013-09,NATGAS,TOTDEMO,TJ,0,3
VE,2013-09,NATGAS,TOTEXPSB,M3,0,3
VE,2013-09,NATGAS,TOTIMPSB,M3,190.7474,3
VE,2013-10,LNG,EXPLNG,KTONS,0,3
VE,2013-10,LNG,EXPLNG,M3,0,1
VE,2013-10,LNG,IMPLNG,KTONS,0,3
VE,2013-10,LNG,IMPLNG,M3,0,1
VE,2013-10,NATGAS,EXPLNG,M3,0,3
VE,2013-10,NATGAS,EXPPIP,M3,0,1
VE,2013-10,NATGAS,IMPLNG,M3,0,3
VE,2013-10,NATGAS,IMPPIP,M3,146.4452,1
VE,2013-10,NATGAS,INDPROD,M3,1765.2052,1
VE,2013-10,NATGAS,MAINTOT,M3,538.9087,1
VE,2013-10,NATGAS,OSOURCES,M3,0,1
VE,2013-10,NATGAS,STATDIFF,M3,173.1983,1
VE,2013-10,NATGAS,STOCKCH,M3,0.9061,1
VE,2013-10,NATGAS,TOTDEMC,M3,1737.546,1
VE,2013-10,NATGAS,TOTDEMO,M3,1564.3476,1
VE,2013-10,NATGAS,TOTDEMO,TJ,0,3
VE,2013-10,NATGAS,TOTEXPSB,M3,0,3
VE,2013-10,NATGAS,TOTIMPSB,M3,146.4452,3
VE,2013-11,LNG,EXPLNG,KTONS,0,3
VE,2013-11,LNG,EXPLNG,M3,0,1
VE,2013-11,LNG,IMPLNG,KTONS,0,3
VE,2013-11,LNG,IMPLNG,M3,0,1
VE,2013-11,NATGAS,EXPLNG,M3,0,3
VE,2013-11,NATGAS,EXPPIP,M3,0,1
VE,2013-11,NATGAS,IMPLNG,M3,0,3
VE,2013-11,NATGAS,IMPPIP,M3,169.2086,1
VE,2013-11,NATGAS,INDPROD,M3,1741.1511,1
VE,2013-11,NATGAS,MAINTOT,M3,652.3081,1
VE,2013-11,NATGAS,OSOURCES,M3,0,1
VE,2013-11,NATGAS,STATDIFF,M3,65.5916,1
VE,2013-11,NATGAS,STOCKCH,M3,-0.0566,1
VE,2013-11,NATGAS,TOTDEMC,M3,1844.8248,1
VE,2013-11,NATGAS,TOTDEMO,M3,1779.2332,1
VE,2013-11,NATGAS,TOTDEMO,TJ,0,3
VE,2013-12,LNG,EXPLNG,KTONS,0,3
VE,2013-12,LNG,EXPLNG,M3,0,1
VE,2013-12,LNG,IMPLNG,KTONS,0,3
VE,2013-12,LNG,IMPLNG,M3,0,1
VE,2013-12,NATGAS,EXPLNG,M3,0,3
VE,2013-12,NATGAS,EXPPIP,M3,0,1
VE,2013-12,NATGAS,IMPLNG,M3,0,3
VE,2013-12,NATGAS,IMPPIP,M3,177.1029,1
VE,2013-12,NATGAS,INDPROD,M3,1760.8566,1
VE,2013-12,NATGAS,MAINTOT,M3,621.2884,1
VE,2013-12,NATGAS,OSOURCES,M3,0,1
VE,2013-12,NATGAS,STOCKCH,M3,0.1982,1
VE,2013-12,NATGAS,TOTDEMC,M3,1901.8386,1
VE,2013-12,NATGAS,TOTDEMO,M3,1901.8386,1
VE,2014-01,LNG,EXPLNG,KTONS,0,3
VE,2014-01,LNG,EXPLNG,M3,0,1
VE,2014-01,LNG,IMPLNG,KTONS,0,3
VE,2014-01,LNG,IMPLNG,M3,0,1
VE,2014-01,NATGAS,EXPLNG,M3,0,3
VE,2014-01,NATGAS,EXPPIP,M3,0,1
VE,2014-01,NATGAS,IMPLNG,M3,0,3
VE,2014-01,NATGAS,IMPPIP,M3,177.1029,1
VE,2014-01,NATGAS,INDPROD,M3,1591.0572,1
VE,2014-01,NATGAS,MAINTOT,M3,611.9806,1
VE,2014-01,NATGAS,OSOURCES,M3,0,1
VE,2014-01,NATGAS,STATDIFF,M3,-180.4559,1
VE,2014-01,NATGAS,STOCKCH,M3,2.9733,1
VE,2014-01,NATGAS,TOTDEMC,M3,0,1
VE,2014-01,NATGAS,TOTDEMO,M3,1955.7718,1
VE,2014-01,NATGAS,TOTDEMO,TJ,0,3
VE,2014-02,LNG,EXPLNG,KTONS,0,3
VE,2014-02,LNG,EXPLNG,M3,0,1
VE,2014-02,LNG,IMPLNG,KTONS,0,3
VE,2014-02,LNG,IMPLNG,M3,0,1
VE,2014-02,NATGAS,EXPLNG,M3,0,3
VE,2014-02,NATGAS,EXPPIP,M3,0,1
VE,2014-02,NATGAS,IMPLNG,M3,0,3
VE,2014-02,NATGAS,IMPPIP,M3,116.3992,1
VE,2014-02,NATGAS,INDPROD,M3,1591.6426,1
VE,2014-02,NATGAS,MAINTOT,M3,535.3401,1
VE,2014-02,NATGAS,OSOURCES,M3,0,1
VE,2014-02,NATGAS,STATDIFF,M3,-59.4394,1
VE,2014-02,NATGAS,STOCKCH,M3,5.6917,1
VE,2014-02,NATGAS,TOTDEMC,M3,0,1
VE,2014-02,NATGAS,TOTDEMO,M3,1761.7894,1
VE,2014-02,NATGAS,TOTDEMO,TJ,0,3
VE,2014-03,LNG,EXPLNG,KTONS,0,3
VE,2014-03,LNG,EXPLNG,M3,0,1
VE,2014-03,LNG,IMPLNG,KTONS,0,3
VE,2014-03,LNG,IMPLNG,M3,0,1
VE,2014-03,NATGAS,EXPLNG,M3,0,3
VE,2014-03,NATGAS,EXPPIP,M3,0,1
VE,2014-03,NATGAS,IMPLNG,M3,0,3
VE,2014-03,NATGAS,IMPPIP,M3,151.7035,1
VE,2014-03,NATGAS,INDPROD,M3,1780.1435,1
VE,2014-03,NATGAS,MAINTOT,M3,622.2902,1
VE,2014-03,NATGAS,OSOURCES,M3,0,1
VE,2014-03,NATGAS,STATDIFF,M3,8.5933,1
VE,2014-03,NATGAS,STOCKCH,M3,3.2564,1
VE,2014-03,NATGAS,TOTDEMC,M3,0,1
VE,2014-03,NATGAS,TOTDEMO,M3,1919.9973,1
VE,2014-03,NATGAS,TOTDEMO,TJ,0,3
VE,2014-04,LNG,EXPLNG,KTONS,0,3
VE,2014-04,LNG,EXPLNG,M3,0,1
VE,2014-04,LNG,IMPLNG,KTONS,0,3
VE,2014-04,LNG,IMPLNG,M3,0,1
VE,2014-04,NATGAS,EXPLNG,M3,0,3
VE,2014-04,NATGAS,EXPPIP,M3,0,1
VE,2014-04,NATGAS,IMPLNG,M3,0,3
VE,2014-04,NATGAS,IMPPIP,M3,94.9836,1
VE,2014-04,NATGAS,INDPROD,M3,1798.5458,1
VE,2014-04,NATGAS,MAINTOT,M3,599.0259,1
VE,2014-04,NATGAS,OSOURCES,M3,0,1
VE,2014-04,NATGAS,STATDIFF,M3,137.0427,1
VE,2014-04,NATGAS,TOTDEMC,M3,0,1
VE,2014-04,NATGAS,TOTDEMO,M3,1756.4868,1
VE,2014-04,NATGAS,TOTDEMO,TJ,0,3
VE,2014-05,LNG,EXPLNG,KTONS,0,3
VE,2014-05,LNG,EXPLNG,M3,0,1
VE,2014-05,LNG,IMPLNG,KTONS,0,3
VE,2014-05,LNG,IMPLNG,M3,0,1
VE,2014-05,NATGAS,EXPLNG,M3,0,3
VE,2014-05,NATGAS,EXPPIP,M3,0,1
VE,2014-05,NATGAS,IMPLNG,M3,0,3
VE,2014-05,NATGAS,IMPPIP,M3,24.9538,1
VE,2014-05,NATGAS,INDPROD,M3,1846.1124,1
VE,2014-05,NATGAS,MAINTOT,M3,616.6882,1
VE,2014-05,NATGAS,OSOURCES,M3,0,1
VE,2014-05,NATGAS,STATDIFF,M3,78.4839,1
VE,2014-05,NATGAS,TOTDEMC,M3,0,1
VE,2014-05,NATGAS,TOTDEMO,M3,1792.5824,1
VE,2014-05,NATGAS,TOTDEMO,TJ,0,3
VE,2014-06,LNG,EXPLNG,KTONS,0,3
VE,2014-06,LNG,EXPLNG,M3,0,1
VE,2014-06,LNG,IMPLNG,KTONS,0,3
VE,2014-06,LNG,IMPLNG,M3,0,1
VE,2014-06,NATGAS,EXPLNG,M3,0,3
VE,2014-06,NATGAS,EXPPIP,M3,0,1
VE,2014-06,NATGAS,IMPLNG,M3,0,3
VE,2014-06,NATGAS,IMPPIP,M3,32.6971,1
VE,2014-06,NATGAS,INDPROD,M3,1790.1427,1
VE,2014-06,NATGAS,MAINTOT,M3,573.698,1
VE,2014-06,NATGAS,OSOURCES,M3,0,1
VE,2014-06,NATGAS,STATDIFF,M3,83.8424,1
VE,2014-06,NATGAS,TOTDEMC,M3,0,1
VE,2014-06,NATGAS,TOTDEMO,M3,1738.9974,1
VE,2014-06,NATGAS,TOTDEMO,TJ,0,3
VE,2014-07,LNG,EXPLNG,KTONS,0,3
VE,2014-07,LNG,EXPLNG,M3,0,1
VE,2014-07,LNG,IMPLNG,KTONS,0,3
VE,2014-07,LNG,IMPLNG,M3,0,1
VE,2014-07,NATGAS,EXPLNG,M3,0,3
VE,2014-07,NATGAS,EXPPIP,M3,0,1
VE,2014-07,NATGAS,IMPLNG,M3,0,3
VE,2014-07,NATGAS,IMPPIP,M3,39,1
VE,2014-07,NATGAS,INDPROD,M3,1859,1
VE,2014-07,NATGAS,MAINTOT,M3,611,1
VE,2014-07,NATGAS,OSOURCES,M3,0,1
VE,2014-07,NATGAS,STATDIFF,M3,63,1
VE,2014-07,NATGAS,TOTDEMC,M3,0,1
VE,2014-07,NATGAS,TOTDEMO,M3,1835,1
VE,2014-07,NATGAS,TOTDEMO,TJ,0,3
VE,2014-08,LNG,EXPLNG,KTONS,0,3
VE,2014-08,LNG,EXPLNG,M3,0,1
VE,2014-08,LNG,IMPLNG,KTONS,0,3
VE,2014-08,LNG,IMPLNG,M3,0,1
VE,2014-08,NATGAS,EXPLNG,M3,0,3
VE,2014-08,NATGAS,EXPPIP,M3,0,1
VE,2014-08,NATGAS,IMPLNG,M3,0,3
VE,2014-08,NATGAS,IMPPIP,M3,55,1
VE,2014-08,NATGAS,INDPROD,M3,1864,1
VE,2014-08,NATGAS,MAINTOT,M3,623,1
VE,2014-08,NATGAS,OSOURCES,M3,0,1
VE,2014-08,NATGAS,STATDIFF,M3,152,1
VE,2014-08,NATGAS,TOTDEMC,M3,0,1
VE,2014-08,NATGAS,TOTDEMO,M3,1767,1
VE,2014-08,NATGAS,TOTDEMO,TJ,0,3
VE,2014-09,LNG,EXPLNG,KTONS,0,3
VE,2014-09,LNG,EXPLNG,M3,0,1
VE,2014-09,LNG,IMPLNG,KTONS,0,3
VE,2014-09,LNG,IMPLNG,M3,0,1
VE,2014-09,NATGAS,EXPLNG,M3,0,3
VE,2014-09,NATGAS,EXPPIP,M3,0,1
VE,2014-09,NATGAS,IMPLNG,M3,0,3
VE,2014-09,NATGAS,IMPPIP,M3,67,1
VE,2014-09,NATGAS,INDPROD,M3,1820,1
VE,2014-09,NATGAS,MAINTOT,M3,597,1
VE,2014-09,NATGAS,OSOURCES,M3,0,1
VE,2014-09,NATGAS,STATDIFF,M3,-20,1
VE,2014-09,NATGAS,TOTDEMC,M3,0,1
VE,2014-09,NATGAS,TOTDEMO,M3,1908,1
VE,2014-09,NATGAS,TOTDEMO,TJ,0,3
VE,2014-10,LNG,EXPLNG,KTONS,0,3
VE,2014-10,LNG,EXPLNG,M3,0,1
VE,2014-10,LNG,IMPLNG,KTONS,0,3
VE,2014-10,LNG,IMPLNG,M3,0,1
VE,2014-10,NATGAS,EXPLNG,M3,0,3
VE,2014-10,NATGAS,EXPPIP,M3,0,1
VE,2014-10,NATGAS,IMPLNG,M3,0,3
VE,2014-10,NATGAS,IMPPIP,M3,52,1
VE,2014-10,NATGAS,INDPROD,M3,1943,1
VE,2014-10,NATGAS,MAINTOT,M3,680,1
VE,2014-10,NATGAS,OSOURCES,M3,0,1
VE,2014-10,NATGAS,STATDIFF,M3,59,1
VE,2014-10,NATGAS,TOTDEMC,M3,0,1
VE,2014-10,NATGAS,TOTDEMO,M3,1935,1
VE,2014-10,NATGAS,TOTDEMO,TJ,0,3
VE,2014-11,LNG,EXPLNG,KTONS,0,3
VE,2014-11,LNG,EXPLNG,M3,0,1
VE,2014-11,LNG,IMPLNG,KTONS,0,3
VE,2014-11,LNG,IMPLNG,M3,0,1
VE,2014-11,NATGAS,EXPLNG,M3,0,3
VE,2014-11,NATGAS,EXPPIP,M3,0,1
VE,2014-11,NATGAS,IMPLNG,M3,0,3
VE,2014-11,NATGAS,IMPPIP,M3,90,1
VE,2014-11,NATGAS,INDPROD,M3,2820,1
VE,2014-11,NATGAS,MAINTOT,M3,663,1
VE,2014-11,NATGAS,OSOURCES,M3,0,1
VE,2014-11,NATGAS,STATDIFF,M3,-107,1
VE,2014-11,NATGAS,TOTDEMC,M3,0,1
VE,2014-11,NATGAS,TOTDEMO,M3,1974,1
VE,2014-11,NATGAS,TOTDEMO,TJ,0,3
VE,2014-12,LNG,EXPLNG,KTONS,0,3
VE,2014-12,LNG,EXPLNG,M3,0,1
VE,2014-12,LNG,IMPLNG,KTONS,0,3
VE,2014-12,LNG,IMPLNG,M3,0,1
VE,2014-12,NATGAS,EXPLNG,M3,0,3
VE,2014-12,NATGAS,EXPPIP,M3,0,1
VE,2014-12,NATGAS,IMPLNG,M3,0,3
VE,2014-12,NATGAS,IMPPIP,M3,56,1
VE,2014-12,NATGAS,INDPROD,M3,3030,1
VE,2014-12,NATGAS,MAINTOT,M3,688,1
VE,2014-12,NATGAS,OSOURCES,M3,0,1
VE,2014-12,NATGAS,STATDIFF,M3,119,1
VE,2014-12,NATGAS,TOTDEMC,M3,0,1
VE,2014-12,NATGAS,TOTDEMO,M3,1892,1
VE,2014-12,NATGAS,TOTDEMO,TJ,0,3
VE,2015-01,LNG,EXPLNG,KTONS,0,3
VE,2015-01,LNG,EXPLNG,M3,0,1
VE,2015-01,LNG,IMPLNG,KTONS,0,3
VE,2015-01,LNG,IMPLNG,M3,0,1
VE,2015-01,NATGAS,EXPLNG,M3,0,3
VE,2015-01,NATGAS,EXPPIP,M3,0,1
VE,2015-01,NATGAS,IMPLNG,M3,0,3
VE,2015-01,NATGAS,IMPPIP,M3,73,1
VE,2015-01,NATGAS,INDPROD,M3,2007,1
VE,2015-01,NATGAS,MAINTOT,M3,780,1
VE,2015-01,NATGAS,OSOURCES,M3,0,1
VE,2015-01,NATGAS,TOTDEMC,M3,0,1
VE,2015-01,NATGAS,TOTDEMO,M3,2032,1
VE,2015-02,LNG,EXPLNG,KTONS,0,3
VE,2015-02,LNG,EXPLNG,M3,0,1
VE,2015-02,LNG,IMPLNG,KTONS,0,3
VE,2015-02,LNG,IMPLNG,M3,0,1
VE,2015-02,NATGAS,EXPLNG,M3,0,3
VE,2015-02,NATGAS,EXPPIP,M3,0,1
VE,2015-02,NATGAS,IMPLNG,M3,0,3
VE,2015-02,NATGAS,IMPPIP,M3,74.3324,1
VE,2015-02,NATGAS,INDPROD,M3,1925,1
VE,2015-02,NATGAS,MAINTOT,M3,677,1
VE,2015-02,NATGAS,OSOURCES,M3,0,1
VE,2015-02,NATGAS,STATDIFF,M3,18,1
VE,2015-02,NATGAS,TOTDEMC,M3,0,1
VE,2015-02,NATGAS,TOTDEMO,M3,1981,1
VE,2015-03,LNG,EXPLNG,KTONS,0,3
VE,2015-03,LNG,EXPLNG,M3,0,1
VE,2015-03,LNG,IMPLNG,KTONS,0,3
VE,2015-03,LNG,IMPLNG,M3,0,1
VE,2015-03,NATGAS,EXPLNG,M3,0,3
VE,2015-03,NATGAS,EXPPIP,M3,0,1
VE,2015-03,NATGAS,IMPLNG,M3,0,3
VE,2015-03,NATGAS,IMPPIP,M3,60,1
VE,2015-03,NATGAS,INDPROD,M3,2154,1
VE,2015-03,NATGAS,MAINTOT,M3,778,1
VE,2015-03,NATGAS,OSOURCES,M3,0,1
VE,2015-03,NATGAS,STATDIFF,M3,200,1
VE,2015-03,NATGAS,TOTDEMC,M3,0,1
VE,2015-03,NATGAS,TOTDEMO,M3,2014,1
VE,2015-04,LNG,EXPLNG,KTONS,0,3
VE,2015-04,LNG,EXPLNG,M3,0,1
VE,2015-04,LNG,IMPLNG,KTONS,0,3
VE,2015-04,LNG,IMPLNG,M3,0,1
VE,2015-04,NATGAS,EXPLNG,M3,0,3
VE,2015-04,NATGAS,EXPPIP,M3,0,1
VE,2015-04,NATGAS,IMPLNG,M3,0,3
VE,2015-04,NATGAS,IMPPIP,M3,78,1
VE,2015-04,NATGAS,INDPROD,M3,2102,1
VE,2015-04,NATGAS,MAINTOT,M3,862,1
VE,2015-04,NATGAS,OSOURCES,M3,0,1
VE,2015-04,NATGAS,STATDIFF,M3,67,1
VE,2015-04,NATGAS,TOTDEMC,M3,0,1
VE,2015-04,NATGAS,TOTDEMO,M3,2113,1
VE,2015-05,LNG,EXPLNG,KTONS,0,3
VE,2015-05,LNG,EXPLNG,M3,0,1
VE,2015-05,LNG,IMPLNG,KTONS,0,3
VE,2015-05,LNG,IMPLNG,M3,0,1
VE,2015-05,NATGAS,EXPLNG,M3,0,3
VE,2015-05,NATGAS,EXPPIP,M3,0,1
VE,2015-05,NATGAS,IMPLNG,M3,0,3
VE,2015-05,NATGAS,IMPPIP,M3,40,1
VE,2015-05,NATGAS,INDPROD,M3,2276,1
VE,2015-05,NATGAS,MAINTOT,M3,903,1
VE,2015-05,NATGAS,OSOURCES,M3,0,1
VE,2015-05,NATGAS,STATDIFF,M3,175,1
VE,2015-05,NATGAS,TOTDEMC,M3,0,1
VE,2015-05,NATGAS,TOTDEMO,M3,2141,1
VE,2015-06,LNG,EXPLNG,KTONS,0,3
VE,2015-06,LNG,EXPLNG,M3,0,1
VE,2015-06,LNG,IMPLNG,KTONS,0,3
VE,2015-06,LNG,IMPLNG,M3,0,1
VE,2015-06,NATGAS,EXPLNG,M3,0,3
VE,2015-06,NATGAS,EXPPIP,M3,0,1
VE,2015-06,NATGAS,IMPLNG,M3,0,3
VE,2015-06,NATGAS,IMPPIP,M3,43,1
VE,2015-06,NATGAS,INDPROD,M3,2133,1
VE,2015-06,NATGAS,MAINTOT,M3,842,1
VE,2015-06,NATGAS,OSOURCES,M3,0,1
VE,2015-06,NATGAS,STATDIFF,M3,75,1
VE,2015-06,NATGAS,TOTDEMC,M3,0,1
VE,2015-06,NATGAS,TOTDEMO,M3,2101,1
VE,2015-07,LNG,EXPLNG,KTONS,0,3
VE,2015-07,LNG,EXPLNG,M3,0,1
VE,2015-07,LNG,IMPLNG,KTONS,0,3
VE,2015-07,LNG,IMPLNG,M3,0,1
VE,2015-07,NATGAS,EXPLNG,M3,0,3
VE,2015-07,NATGAS,EXPPIP,M3,0,1
VE,2015-07,NATGAS,IMPLNG,M3,0,3
VE,2015-07,NATGAS,IMPPIP,M3,0,1
VE,2015-07,NATGAS,INDPROD,M3,2292,1
VE,2015-07,NATGAS,MAINTOT,M3,874,1
VE,2015-07,NATGAS,OSOURCES,M3,0,1
VE,2015-07,NATGAS,STATDIFF,M3,232,1
VE,2015-07,NATGAS,STOCKCH,M3,0,1
VE,2015-07,NATGAS,TOTDEMC,M3,0,1
VE,2015-07,NATGAS,TOTDEMO,M3,2059,1
VE,2015-08,LNG,EXPLNG,KTONS,0,3
VE,2015-08,LNG,EXPLNG,M3,0,1
VE,2015-08,LNG,IMPLNG,KTONS,0,3
VE,2015-08,LNG,IMPLNG,M3,0,1
VE,2015-08,NATGAS,EXPLNG,M3,0,3
VE,2015-08,NATGAS,EXPPIP,M3,0,1
VE,2015-08,NATGAS,IMPLNG,M3,0,3
VE,2015-08,NATGAS,IMPPIP,M3,0,1
VE,2015-08,NATGAS,INDPROD,M3,2052,1
VE,2015-08,NATGAS,MAINTOT,M3,900,1
VE,2015-08,NATGAS,OSOURCES,M3,0,1
VE,2015-08,NATGAS,STATDIFF,M3,-26,1
VE,2015-08,NATGAS,TOTDEMC,M3,0,1
VE,2015-08,NATGAS,TOTDEMO,M3,2079,1
VE,2015-09,LNG,EXPLNG,KTONS,0,3
VE,2015-09,LNG,EXPLNG,M3,0,1
VE,2015-09,LNG,IMPLNG,KTONS,0,3
VE,2015-09,LNG,IMPLNG,M3,0,1
VE,2015-09,NATGAS,EXPLNG,M3,0,3
VE,2015-09,NATGAS,EXPPIP,M3,0,1
VE,2015-09,NATGAS,IMPLNG,M3,0,3
VE,2015-09,NATGAS,IMPPIP,M3,0,1
VE,2015-09,NATGAS,INDPROD,M3,2119,1
VE,2015-09,NATGAS,MAINTOT,M3,800,1
VE,2015-09,NATGAS,OSOURCES,M3,0,1
VE,2015-09,NATGAS,STATDIFF,M3,61,1
VE,2015-09,NATGAS,STOCKCH,M3,0,1
VE,2015-09,NATGAS,TOTDEMC,M3,0,1
VE,2015-09,NATGAS,TOTDEMO,M3,2058,1
VE,2015-10,LNG,EXPLNG,KTONS,0,3
VE,2015-10,LNG,EXPLNG,M3,0,1
VE,2015-10,LNG,IMPLNG,KTONS,0,3
VE,2015-10,LNG,IMPLNG,M3,0,1
VE,2015-10,NATGAS,EXPLNG,M3,0,3
VE,2015-10,NATGAS,EXPPIP,M3,0,1
VE,2015-10,NATGAS,IMPLNG,M3,0,3
VE,2015-10,NATGAS,IMPPIP,M3,0,1
VE,2015-10,NATGAS,INDPROD,M3,2249,1
VE,2015-10,NATGAS,MAINTOT,M3,831,1
VE,2015-10,NATGAS,OSOURCES,M3,0,1
VE,2015-10,NATGAS,STATDIFF,M3,109,1
VE,2015-10,NATGAS,STOCKCH,M3,0,1
VE,2015-10,NATGAS,TOTDEMC,M3,0,1
VE,2015-10,NATGAS,TOTDEMO,M3,2139,1
VE,2015-11,LNG,EXPLNG,KTONS,0,3
VE,2015-11,LNG,EXPLNG,M3,0,1
VE,2015-11,LNG,IMPLNG,KTONS,0,3
VE,2015-11,LNG,IMPLNG,M3,0,1
VE,2015-11,NATGAS,EXPLNG,M3,0,3
VE,2015-11,NATGAS,EXPPIP,M3,0,1
VE,2015-11,NATGAS,IMPLNG,M3,0,3
VE,2015-11,NATGAS,IMPPIP,M3,0,1
VE,2015-11,NATGAS,INDPROD,M3,2250,1
VE,2015-11,NATGAS,MAINTOT,M3,833,1
VE,2015-11,NATGAS,OSOURCES,M3,0,1
VE,2015-11,NATGAS,STATDIFF,M3,232,1
VE,2015-11,NATGAS,STOCKCH,M3,0,1
VE,2015-11,NATGAS,TOTDEMC,M3,0,1
VE,2015-11,NATGAS,TOTDEMO,M3,2019,1
VE,2015-12,LNG,EXPLNG,KTONS,0,3
VE,2015-12,LNG,EXPLNG,M3,0,1
VE,2015-12,LNG,IMPLNG,KTONS,0,3
VE,2015-12,LNG,IMPLNG,M3,0,1
VE,2015-12,NATGAS,EXPLNG,M3,0,3
VE,2015-12,NATGAS,EXPPIP,M3,0,1
VE,2015-12,NATGAS,IMPLNG,M3,0,3
VE,2015-12,NATGAS,IMPPIP,M3,0,1
VE,2015-12,NATGAS,INDPROD,M3,2387,1
VE,2015-12,NATGAS,MAINTOT,M3,870,1
VE,2015-12,NATGAS,OSOURCES,M3,0,1
VE,2015-12,NATGAS,STATDIFF,M3,209,1
VE,2015-12,NATGAS,STOCKCH,M3,0,1
VE,2015-12,NATGAS,TOTDEMC,M3,0,1
VE,2015-12,NATGAS,TOTDEMO,M3,2178,1
VE,2016-01,LNG,EXPLNG,M3,0,1
VE,2016-01,LNG,IMPLNG,M3,0,1
VE,2016-01,NATGAS,EXPLNG,M3,0,3
VE,2016-01,NATGAS,EXPPIP,M3,0,1
VE,2016-01,NATGAS,IMPLNG,M3,0,3
VE,2016-01,NATGAS,INDPROD,M3,2320,1
VE,2016-01,NATGAS,MAINTOT,M3,885,1
VE,2016-01,NATGAS,OSOURCES,M3,0,1
VE,2016-01,NATGAS,STATDIFF,M3,254,1
VE,2016-01,NATGAS,TOTDEMC,M3,0,1
VE,2016-01,NATGAS,TOTDEMO,M3,2066,1
VE,2016-02,LNG,EXPLNG,M3,0,1
VE,2016-02,LNG,IMPLNG,M3,0,1
VE,2016-02,NATGAS,EXPLNG,M3,0,3
VE,2016-02,NATGAS,EXPPIP,M3,0,1
VE,2016-02,NATGAS,IMPLNG,M3,0,3
VE,2016-02,NATGAS,INDPROD,M3,2285,1
VE,2016-02,NATGAS,MAINTOT,M3,892,1
VE,2016-02,NATGAS,OSOURCES,M3,0,1
VE,2016-02,NATGAS,STATDIFF,M3,211,1
VE,2016-02,NATGAS,TOTDEMC,M3,0,1
VE,2016-02,NATGAS,TOTDEMO,M3,2073,1
VE,2016-03,LNG,EXPLNG,M3,0,1
VE,2016-03,LNG,IMPLNG,M3,0,1
VE,2016-03,NATGAS,EXPLNG,M3,0,3
VE,2016-03,NATGAS,EXPPIP,M3,0,1
VE,2016-03,NATGAS,IMPLNG,M3,0,3
VE,2016-03,NATGAS,INDPROD,M3,2424,1
VE,2016-03,NATGAS,MAINTOT,M3,955,1
VE,2016-03,NATGAS,OSOURCES,M3,0,1
VE,2016-03,NATGAS,STATDIFF,M3,192,1
VE,2016-03,NATGAS,TOTDEMC,M3,0,1
VE,2016-03,NATGAS,TOTDEMO,M3,2232,1
VE,2016-04,LNG,EXPLNG,M3,0,1
VE,2016-04,LNG,IMPLNG,M3,0,1
VE,2016-04,NATGAS,EXPLNG,M3,0,3
VE,2016-04,NATGAS,EXPPIP,M3,0,1
VE,2016-04,NATGAS,IMPLNG,M3,0,3
VE,2016-04,NATGAS,INDPROD,M3,2416,1
VE,2016-04,NATGAS,MAINTOT,M3,983,1
VE,2016-04,NATGAS,OSOURCES,M3,0,1
VE,2016-04,NATGAS,STATDIFF,M3,251,1
VE,2016-04,NATGAS,TOTDEMC,M3,0,1
VE,2016-04,NATGAS,TOTDEMO,M3,2164,1
VE,2016-05,LNG,EXPLNG,M3,0,1
VE,2016-05,LNG,IMPLNG,M3,0,1
VE,2016-05,NATGAS,EXPLNG,M3,0,3
VE,2016-05,NATGAS,EXPPIP,M3,0,1
VE,2016-05,NATGAS,IMPLNG,M3,0,3
VE,2016-05,NATGAS,INDPROD,M3,2532,1
VE,2016-05,NATGAS,MAINTOT,M3,1065,1
VE,2016-05,NATGAS,OSOURCES,M3,0,1
VE,2016-05,NATGAS,STATDIFF,M3,240,1
VE,2016-05,NATGAS,TOTDEMC,M3,0,1
VE,2016-05,NATGAS,TOTDEMO,M3,2291,1
VE,2016-06,LNG,EXPLNG,M3,0,1
VE,2016-06,LNG,IMPLNG,M3,0,1
VE,2016-06,NATGAS,EXPLNG,M3,0,3
VE,2016-06,NATGAS,EXPPIP,M3,0,1
VE,2016-06,NATGAS,IMPLNG,M3,0,3
VE,2016-06,NATGAS,IMPPIP,M3,0,1
VE,2016-06,NATGAS,INDPROD,M3,2371,1
VE,2016-06,NATGAS,MAINTOT,M3,1030,1
VE,2016-06,NATGAS,OSOURCES,M3,0,1
VE,2016-06,NATGAS,STATDIFF,M3,130,1
VE,2016-06,NATGAS,TOTDEMC,M3,0,1
VE,2016-06,NATGAS,TOTDEMO,M3,2241,1
VE,2016-07,LNG,EXPLNG,M3,0,1
VE,2016-07,LNG,IMPLNG,M3,0,1
VE,2016-07,NATGAS,EXPLNG,M3,0,3
VE,2016-07,NATGAS,EXPPIP,M3,0,1
VE,2016-07,NATGAS,IMPLNG,M3,0,3
VE,2016-07,NATGAS,INDPROD,M3,2444,1
VE,2016-07,NATGAS,OSOURCES,M3,0,1
VE,2016-07,NATGAS,TOTDEMC,M3,0,1
VE,2016-07,NATGAS,TOTDEMO,M3,2444,1
VE,2016-08,LNG,EXPLNG,M3,0,1
VE,2016-08,LNG,IMPLNG,M3,0,1
VE,2016-08,NATGAS,EXPLNG,M3,0,3
VE,2016-08,NATGAS,EXPPIP,M3,0,1
VE,2016-08,NATGAS,IMPLNG,M3,0,3
VE,2016-08,NATGAS,IMPPIP,M3,0,1
VE,2016-08,NATGAS,INDPROD,M3,2410,1
VE,2016-08,NATGAS,MAINTOT,M3,916,1
VE,2016-08,NATGAS,OSOURCES,M3,0,1
VE,2016-08,NATGAS,STATDIFF,M3,213,1
VE,2016-08,NATGAS,STOCKCH,M3,0,1
VE,2016-08,NATGAS,TOTDEMC,M3,0,1
VE,2016-08,NATGAS,TOTDEMO,M3,2197,1
VE,2016-09,LNG,EXPLNG,M3,0,1
VE,2016-09,LNG,IMPLNG,M3,0,1
VE,2016-09,NATGAS,EXPLNG,M3,0,3
VE,2016-09,NATGAS,EXPPIP,M3,0,1
VE,2016-09,NATGAS,IMPLNG,M3,0,3
VE,2016-09,NATGAS,INDPROD,M3,2344,1
VE,2016-09,NATGAS,MAINTOT,M3,904,1
VE,2016-09,NATGAS,OSOURCES,M3,0,1
VE,2016-09,NATGAS,STATDIFF,M3,195.9688,1
VE,2016-09,NATGAS,TOTDEMC,M3,0,1
VE,2016-09,NATGAS,TOTDEMO,M3,2148.0312,1
VE,2016-10,LNG,EXPLNG,M3,0,1
VE,2016-10,LNG,IMPLNG,M3,0,1
VE,2016-10,NATGAS,EXPLNG,M3,0,3
VE,2016-10,NATGAS,EXPPIP,M3,0,1
VE,2016-10,NATGAS,IMPLNG,M3,0,3
VE,2016-10,NATGAS,INDPROD,M3,2436,1
VE,2016-10,NATGAS,MAINTOT,M3,944,1
VE,2016-10,NATGAS,OSOURCES,M3,0,1
VE,2016-10,NATGAS,STATDIFF,M3,261,1
VE,2016-10,NATGAS,TOTDEMC,M3,0,1
VE,2016-10,NATGAS,TOTDEMO,M3,2175,1
VE,2016-11,LNG,EXPLNG,M3,0,1
VE,2016-11,LNG,IMPLNG,M3,0,1
VE,2016-11,NATGAS,EXPLNG,M3,0,3
VE,2016-11,NATGAS,EXPPIP,M3,0,1
VE,2016-11,NATGAS,IMPLNG,M3,0,3
VE,2016-11,NATGAS,INDPROD,M3,2411,1
VE,2016-11,NATGAS,MAINTOT,M3,869,1
VE,2016-11,NATGAS,OSOURCES,M3,0,1
VE,2016-11,NATGAS,STATDIFF,M3,269,1
VE,2016-11,NATGAS,TOTDEMC,M3,0,1
VE,2016-11,NATGAS,TOTDEMO,M3,2142,1
VE,2016-12,LNG,EXPLNG,M3,0,1
VE,2016-12,LNG,IMPLNG,M3,0,1
VE,2016-12,NATGAS,EXPLNG,M3,0,3
VE,2016-12,NATGAS,EXPPIP,M3,0,1
VE,2016-12,NATGAS,IMPLNG,M3,0,3
VE,2016-12,NATGAS,INDPROD,M3,2447,1
VE,2016-12,NATGAS,MAINTOT,M3,901,1
VE,2016-12,NATGAS,OSOURCES,M3,0,1
VE,2016-12,NATGAS,STATDIFF,M3,323,1
VE,2016-12,NATGAS,TOTDEMC,M3,0,1
VE,2016-12,NATGAS,TOTDEMO,M3,2124,1
VE,2017-01,LNG,EXPLNG,M3,0,1
VE,2017-01,LNG,IMPLNG,M3,0,1
VE,2017-01,NATGAS,EXPLNG,M3,0,3
VE,2017-01,NATGAS,EXPPIP,M3,0,1
VE,2017-01,NATGAS,IMPLNG,M3,0,3
VE,2017-01,NATGAS,INDPROD,M3,2436.6058,1
VE,2017-01,NATGAS,MAINTOT,M3,891.5866,1
VE,2017-01,NATGAS,OSOURCES,M3,0,1
VE,2017-01,NATGAS,STATDIFF,M3,300,1
VE,2017-01,NATGAS,TOTDEMC,M3,0,1
VE,2017-01,NATGAS,TOTDEMO,M3,2136.6058,1
VE,2017-02,LNG,EXPLNG,M3,0,1
VE,2017-02,LNG,IMPLNG,M3,0,1
VE,2017-02,NATGAS,EXPLNG,M3,0,3
VE,2017-02,NATGAS,EXPPIP,M3,0,1
VE,2017-02,NATGAS,IMPLNG,M3,0,3
VE,2017-02,NATGAS,INDPROD,M3,2291.2806,1
VE,2017-02,NATGAS,MAINTOT,M3,754,1
VE,2017-02,NATGAS,OSOURCES,M3,0,1
VE,2017-02,NATGAS,STATDIFF,M3,261,1
VE,2017-02,NATGAS,TOTDEMC,M3,0,1
VE,2017-02,NATGAS,TOTDEMO,M3,2030.2806,1
VE,2017-03,LNG,EXPLNG,M3,0,1
VE,2017-03,LNG,IMPLNG,M3,0,1
VE,2017-03,NATGAS,EXPLNG,M3,0,3
VE,2017-03,NATGAS,EXPPIP,M3,0,1
VE,2017-03,NATGAS,IMPLNG,M3,0,3
VE,2017-03,NATGAS,IMPPIP,M3,0,1
VE,2017-03,NATGAS,INDPROD,M3,2559.05,1
VE,2017-03,NATGAS,MAINTOT,M3,1026.6586,1
VE,2017-03,NATGAS,OSOURCES,M3,0,1
VE,2017-03,NATGAS,STATDIFF,M3,293.3183,1
VE,2017-03,NATGAS,TOTDEMC,M3,0,1
VE,2017-03,NATGAS,TOTDEMO,M3,2265.7317,1
VE,2017-04,LNG,EXPLNG,M3,0,1
VE,2017-04,LNG,IMPLNG,M3,0,1
VE,2017-04,NATGAS,EXPLNG,M3,0,3
VE,2017-04,NATGAS,EXPPIP,M3,0,1
VE,2017-04,NATGAS,IMPLNG,M3,0,3
VE,2017-04,NATGAS,IMPPIP,M3,0,1
VE,2017-04,NATGAS,INDPROD,M3,2464.268,1
VE,2017-04,NATGAS,MAINTOT,M3,916.205,1
VE,2017-04,NATGAS,OSOURCES,M3,0,1
VE,2017-04,NATGAS,STATDIFF,M3,332,1
VE,2017-04,NATGAS,TOTDEMC,M3,0,1
VE,2017-04,NATGAS,TOTDEMO,M3,2132.268,1
VE,2017-05,LNG,EXPLNG,M3,0,1
VE,2017-05,LNG,IMPLNG,M3,0,1
VE,2017-05,NATGAS,EXPLNG,M3,0,3
VE,2017-05,NATGAS,EXPPIP,M3,0,1
VE,2017-05,NATGAS,IMPLNG,M3,0,3
VE,2017-05,NATGAS,IMPPIP,M3,0,1
VE,2017-05,NATGAS,INDPROD,M3,2557.3481,1
VE,2017-05,NATGAS,MAINTOT,M3,913.9571,1
VE,2017-05,NATGAS,OSOURCES,M3,0,1
VE,2017-05,NATGAS,STATDIFF,M3,322,1
VE,2017-05,NATGAS,TOTDEMC,M3,0,1
VE,2017-05,NATGAS,TOTDEMO,M3,2235.3481,1
VE,2017-06,LNG,EXPLNG,M3,0,1
VE,2017-06,LNG,IMPLNG,M3,0,1
VE,2017-06,NATGAS,EXPLNG,M3,0,3
VE,2017-06,NATGAS,EXPPIP,M3,0,1
VE,2017-06,NATGAS,IMPLNG,M3,0,3
VE,2017-06,NATGAS,IMPPIP,M3,0,1
VE,2017-06,NATGAS,INDPROD,M3,2405.2127,1
VE,2017-06,NATGAS,MAINTOT,M3,888.9828,1
VE,2017-06,NATGAS,OSOURCES,M3,0,1
VE,2017-06,NATGAS,STATDIFF,M3,138,1
VE,2017-06,NATGAS,TOTDEMC,M3,0,1
VE,2017-06,NATGAS,TOTDEMO,M3,2267.2127,1
VE,2017-07,LNG,EXPLNG,M3,0,1
VE,2017-07,LNG,IMPLNG,M3,0,1
VE,2017-07,NATGAS,EXPLNG,M3,0,3
VE,2017-07,NATGAS,EXPPIP,M3,0,1
VE,2017-07,NATGAS,IMPLNG,M3,0,3
VE,2017-07,NATGAS,IMPPIP,M3,0,1
VE,2017-07,NATGAS,INDPROD,M3,2325.5897,1
VE,2017-07,NATGAS,MAINTOT,M3,847.252,1
VE,2017-07,NATGAS,OSOURCES,M3,0,1
VE,2017-07,NATGAS,STATDIFF,M3,138,1
VE,2017-07,NATGAS,TOTDEMC,M3,0,1
VE,2017-07,NATGAS,TOTDEMO,M3,2187.5897,1
VE,2017-08,LNG,EXPLNG,M3,0,1
VE,2017-08,LNG,IMPLNG,M3,0,1
VE,2017-08,NATGAS,EXPLNG,M3,0,3
VE,2017-08,NATGAS,EXPPIP,M3,0,1
VE,2017-08,NATGAS,IMPLNG,M3,0,3
VE,2017-08,NATGAS,IMPPIP,M3,0,1
VE,2017-08,NATGAS,INDPROD,M3,2228.7499,1
VE,2017-08,NATGAS,MAINTOT,M3,843.1837,1
VE,2017-08,NATGAS,OSOURCES,M3,0,1
VE,2017-08,NATGAS,STATDIFF,M3,7.6735,1
VE,2017-08,NATGAS,TOTDEMC,M3,0,1
VE,2017-08,NATGAS,TOTDEMO,M3,2221.0764,1
VE,2017-09,LNG,EXPLNG,M3,0,1
VE,2017-09,LNG,IMPLNG,M3,0,1
VE,2017-09,NATGAS,EXPLNG,M3,0,3
VE,2017-09,NATGAS,EXPPIP,M3,0,1
VE,2017-09,NATGAS,IMPLNG,M3,0,3
VE,2017-09,NATGAS,IMPPIP,M3,0,1
VE,2017-09,NATGAS,INDPROD,M3,2146.8141,1
VE,2017-09,NATGAS,MAINTOT,M3,732.9769,1
VE,2017-09,NATGAS,OSOURCES,M3,0,1
VE,2017-09,NATGAS,STATDIFF,M3,209.6609,1
VE,2017-09,NATGAS,TOTDEMC,M3,0,1
VE,2017-09,NATGAS,TOTDEMO,M3,1937.1533,1
VE,2017-10,LNG,EXPLNG,M3,0,1
VE,2017-10,LNG,IMPLNG,M3,0,1
VE,2017-10,NATGAS,EXPLNG,M3,0,3
VE,2017-10,NATGAS,EXPPIP,M3,0,1
VE,2017-10,NATGAS,IMPLNG,M3,0,3
VE,2017-10,NATGAS,IMPPIP,M3,0,1
VE,2017-10,NATGAS,INDPROD,M3,2376.8671,1
VE,2017-10,NATGAS,MAINTOT,M3,838.6948,1
VE,2017-10,NATGAS,OSOURCES,M3,0,1
VE,2017-10,NATGAS,STATDIFF,M3,241.7877,1
VE,2017-10,NATGAS,TOTDEMC,M3,0,1
VE,2017-10,NATGAS,TOTDEMO,M3,2135.0794,1
VE,2017-11,LNG,EXPLNG,M3,0,1
VE,2017-11,LNG,IMPLNG,M3,0,1
VE,2017-11,NATGAS,EXPLNG,M3,0,3
VE,2017-11,NATGAS,EXPPIP,M3,0,1
VE,2017-11,NATGAS,IMPLNG,M3,0,3
VE,2017-11,NATGAS,IMPPIP,M3,0,1
VE,2017-11,NATGAS,INDPROD,M3,2290.1374,1
VE,2017-11,NATGAS,MAINTOT,M3,771.8705,1
VE,2017-11,NATGAS,OSOURCES,M3,0,1
VE,2017-11,NATGAS,STATDIFF,M3,312.9974,1
VE,2017-11,NATGAS,TOTDEMC,M3,0,1
VE,2017-11,NATGAS,TOTDEMO,M3,1977.14,1
VE,2017-12,LNG,EXPLNG,M3,0,1
VE,2017-12,LNG,IMPLNG,M3,0,1
VE,2017-12,NATGAS,EXPLNG,M3,0,3
VE,2017-12,NATGAS,EXPPIP,M3,0,1
VE,2017-12,NATGAS,IMPLNG,M3,0,3
VE,2017-12,NATGAS,IMPPIP,M3,0,1
VE,2017-12,NATGAS,INDPROD,M3,2205.4534,1
VE,2017-12,NATGAS,MAINTOT,M3,776.3651,1
VE,2017-12,NATGAS,OSOURCES,M3,0,1
VE,2017-12,NATGAS,STATDIFF,M3,163.2139,1
VE,2017-12,NATGAS,TOTDEMC,M3,0,1
VE,2017-12,NATGAS,TOTDEMO,M3,2042.2395,1
VE,2018-01,LNG,EXPLNG,M3,0,1
VE,2018-01,LNG,IMPLNG,M3,0,1
VE,2018-01,NATGAS,EXPPIP,M3,0,1
VE,2018-01,NATGAS,IMPPIP,M3,0,1
VE,2018-01,NATGAS,INDPROD,M3,2149,1
VE,2018-01,NATGAS,MAINTOT,M3,780,1
VE,2018-01,NATGAS,OSOURCES,M3,0,1
VE,2018-01,NATGAS,STATDIFF,M3,77,1
VE,2018-01,NATGAS,TOTDEMC,M3,0,1
VE,2018-01,NATGAS,TOTDEMO,M3,2072,1
VE,2018-02,LNG,EXPLNG,M3,0,1
VE,2018-02,LNG,IMPLNG,M3,0,1
VE,2018-02,NATGAS,EXPPIP,M3,0,1
VE,2018-02,NATGAS,IMPPIP,M3,0,1
VE,2018-02,NATGAS,INDPROD,M3,1950,1
VE,2018-02,NATGAS,MAINTOT,M3,704,1
VE,2018-02,NATGAS,OSOURCES,M3,0,1
VE,2018-02,NATGAS,STATDIFF,M3,22,1
VE,2018-02,NATGAS,TOTDEMC,M3,0,1
VE,2018-02,NATGAS,TOTDEMO,M3,1928,1
VE,2018-03,LNG,EXPLNG,M3,0,1
VE,2018-03,LNG,IMPLNG,M3,0,1
VE,2018-03,NATGAS,EXPPIP,M3,0,1
VE,2018-03,NATGAS,IMPPIP,M3,0,1
VE,2018-03,NATGAS,INDPROD,M3,2071,1
VE,2018-03,NATGAS,MAINTOT,M3,710,1
VE,2018-03,NATGAS,OSOURCES,M3,0,1
VE,2018-03,NATGAS,STATDIFF,M3,279,1
VE,2018-03,NATGAS,TOTDEMC,M3,0,1
VE,2018-03,NATGAS,TOTDEMO,M3,1792,1
VE,2018-04,LNG,EXPLNG,M3,0,1
VE,2018-04,LNG,IMPLNG,M3,0,1
VE,2018-04,NATGAS,EXPPIP,M3,0,1
VE,2018-04,NATGAS,IMPPIP,M3,0,1
VE,2018-04,NATGAS,INDPROD,M3,1958,1
VE,2018-04,NATGAS,MAINTOT,M3,677,3
VE,2018-04,NATGAS,OSOURCES,M3,0,1
VE,2018-04,NATGAS,STATDIFF,M3,390,3
VE,2018-04,NATGAS,TOTDEMC,M3,0,1
VE,2018-04,NATGAS,TOTDEMO,M3,1568,3
VE,2018-05,NATGAS,EXPLNG,M3,0,3
VE,2018-05,NATGAS,EXPPIP,M3,0,3
VE,2018-05,NATGAS,IMPLNG,M3,0,3
VE,2018-05,NATGAS,IMPPIP,M3,0,3
VE,2018-05,NATGAS,INDPROD,M3,2167,3
VE,2018-05,NATGAS,MAINTOT,M3,716,3
VE,2018-05,NATGAS,STATDIFF,M3,507,3
VE,2018-05,NATGAS,TOTDEMC,M3,0,3
VE,2018-05,NATGAS,TOTDEMO,M3,1660,3
VE,2018-06,NATGAS,EXPLNG,M3,0,3
VE,2018-06,NATGAS,EXPPIP,M3,0,3
VE,2018-06,NATGAS,IMPLNG,M3,0,3
VE,2018-06,NATGAS,IMPPIP,M3,0,3
VE,2018-06,NATGAS,INDPROD,M3,2065,3
VE,2018-06,NATGAS,MAINTOT,M3,677,3
VE,2018-06,NATGAS,STATDIFF,M3,401,3
VE,2018-06,NATGAS,TOTDEMC,M3,0,3
VE,2018-06,NATGAS,TOTDEMO,M3,1664,3
