fuel_type,unit,n,mean_MW,n_blank
太陽能,七美,13392,0.0,0
太陽能,七股,13392,0.3,0
太陽能,中大,13392,0.0,0
太陽能,中火,13392,0.3,0
太陽能,中科ES,13392,0.0,0
太陽能,中部儲運,13392,0.0,0
太陽能,北儲,13392,0.1,0
太陽能,卓蘭,13392,0.0,0
太陽能,台中龍井,13392,0.8,0
太陽能,台南鹽田,13392,25.7,0
太陽能,后里,13392,0.0,0
太陽能,大潭,13392,0.0,0
太陽能,大潭生水池,13392,0.1,0
太陽能,尖山,13392,0.0,0
太陽能,彰林ES,13392,0.0,0
太陽能,彰濱,13392,15.7,0
太陽能,新伯公,13392,0.0,0
太陽能,核三廠,13392,0.2,0
太陽能,民雄,13392,0.0,0
太陽能,永安鹽灘,13392,0.2,0
太陽能,燕巢倉庫,13392,0.1,0
太陽能,竹工ES,13392,0.0,0
太陽能,興達,13392,0.1,0
太陽能,路北,13392,0.0,0
太陽能,金門,13392,0.0,0
太陽能,高雄ES,13392,0.1,0
太陽能,龍潭ES,13392,0.0,0
抽蓄發電,大觀二#1,13392,48.4,0
抽蓄發電,大觀二#2,13392,26.1,0
抽蓄發電,大觀二#3,13392,20.0,0
抽蓄發電,大觀二#4,13392,34.1,0
抽蓄發電,明潭#1,13391,40.1,0
抽蓄發電,明潭#2,13392,30.2,0
抽蓄發電,明潭#3,13392,50.9,0
抽蓄發電,明潭#4,13392,52.4,0
抽蓄發電,明潭#5,13392,5.2,0
抽蓄發電,明潭#6,13392,19.9,0
抽蓄電,明潭#1,1,175.6,0
核能,核三#1,13392,0.0,0
核能,核三#2,13392,0.0,0
水力,中部小水力,13392,4.3,0
水力,北部小水力,13392,13.4,0
水力,卓蘭#1,13392,16.9,0
水力,卓蘭#2,13392,7.5,0
水力,南部小水,1,3.4,0
水力,南部小水力,13391,3.1,0
水力,大觀一#1,13392,6.6,0
水力,大觀一#2,13392,0.0,0
水力,大觀一#3,13392,6.3,0
水力,大觀一#4,13392,6.7,0
水力,大觀一#5,13392,5.9,0
水力,天輪#1,13392,11.5,0
水力,天輪#2,13392,0.0,0
水力,天輪#3,13392,10.7,0
水力,天輪#4,13392,2.2,0
水力,天輪#5,13392,2.4,0
水力,德基#1,13392,5.5,0
水力,德基#2,13392,4.0,0
水力,德基#3,13392,6.9,0
水力,東部小水力,13392,23.2,0
水力,松林#1+2,13392,0.6,0
水力,水里#1,13392,0.1,0
水力,烏來+桂山+粗坑,13392,15.6,0
水力,碧海,13392,10.8,0
水力,立霧#1+#2,13392,0.0,0
水力,萬大#1,13392,2.6,0
水力,萬大#2,13392,3.6,0
水力,萬大#3,13392,0.3,0
水力,萬大#4,13392,2.1,0
水力,谷關#1,13392,4.5,0
水力,谷關#2,13392,6.4,0
水力,谷關#3,13392,4.9,0
水力,谷關#4,13392,5.4,0
水力,鉅工#1,13392,3.4,0
水力,鉅工#2,13392,5.6,0
水力,青山#1,13392,6.5,0
水力,青山#2,13392,6.7,0
水力,青山#3,13392,7.2,0
水力,青山#4,13392,6.7,0
水力,馬鞍#1,13392,14.9,0
水力,馬鞍#2,13392,4.6,0
水力,龍澗#1,13392,3.2,0
水力,龍澗#2,13392,5.8,0
汽電共生,汽電共生,13392,1138.1,0
燃氣,南部CC#1,13392,124.2,0
燃氣,南部CC#2,13392,290.8,0
燃氣,南部CC#3,13392,258.7,0
燃氣,南部CC#4,13392,231.5,0
燃氣,大林#5,13392,0.0,0
燃氣,大林#6,13392,167.0,0
燃氣,大潭CC#1,13392,533.1,0
燃氣,大潭CC#2,13392,511.8,0
燃氣,大潭CC#3,13392,540.5,0
燃氣,大潭CC#4,13392,567.7,0
燃氣,大潭CC#5,13392,535.0,0
燃氣,大潭CC#6,13392,608.5,0
燃氣,大潭CC#7,13392,674.3,0
燃氣,興達CC#1,13392,275.9,0
燃氣,興達CC#2,13392,275.6,0
燃氣,興達CC#3,13392,298.6,0
燃氣,興達CC#4,13392,69.8,0
燃氣,興達CC#5,13392,346.6,0
燃氣,通霄CC#1,13392,558.2,0
燃氣,通霄CC#2,13392,845.5,0
燃氣,通霄CC#3,13392,556.4,0
燃氣,通霄CC#4,13392,0.0,0
燃氣,通霄CC#5,13392,0.0,0
燃氣,通霄CC#6,13392,281.8,0
燃氣,通霄GT#9,13392,8.0,0
燃油,協和#3,13392,142.3,0
燃油,協和#4,13392,129.2,0
燃煤,台#7,1,0.0,0
燃煤,台中#1,13392,337.0,0
燃煤,台中#10,13392,259.3,0
燃煤,台中#2,13392,275.0,0
燃煤,台中#3,13392,317.4,0
燃煤,台中#4,13392,314.4,0
燃煤,台中#5,13392,241.1,0
燃煤,台中#6,13392,100.5,0
燃煤,台中#7,13391,260.7,0
燃煤,台中#8,13392,272.1,0
燃煤,台中#9,13392,323.6,0
燃煤,大林#1,13392,604.4,0
燃煤,大林#2,13392,728.9,0
燃煤,林口#1,13392,678.1,0
燃煤,林口#2,13392,760.1,0
燃煤,林口#3,13392,755.2,0
燃煤,興達#1,13392,0.0,0
燃煤,興達#2,13392,0.0,0
燃煤,興達#3,13392,3.9,0
燃煤,興達#4,13392,3.8,0
輕油,台中Gas1+2,13392,0.0,0
輕油,台中Gas3+4,13392,0.0,0
輕油,核一Gas1,13392,0.0,0
輕油,核一Gas2,13392,0.0,0
輕油,核三Gas1,13392,0.0,0
輕油,核三Gas2,13392,0.0,0
輕油,核二Gas1,13392,0.1,0
輕油,核二Gas2,13392,0.1,0
風力,中港,13392,5.2,0
風力,中火,13392,13.1,0
風力,四湖,13392,4.9,0
風力,大潭,13392,0.0,0
風力,彰工,13392,16.5,0
風力,恆春,13392,0.6,0
風力,林口,13392,1.6,0
風力,澎湖中屯,13392,0.0,0
風力,澎湖湖西,13392,0.9,0
風力,王功,13392,5.6,0
風力,石門,13392,0.1,0
風力,蘆竹,13392,1.8,0
風力,觀園,13392,9.3,0
風力,金門金沙,13392,0.4,0
風力,離岸一期,13392,31.4,0
風力,雲麥,13392,6.3,0
風力,香山,13392,1.8,0
