time,Hidráulica,Renovable,Importación,Térmica,Exportación,PRODUCCIÓN TOTAL,DEMANDA NACIONAL
2026-09-26 00:00:00,3207.81,27.65,0.0,1089.15,0.0,4324.610000000001,4324.610000000001
2026-09-26 00:30:00,3066.86,26.87,22.33,1084.72,0.0,4200.78,4200.78
2026-09-26 01:00:00,2977.44,24.16,9.37,1071.45,0.0,4082.42,4082.42
2026-09-26 01:30:00,2877.05,24.97,0.0,1080.93,14.64,3997.5899999999997,3982.95
2026-09-26 02:00:00,2824.44,25.61,0.0,1087.03,0.0,3937.08,3937.08
2026-09-26 02:30:00,2718.19,22.63,0.0,1098.39,7.84,3847.05,3839.21
2026-09-26 03:00:00,2645.42,14.65,0.0,1097.0,20.16,3777.23,3757.07
2026-09-26 03:30:00,2612.27,20.36,0.0,1092.72,0.0,3725.3500000000004,3725.3500000000004
2026-09-26 04:00:00,2598.89,22.41,9.12,1082.8,0.0,3713.2199999999993,3713.2199999999993
2026-09-26 04:30:00,2562.13,22.01,2.2,1077.03,0.0,3663.37,3663.37
2026-09-26 05:00:00,2530.02,23.34,22.01,1099.58,0.0,3674.9500000000003,3674.9500000000003
2026-09-26 05:30:00,2576.47,27.39,0.0,1083.07,0.0,3686.9299999999994,3686.9299999999994
2026-09-26 06:00:00,2463.54,29.28,8.76,1084.25,0.0,3585.8300000000004,3585.8300000000004
2026-09-26 06:30:00,2323.52,26.64,0.0,1031.59,0.0,3381.75,3381.75
2026-09-26 07:00:00,2345.89,22.25,0.0,1031.91,2.61,3402.6600000000003,3400.05
2026-09-26 07:30:00,2488.4,23.7,3.02,1015.75,0.0,3530.87,3530.87
2026-09-26 08:00:00,2638.46,25.42,0.0,1022.49,7.79,3694.16,3686.37
2026-09-26 08:30:00,2823.85,21.92,0.0,1011.22,0.0,3856.99,3856.99
2026-09-26 09:00:00,2988.11,35.32,4.14,988.31,0.0,4015.88,4015.88
2026-09-26 09:30:00,3105.29,39.18,9.69,998.45,0.0,4152.61,4152.61
2026-09-26 10:00:00,3204.43,46.73,17.48,997.95,0.0,4266.59,4266.59
2026-09-26 10:30:00,3293.59,57.25,14.47,1009.23,0.0,4374.54,4374.54
2026-09-26 11:00:00,3372.4500000000003,79.72,0.0,1014.05,5.43,4471.650000000001,4466.22
2026-09-26 11:30:00,3390.19,83.54,0.0,1029.71,0.0,4503.4400000000005,4503.4400000000005
2026-09-26 12:00:00,3411.33,86.06,5.98,1030.88,0.0,4534.25,4534.25
2026-09-26 12:30:00,3407.91,87.38,31.69,1032.24,0.0,4559.22,4559.22
2026-09-26 13:00:00,3456.12,88.2,0.0,1023.18,17.86,4585.36,4567.5
2026-09-26 13:30:00,3476.77,85.29,0.0,1026.91,0.0,4588.97,4588.97
2026-09-26 14:00:00,3523.14,81.51,0.0,1016.25,10.96,4631.86,4620.9
2026-09-26 14:30:00,3521.4100000000003,86.31,0.0,1008.65,18.7,4635.07,4616.37
2026-09-26 15:00:00,3469.6,83.3,0.0,1032.89,2.06,4587.85,4585.79
2026-09-26 15:30:00,3489.1600000000003,75.19,0.0,1039.52,12.22,4616.090000000001,4603.870000000001
2026-09-26 16:00:00,3410.0600000000004,84.25,0.0,1065.55,11.97,4571.830000000001,4559.860000000001
2026-09-26 16:30:00,3326.5,85.02,0.0,1073.85,12.73,4498.099999999999,4485.37
2026-09-26 17:00:00,3314.27,72.95,15.69,1062.45,0.0,4465.36,4465.36
2026-09-26 17:30:00,3287.7,56.65,0.0,1086.42,5.5,4436.27,4430.77
2026-09-26 18:00:00,3353.25,52.16,0.0,1091.97,11.86,4509.24,4497.38
2026-09-26 18:30:00,3738.0,42.59,23.4,1107.72,0.0,4911.71,4911.71
2026-09-26 19:00:00,3780.22,39.98,19.14,1107.53,0.0,4946.87,4946.87
2026-09-26 19:30:00,3799.06,40.03,0.0,1095.05,4.75,4938.89,4934.14
2026-09-26 20:00:00,3754.51,36.45,3.75,1104.86,0.0,4899.57,4899.57
2026-09-26 20:30:00,3721.25,34.69,0.0,1103.51,0.0,4859.45,4859.45
2026-09-26 21:00:00,3799.38,29.71,0.0,943.66,12.79,4785.54,4772.75
2026-09-26 21:30:00,3757.2599999999998,26.77,0.0,918.29,4.51,4706.83,4702.32
2026-09-26 22:00:00,3663.54,26.08,7.39,919.18,0.0,4616.19,4616.19
2026-09-26 22:30:00,3597.73,26.01,3.73,920.54,0.0,4548.01,4548.01
2026-09-26 23:00:00,3468.53,26.56,0.0,920.24,0.0,4415.33,4415.33
2026-09-26 23:30:00,3379.01,30.44,0.0,919.95,0.0,4329.400000000001,4329.400000000001
