country,plant,operator,sector,products,capacity,capacity_unit,basis_value,basis_unit,status,status_as_of,city,region,lat,lon,coords,gas_stated_mcm_d,gas_stated_basis,notes,sources
Trinidad and Tobago,Yara Trinidad Ltd (Hydro Agri),Yara International,Ammonia/urea,Ammonia,285,kt/yr ammonia,285,kt/yr,closed,2019-11,Point Lisas,Couva-Tabaquite-Talparo,10.4,-61.48,approx (estate),,,Oldest plant (1959). Closed by Yara in Nov-2019.,https://www.energy.gov.tt/our-business/lng-petrochemicals/petrochemicals/ammonia/ ; https://www.worldfertilizer.com/project-news/14112019/yara-closes-ammonia-plant-in-trinidad/
Trinidad and Tobago,Tringen I,"Trinidad Nitrogen Co (Government 51%, Yara 49%)",Ammonia/urea,Ammonia,500,kt/yr ammonia,500,kt/yr,operating,2026-07,Point Lisas,Couva-Tabaquite-Talparo,10.4,-61.48,approx (estate),,,"Yara/Tringen signed a short-term 2026 gas contract and kept operating (ICIS, Jul-2026).",https://www.energy.gov.tt/our-business/lng-petrochemicals/petrochemicals/ammonia/ ; https://pubs.usgs.gov/myb/vol3/2019/myb3-2019-caribbean.xlsx ; https://www.icis.com/explore/resources/news/2026/07/02/11222099/insight-trinidad-s-idled-methanol-units-may-restart-with-new-gas-fields/
Trinidad and Tobago,Tringen II,"Trinidad Nitrogen Co (Government 51%, Yara 49%)",Ammonia/urea,Ammonia,495,kt/yr ammonia,495,kt/yr,operating,2026-07,Point Lisas,Couva-Tabaquite-Talparo,10.4,-61.48,approx (estate),,,As Tringen I.,https://www.energy.gov.tt/our-business/lng-petrochemicals/petrochemicals/ammonia/ ; https://pubs.usgs.gov/myb/vol3/2019/myb3-2019-caribbean.xlsx ; https://www.icis.com/explore/resources/news/2026/07/02/11222099/insight-trinidad-s-idled-methanol-units-may-restart-with-new-gas-fields/
Trinidad and Tobago,Nutrien (PCS) 01,Nutrien,Ammonia/urea,Ammonia,445,kt/yr ammonia,445,kt/yr,idle,2025-10,Point Lisas,Couva-Tabaquite-Talparo,10.4,-61.48,approx (estate),,,Nutrien put all its Trinidad nitrogen operations into controlled shutdown from 23-Oct-2025 (port access and gas supply).,https://www.energy.gov.tt/our-business/lng-petrochemicals/petrochemicals/ammonia/ ; https://www.worldfertilizer.com/nitrogen/22102025/nutrien-commences-shut-down-of-trinidad-nitrogen-operations/
Trinidad and Tobago,Nutrien (PCS) 02,Nutrien,Ammonia/urea,Ammonia,445,kt/yr ammonia,445,kt/yr,idle,2025-10,Point Lisas,Couva-Tabaquite-Talparo,10.4,-61.48,approx (estate),,,As Nutrien 01.,https://www.energy.gov.tt/our-business/lng-petrochemicals/petrochemicals/ammonia/ ; https://www.worldfertilizer.com/nitrogen/22102025/nutrien-commences-shut-down-of-trinidad-nitrogen-operations/
Trinidad and Tobago,Nutrien (PCS) 03,Nutrien,Ammonia/urea,Ammonia,250,kt/yr ammonia,250,kt/yr,idle,2025-10,Point Lisas,Couva-Tabaquite-Talparo,10.4,-61.48,approx (estate),,,As Nutrien 01.,https://www.energy.gov.tt/our-business/lng-petrochemicals/petrochemicals/ammonia/ ; https://www.worldfertilizer.com/nitrogen/22102025/nutrien-commences-shut-down-of-trinidad-nitrogen-operations/
Trinidad and Tobago,Nutrien (PCS) 04,Nutrien,Ammonia/urea,"Ammonia, urea (2,023 t/d), UAN",650,kt/yr ammonia,650,kt/yr,idle,2025-10,Point Lisas,Couva-Tabaquite-Talparo,10.4,-61.48,approx (estate),,,As Nutrien 01.,https://www.energy.gov.tt/our-business/lng-petrochemicals/petrochemicals/ammonia/ ; https://www.worldfertilizer.com/nitrogen/22102025/nutrien-commences-shut-down-of-trinidad-nitrogen-operations/
Trinidad and Tobago,Point Lisas Nitrogen Ltd (PLNL),Koch Fertilizer / CF Industries (50/50 per USGS 2019),Ammonia/urea,Ammonia,650,kt/yr ammonia,650,kt/yr,operating,2026-07,Point Lisas,Couva-Tabaquite-Talparo,10.4,-61.48,approx (estate),,,"PLNL signed a short-term 2026 gas contract (ICIS, Jul-2026). Ownership as listed by USGS (2019).",https://www.energy.gov.tt/our-business/lng-petrochemicals/petrochemicals/ammonia/ ; https://pubs.usgs.gov/myb/vol3/2019/myb3-2019-caribbean.xlsx ; https://www.icis.com/explore/resources/news/2026/07/02/11222099/insight-trinidad-s-idled-methanol-units-may-restart-with-new-gas-fields/
Trinidad and Tobago,Caribbean Nitrogen Co (CNC),Proman / Koch / MAN Ferrostaal / EOG consortium,Ammonia/urea,Ammonia,650,kt/yr ammonia,650,kt/yr,operating,2026-07,Point Lisas,Couva-Tabaquite-Talparo,10.4,-61.48,approx (estate),,,"MEEI lists 647,500 t (text) and 650,000 t (table).",https://www.energy.gov.tt/our-business/lng-petrochemicals/petrochemicals/ammonia/ ; https://pubs.usgs.gov/myb/vol3/2019/myb3-2019-caribbean.xlsx ; https://www.icis.com/explore/resources/news/2026/07/02/11222099/insight-trinidad-s-idled-methanol-units-may-restart-with-new-gas-fields/
Trinidad and Tobago,Nitrogen 2000 (N2000),Proman / Koch / MAN Ferrostaal / EOG consortium,Ammonia/urea,Ammonia,650,kt/yr ammonia,650,kt/yr,operating,2026-07,Point Lisas,Couva-Tabaquite-Talparo,10.4,-61.48,approx (estate),,,,https://www.energy.gov.tt/our-business/lng-petrochemicals/petrochemicals/ammonia/ ; https://pubs.usgs.gov/myb/vol3/2019/myb3-2019-caribbean.xlsx ; https://www.icis.com/explore/resources/news/2026/07/02/11222099/insight-trinidad-s-idled-methanol-units-may-restart-with-new-gas-fields/
Trinidad and Tobago,AUM complex - ammonia (MHTL),Methanol Holdings (Trinidad) Ltd (Proman),Ammonia/urea,"Ammonia, urea, UAN, melamine",650,kt/yr ammonia,650,kt/yr,operating,2026-07,Point Lisas,Couva-Tabaquite-Talparo,10.4,-61.48,approx (estate),,,"Ammonia-urea-UAN-melamine complex; urea plant 2,100 t/d (MEEI). Gas counted once, on ammonia.",https://www.energy.gov.tt/our-business/lng-petrochemicals/petrochemicals/ammonia/ ; https://www.energy.gov.tt/our-business/lng-petrochemicals/petrochemicals/urea/ ; https://pubs.usgs.gov/myb/vol3/2019/myb3-2019-caribbean.xlsx ; https://www.icis.com/explore/resources/news/2026/07/02/11222099/insight-trinidad-s-idled-methanol-units-may-restart-with-new-gas-fields/
Trinidad and Tobago,TTMC I (M1),Methanol Holdings (Trinidad) Ltd (Proman),Methanol,Methanol,480,kt/yr methanol,480,kt/yr,idle,2016,Point Lisas,Couva-Tabaquite-Talparo,10.4,-61.48,approx (estate),,,"Idle since 2016; no longer in production tables (search summary of ICIS, Jul-2026 - unverified).",https://www.energy.gov.tt/our-business/lng-petrochemicals/petrochemicals/methanol/ ; https://www.icis.com/explore/resources/news/2026/07/02/11222099/insight-trinidad-s-idled-methanol-units-may-restart-with-new-gas-fields/
Trinidad and Tobago,"Caribbean Methanol Co (CMC, M2)",Methanol Holdings (Trinidad) Ltd (Proman),Methanol,Methanol,550,kt/yr methanol,550,kt/yr,operating,2026-07,Point Lisas,Couva-Tabaquite-Talparo,10.4,-61.48,approx (estate),,,Proman signed short-term 2026 gas contracts (ICIS); individual unit status not confirmed.,https://www.energy.gov.tt/our-business/lng-petrochemicals/petrochemicals/methanol/ ; https://pubs.usgs.gov/myb/vol3/2019/myb3-2019-caribbean.xlsx ; https://www.icis.com/explore/resources/news/2026/07/02/11222099/insight-trinidad-s-idled-methanol-units-may-restart-with-new-gas-fields/
Trinidad and Tobago,TTMC II (M3),Methanol Holdings (Trinidad) Ltd (Proman),Methanol,Methanol,570,kt/yr methanol,570,kt/yr,operating,2026-07,Point Lisas,Couva-Tabaquite-Talparo,10.4,-61.48,approx (estate),,,As CMC.,https://www.energy.gov.tt/our-business/lng-petrochemicals/petrochemicals/methanol/ ; https://www.icis.com/explore/resources/news/2026/07/02/11222099/insight-trinidad-s-idled-methanol-units-may-restart-with-new-gas-fields/
Trinidad and Tobago,Methanol IV (M4),Methanol Holdings (Trinidad) Ltd (Proman),Methanol,Methanol,580,kt/yr methanol,580,kt/yr,operating,2026-07,Point Lisas,Couva-Tabaquite-Talparo,10.4,-61.48,approx (estate),,,As CMC.,https://www.energy.gov.tt/our-business/lng-petrochemicals/petrochemicals/methanol/ ; https://pubs.usgs.gov/myb/vol3/2019/myb3-2019-caribbean.xlsx ; https://www.icis.com/explore/resources/news/2026/07/02/11222099/insight-trinidad-s-idled-methanol-units-may-restart-with-new-gas-fields/
Trinidad and Tobago,M5000 (M5),Methanol Holdings (Trinidad) Ltd (Proman),Methanol,Methanol,1890,kt/yr methanol,1890,kt/yr,operating,2026-07,Point Lisas,Couva-Tabaquite-Talparo,10.4,-61.48,approx (estate),,,As CMC.,https://www.energy.gov.tt/our-business/lng-petrochemicals/petrochemicals/methanol/ ; https://pubs.usgs.gov/myb/vol3/2019/myb3-2019-caribbean.xlsx ; https://www.icis.com/explore/resources/news/2026/07/02/11222099/insight-trinidad-s-idled-methanol-units-may-restart-with-new-gas-fields/
Trinidad and Tobago,Titan,Methanex,Methanol,Methanol,850,kt/yr methanol,850,kt/yr,idle,2026-06,Point Lisas,Couva-Tabaquite-Talparo,10.4,-61.48,approx (estate),,,Methanex idled Titan indefinitely on 29-Jun-2026 after failing to agree a new NGC gas contract. Methanex quotes ~860-875 kt/yr.,https://www.energy.gov.tt/our-business/lng-petrochemicals/petrochemicals/methanol/ ; https://www.nasdaq.com/press-release/methanex-provides-update-trinidad-and-tobago-operations-2026-06-29
Trinidad and Tobago,Atlas,"Methanex 63.1%, bp 36.9%",Methanol,Methanol,1825,kt/yr methanol,1825,kt/yr,idle,2024-09,Point Lisas,Couva-Tabaquite-Talparo,10.4,-61.48,approx (estate),,,"Idled Sep-2024 when its 20-year gas contract expired. USGS (2019) lists 1,700 kt/yr.",https://www.energy.gov.tt/our-business/lng-petrochemicals/petrochemicals/methanol/ ; https://pubs.usgs.gov/myb/vol3/2019/myb3-2019-caribbean.xlsx ; https://www.nasdaq.com/press-release/methanex-provides-update-trinidad-and-tobago-operations-2026-06-29
Trinidad and Tobago,Caribbean Gas Chemical Ltd (CGCL) methanol + DME,CGCL (Mitsubishi Gas Chemical-led consortium),Methanol,"Methanol, DME (20 kt/yr)",1000,kt/yr methanol,1000,kt/yr,operating (unverified),2020,La Brea,Siparia,10.24,-61.62,approx (town),,,Start-up 2020 (MEEI). Current status not confirmed.,https://www.energy.gov.tt/our-business/lng-petrochemicals/petrochemicals/methanol/
Trinidad and Tobago,Atlantic LNG Train 1,"Atlantic LNG (bp, Shell, NGC; restructured 2025)",LNG liquefaction,LNG,3.0,Mt/yr LNG,3000,kt/yr,idle,2020-12,Point Fortin,Point Fortin,10.185,-61.69,approx (site),,,Train 1 mothballed since Dec-2020 for lack of feed gas. Atlantic quotes ~15 Mt/yr for all four trains.,https://pubs.usgs.gov/myb/vol3/2019/myb3-2019-caribbean.xlsx ; https://www.atlanticlng.com/ ; https://argusmedia.com/en/news-and-insights/latest-market-news/1901602-atlantic-lng-close-to-mothballing-20pc-of-capacity
Trinidad and Tobago,Atlantic LNG Train 2,"Atlantic LNG (bp, Shell, NGC)",LNG liquefaction,LNG,3.3,Mt/yr LNG,3300,kt/yr,operating,2026,Point Fortin,Point Fortin,10.185,-61.69,approx (site),,,USGS lists Trains 2 and 3 together (6.6 Mt/yr); split equally here.,https://pubs.usgs.gov/myb/vol3/2019/myb3-2019-caribbean.xlsx ; https://www.atlanticlng.com/
Trinidad and Tobago,Atlantic LNG Train 3,"Atlantic LNG (bp, Shell)",LNG liquefaction,LNG,3.3,Mt/yr LNG,3300,kt/yr,operating,2026,Point Fortin,Point Fortin,10.185,-61.69,approx (site),,,Emergency repair shutdown in Feb-2026 (PGJ).,https://pubs.usgs.gov/myb/vol3/2019/myb3-2019-caribbean.xlsx ; https://www.atlanticlng.com/ ; https://pgjonline.com/news/2026/february/atlantic-lng-shuts-3-mmtpy-train-3-for-emergency-repairs-in-trinidad
Trinidad and Tobago,Atlantic LNG Train 4,"Atlantic LNG (bp, Shell, NGC)",LNG liquefaction,LNG,5.2,Mt/yr LNG,5200,kt/yr,operating,2026,Point Fortin,Point Fortin,10.185,-61.69,approx (site),,,,https://pubs.usgs.gov/myb/vol3/2019/myb3-2019-caribbean.xlsx ; https://www.atlanticlng.com/
Trinidad and Tobago,Nu-Iron Unlimited DRI plant,Nucor,Steel DRI,Direct reduced iron (Midrex),2000,kt/yr DRI,2000,kt/yr,operating,2025,Point Lisas,Couva-Tabaquite-Talparo,10.399138,-61.486326,GEM wiki (plant),,,Nucor quotes 2 million (short) tons/yr; ~70% utilisation of its raw-materials segment in 2025.,https://www.gem.wiki/Nu-Iron_Unlimited_Point_Lisas_DRI_plant ; https://www.sec.gov/Archives/edgar/data/73309/000119312526071575/nue-20251231.htm
Trinidad and Tobago,Point Lisas steel plant (ex-ArcelorMittal Point Lisas),TT Iron Steel Co (ex-ArcelorMittal),Steel DRI,"DRI (3 Midrex modules), EAF steel",2200,kt/yr DRI,2200,kt/yr,idle,2016-03,Point Lisas,Couva-Tabaquite-Talparo,10.403605,-61.482939,GEM wiki (plant),,,"Shut Mar-2016; sold to TT Iron & Steel, restart (and later hydrogen conversion) announced but not confirmed.",https://www.gem.wiki/ArcelorMittal_Point_Lisas_steel_plant
Trinidad and Tobago,Trinidad Cement Ltd (TCL) Claxton Bay,Trinidad Cement Ltd (CEMEX 69.8%),Cement,Cement,2500,kt/yr cement,2500,kt/yr,operating,2026,Claxton Bay,Couva-Tabaquite-Talparo,10.345,-61.46,approx (town),,,Gas-fired: MEEI gas utilisation reports a 'Cement Manufacture' sector (~10 MMscf/d in 2026).,https://pubs.usgs.gov/myb/vol3/2019/myb3-2019-caribbean.xlsx ; https://www.energy.gov.tt/
Venezuela,Orinoco Iron (Briquetera del Orinoco) HBI,Briquetera del Orinoco C.A. (state),Steel DRI,Hot-briquetted iron,2200,kt/yr HBI,2200,kt/yr,operating (low utilisation),2022,Ciudad Guayana (Matanzas),Bolivar,8.274965,-62.819282,GEM wiki (plant),,,Finmet process; low utilisation (GEM).,https://pubs.usgs.gov/myb/vol3/2022/myb3-2022-venezuela.xlsx ; https://www.gem.wiki/CVG_Briquetera_del_Orinoco
Venezuela,Comsigua HBI plant,Complejo Siderurgico de Guayana (CVG),Steel DRI,Hot-briquetted iron,1000,kt/yr HBI,1000,kt/yr,operating (low utilisation),2022,Ciudad Guayana (Matanzas),Bolivar,8.297662,-62.780149,GEM wiki (plant),,,Midrex; barely operating per GEM.,https://pubs.usgs.gov/myb/vol3/2022/myb3-2022-venezuela.xlsx ; https://www.gem.wiki/CVG_Comsigua_DRI_plant
Venezuela,Venprecar / Briqcar HBI plant,Briquetera del Caroni (CVG),Steel DRI,Hot-briquetted iron,870,kt/yr HBI,870,kt/yr,operating (low utilisation),2022,Ciudad Guayana (Matanzas),Bolivar,8.290142,-62.805419,GEM wiki (plant),,,GEM lists 820 kt/yr; USGS 2022 lists 870 kt/yr.,https://pubs.usgs.gov/myb/vol3/2022/myb3-2022-venezuela.xlsx ; https://www.gem.wiki/CVG_Briquetera_del_Caron%C3%AD_DRI_plant
Venezuela,Briqven HBI plant,Briquetera de Venezuela (CVG),Steel DRI,Hot-briquetted iron,440,kt/yr HBI,440,kt/yr,operating (low utilisation),2022,Ciudad Guayana (Matanzas),Bolivar,8.28,-62.8,approx (Matanzas),,,,https://pubs.usgs.gov/myb/vol3/2022/myb3-2022-venezuela.xlsx
Venezuela,Ferrominera Orinoco HBI plant,CVG Ferrominera Orinoco,Steel DRI,Hot-briquetted iron,1000,kt/yr HBI,1000,kt/yr,operating (low utilisation),2022,Ciudad Guayana (Matanzas),Bolivar,8.28,-62.8,approx (Matanzas),,,"USGS 2022 row 'hot-briquetted iron plant, Puerto Ordaz' under CVG Ferrominera; plant identity not confirmed.",https://pubs.usgs.gov/myb/vol3/2022/myb3-2022-venezuela.xlsx
Venezuela,SIDOR Ciudad Guayana,Siderurgica del Orinoco Alfredo Maneiro (CVG),Steel DRI,"DRI (Midrex/HyL), EAF steel, pellets",4300,kt/yr crude steel,,,operating (low utilisation),2022,Ciudad Guayana (Matanzas),Bolivar,8.27,-62.83,approx (Matanzas),,,"DRI-EAF works; USGS gives steel (4,300) and pellet (4,250) capacity but not DRI capacity, so no gas estimate. GEM reported ~3% utilisation in 2021.",https://pubs.usgs.gov/myb/vol3/2022/myb3-2022-venezuela.xlsx ; https://gem.wiki/Sidor_Ciudad_Guayana_steel_plant
Venezuela,Bauxilum alumina refinery,CVG Bauxilum,Alumina,Alumina,2000,kt/yr alumina,,,"operating (low utilisation, unverified)",2022,Puerto Ordaz,Bolivar,8.3,-62.75,approx (city),,,"Fuel not confirmed, so no gas estimate.",https://pubs.usgs.gov/myb/vol3/2022/myb3-2022-venezuela.xlsx
Venezuela,Jose Antonio Anzoategui complex (FertiNitro),Pequiven (state),Ammonia/urea,"Ammonia, urea",1200,kt/yr ammonia,1200,kt/yr,operating (low utilisation),2022,Jose,Anzoategui,10.1,-64.85,approx (complex),,,"FertiNitro: two ammonia trains (3,600 t/d) and two urea trains (4,400 t/d) per press reports. Urea exports to Brazil in 2025-26. USGS 2022 'Nitrogen, ammonia' capacity. BCInsight (Jan-2026) cites 2.4 Mt/yr ammonia and 3.0 Mt/yr urea across the three complexes.",https://pubs.usgs.gov/myb/vol3/2022/myb3-2022-venezuela.xlsx ; https://www.bcinsight.crugroup.com/2026/01/16/us-intervention-spotlights-venezuela-fertilizer-assets/
Venezuela,Ana Maria Campos complex (El Tablazo),Pequiven (state),Ammonia/urea,"Ammonia, urea",300,kt/yr ammonia,300,kt/yr,operating (low utilisation),2022,Los Puertos de Altagracia,Zulia,10.75,-71.53,approx (complex),,,"USGS 2022 'Nitrogen, ammonia' capacity. BCInsight (Jan-2026) cites 2.4 Mt/yr ammonia and 3.0 Mt/yr urea across the three complexes.",https://pubs.usgs.gov/myb/vol3/2022/myb3-2022-venezuela.xlsx ; https://www.bcinsight.crugroup.com/2026/01/16/us-intervention-spotlights-venezuela-fertilizer-assets/
Venezuela,Moron complex,Pequiven (state),Ammonia/urea,"Ammonia, urea",200,kt/yr ammonia,200,kt/yr,operating (low utilisation),2022,Moron,Carabobo,10.48,-68.2,approx (complex),,,"USGS 2022 'Nitrogen, ammonia' capacity. BCInsight (Jan-2026) cites 2.4 Mt/yr ammonia and 3.0 Mt/yr urea across the three complexes.",https://pubs.usgs.gov/myb/vol3/2022/myb3-2022-venezuela.xlsx ; https://www.bcinsight.crugroup.com/2026/01/16/us-intervention-spotlights-venezuela-fertilizer-assets/
Venezuela,Metor methanol,"Metor (Pequiven 37.5%, Mitsubishi / MGC 47.5%)",Methanol,Methanol,1600,kt/yr methanol,1600,kt/yr,operating (unverified),2020,Jose,Anzoategui,10.1,-64.86,approx (complex),,,,https://www.argusmedia.com/en/news/2139932-eni-pequiven-restart-venezuelan-methanol-plant
Venezuela,Supermetanol,"Supermetanol (Pequiven 50%, Eni 50%)",Methanol,Methanol,800,kt/yr methanol,800,kt/yr,operating (unverified),2020,Jose,Anzoategui,10.1,-64.86,approx (complex),,,Restarted Sep-2020 after a 2019-20 outage (Argus).,https://www.argusmedia.com/en/news/2139932-eni-pequiven-restart-venezuelan-methanol-plant
Venezuela,Ocumare (Fabrica Nacional de Cementos) cement plant,Corporacion Socialista del Cemento (state),Cement,Cement,1210,kt/yr cement,,,status unverified,2022,Ocumare del Tuy,Miranda,10.12,-66.78,approx (town),,,"Kiln fuel not confirmed in sources found, so no gas estimate.",https://pubs.usgs.gov/myb/vol3/2022/myb3-2022-venezuela.xlsx
Venezuela,Tachira (Fabrica Nacional de Cementos) cement plant,Corporacion Socialista del Cemento (state),Cement,Cement,220,kt/yr cement,,,status unverified,2022,Palmira,Tachira,7.84,-72.22,approx (town),,,"Kiln fuel not confirmed in sources found, so no gas estimate.",https://pubs.usgs.gov/myb/vol3/2022/myb3-2022-venezuela.xlsx
Venezuela,Llanadas de Monay (Cemento Andino) cement plant,Corporacion Socialista del Cemento (state),Cement,Cement,1350,kt/yr cement,,,status unverified,2022,Monay,Trujillo,9.55,-70.45,approx (town),,,"Kiln fuel not confirmed in sources found, so no gas estimate.",https://pubs.usgs.gov/myb/vol3/2022/myb3-2022-venezuela.xlsx
Venezuela,Villa del Rosario (Cemento Catatumbo) cement plant,Corporacion Socialista del Cemento (state),Cement,Cement,650,kt/yr cement,,,status unverified,2022,Villa del Rosario,Zulia,10.32,-72.31,approx (town),,,"Kiln fuel not confirmed in sources found, so no gas estimate.",https://pubs.usgs.gov/myb/vol3/2022/myb3-2022-venezuela.xlsx
Venezuela,Cerro Azul (Cemento Cerro Azul) cement plant,Corporacion Socialista del Cemento (state),Cement,Cement,1000,kt/yr cement,,,status unverified,2022,Cerro Azul,Monagas,9.85,-63.25,approx (town),,,"Kiln fuel not confirmed in sources found, so no gas estimate.",https://pubs.usgs.gov/myb/vol3/2022/myb3-2022-venezuela.xlsx
Venezuela,Cumarebo (Industria Venezolana de Cementos) cement plant,Corporacion Socialista del Cemento (state),Cement,Cement,1590,kt/yr cement,,,status unverified,2022,Puerto Cumarebo,Falcon,11.48,-69.35,approx (town),,,"Kiln fuel not confirmed in sources found, so no gas estimate.",https://pubs.usgs.gov/myb/vol3/2022/myb3-2022-venezuela.xlsx
Venezuela,San Sebastian (Industria Venezolana de Cementos) cement plant,Corporacion Socialista del Cemento (state),Cement,Cement,2710,kt/yr cement,,,status unverified,2022,San Sebastian de los Reyes,Aragua,9.95,-67.18,approx (town),,,"Kiln fuel not confirmed in sources found, so no gas estimate.",https://pubs.usgs.gov/myb/vol3/2022/myb3-2022-venezuela.xlsx
Venezuela,Guayana (Venezolana de Cementos) cement plant,Corporacion Socialista del Cemento (state),Cement,Cement,330,kt/yr cement,,,status unverified,2022,Ciudad Guayana,Bolivar,8.3,-62.7,approx (town),,,"Kiln fuel not confirmed in sources found, so no gas estimate.",https://pubs.usgs.gov/myb/vol3/2022/myb3-2022-venezuela.xlsx
Venezuela,Lara (Venezolana de Cementos) cement plant,Corporacion Socialista del Cemento (state),Cement,Cement,490,kt/yr cement,,,status unverified,2022,Barquisimeto area,Lara,10.05,-69.3,approx (town),,,"Kiln fuel not confirmed in sources found, so no gas estimate.",https://pubs.usgs.gov/myb/vol3/2022/myb3-2022-venezuela.xlsx
Venezuela,Mara (Venezolana de Cementos) cement plant,Corporacion Socialista del Cemento (state),Cement,Cement,730,kt/yr cement,,,status unverified,2022,Mara,Zulia,10.95,-71.8,approx (town),,,"Kiln fuel not confirmed in sources found, so no gas estimate.",https://pubs.usgs.gov/myb/vol3/2022/myb3-2022-venezuela.xlsx
Venezuela,Pertigalete (Venezolana de Cementos) cement plant,Corporacion Socialista del Cemento (state),Cement,Cement,2680,kt/yr cement,,,status unverified,2022,Pertigalete,Anzoategui,10.24,-64.57,approx (town),,,"Kiln fuel not confirmed in sources found, so no gas estimate.",https://pubs.usgs.gov/myb/vol3/2022/myb3-2022-venezuela.xlsx
Argentina,Profertil Bahia Blanca,Profertil (Adecoagro / ACA from 2025),Ammonia/urea,"Ammonia, granular urea (1,320 kt/yr)",790,kt/yr ammonia,790,kt/yr,operating,2026,"Ingeniero White, Bahia Blanca",Buenos Aires,-38.775,-62.27,approx (site),,,Urea 1.32 Mt/yr. Ownership passed from YPF/Nutrien to Adecoagro and ACA in 2025.,https://www.lanacion.com.ar/economia/campo/la-mayor-productora-de-urea-del-mundo-nid196188/ ; https://mercado.com.ar/protagonistas/adecoagro-y-aca-protagonistas-de-2025-adquieren-profertil-y-se-posicionan-en-el-mercado
Argentina,YPF Plaza Huincul methanol,YPF,Methanol,Methanol,400,kt/yr methanol,400,kt/yr,operating (unverified),2026,Plaza Huincul,Neuquen,-38.93,-69.2,approx (town),,,Argentina's only methanol plant; has been paralysed at times for lack of gas (LM Neuquen).,https://mase.lmneuquen.com/petroleo/las-oportunidades-ypf-el-sector-petroquimico-n663832 ; https://mase.lmneuquen.com/ypf/ypf-paraliza-la-planta-metanol-plaza-huincul-n951875
Argentina,Dow Bahia Blanca crackers (PBB Polisur),Dow,Petrochemical,"Ethylene, polyethylene",765,kt/yr ethylene,,,operating,2026,Bahia Blanca,Buenos Aires,-38.765,-62.255,approx (site),,,"Two ethane-fed crackers. Ethane (an NGL) feed, not pipeline methane, so no gas estimate.",https://www.plastemart.com/news-plastics-information/Dow-reduces-run-rates-at-Argentina-cracker-amid-Govt-imposed-natural-gas-reductions/27178
Argentina,Acindar Villa Constitucion (DRI),ArcelorMittal Acindar,Steel DRI,"DRI (Midrex), EAF steel",1000,kt/yr DRI,1000,kt/yr,operating,2025,Villa Constitucion,Santa Fe,-33.249936,-60.300415,GEM wiki (plant),,,"USGS 2019 lists 1,000 kt/yr DRI; GEM lists 600 kt/yr iron capacity.",https://pubs.usgs.gov/myb/vol3/2019/myb3-2019-argentina.xlsx ; https://www.gem.wiki/ArcelorMittal_Acindar_steel_plant
Argentina,TenarisSiderca Campana (DRI),Tenaris (Techint),Steel DRI,"DRI (Midrex), EAF steel, seamless pipe",670,kt/yr DRI,670,kt/yr,operating,2025,Campana,Buenos Aires,-34.175,-58.96,approx (town),,,"USGS 2019 lists 670 kt/yr DRI (Techint Group plant, Buenos Aires Province).",https://pubs.usgs.gov/myb/vol3/2019/myb3-2019-argentina.xlsx ; https://gem.wiki/TenarisSiderca_Campana_steel_plant
Argentina,Southern Energy FLNG - Hilli Episeyo,"Southern Energy (PAE, YPF, Pampa, Harbour, Golar)",LNG liquefaction,LNG,2.45,Mt/yr LNG,2450,kt/yr,under construction,2026-04,Golfo San Matias,Rio Negro,-41.1,-64.6,approx (gulf),,,"Vessel due mid-2027, commercial operation end-2027.",https://worldoil.com/news/2026/4/13/coremarine-jumbo-offshore-win-flng-installation-contract-offshore-argentina/
Argentina,Southern Energy FLNG - MKII,"Southern Energy (PAE, YPF, Pampa, Harbour, Golar)",LNG liquefaction,LNG,3.5,Mt/yr LNG,3500,kt/yr,under construction,2026-04,Golfo San Matias,Rio Negro,-41.1,-64.6,approx (gulf),,,"Second FLNG, installation 2028. Capacity per GEM wiki (to confirm).",https://gem.wiki/Golar-Pan_American_FLNG_Terminal ; https://worldoil.com/news/2026/4/13/coremarine-jumbo-offshore-win-flng-installation-contract-offshore-argentina/
Argentina,Loma Negra cement plants (6),Loma Negra (InterCement),Cement,Cement,7000,kt/yr cement,,,operating,2019,Olavarria and others,Buenos Aires + 5 provinces,-36.89,-60.32,approx (main plant),,,"Kiln fuel mix (gas / petcoke / coal) not confirmed in sources found, so no gas estimate.",https://pubs.usgs.gov/myb/vol3/2019/myb3-2019-argentina.xlsx
Argentina,Holcim Argentina cement plants (3),Holcim,Cement,Cement,4800,kt/yr cement,,,operating,2019,Malagueno and others,"Cordoba, Jujuy, Mendoza",-31.47,-64.36,approx (main plant),,,"Kiln fuel mix (gas / petcoke / coal) not confirmed in sources found, so no gas estimate.",https://pubs.usgs.gov/myb/vol3/2019/myb3-2019-argentina.xlsx
Argentina,Cementos Avellaneda (2 plants),Cementos Avellaneda (Molins / Votorantim),Cement,Cement,2000,kt/yr cement,,,operating,2019,"Olavarria, La Calera","Buenos Aires, San Luis",-36.89,-60.32,approx (main plant),,,"Kiln fuel mix (gas / petcoke / coal) not confirmed in sources found, so no gas estimate.",https://pubs.usgs.gov/myb/vol3/2019/myb3-2019-argentina.xlsx
Brazil,FAFEN-BA (Camacari),Petrobras,Ammonia/urea,"Ammonia, urea (1,300 t/d), ARLA 32",1300,t/d ammonia,1300,t/d,operating,2026-01,Camacari,Bahia,-12.69,-38.32,approx (site),,,Resumed Jan-2026 after Unigel lease/hibernation.,https://agfeed.com.br/negocios/com-fabricas-reativadas-petrobras-volta-de-vez-ao-mercado-de-fertilizantes-e-quer-mais/ ; https://jornalcff.com.br/petrobras-retoma-producao-da-fafen-em-camacari-e-reforca-oferta-nacional-de-fertilizantes/
Brazil,FAFEN-SE (Laranjeiras),Petrobras,Ammonia/urea,"Ammonia, urea (1,800 t/d)",1250,t/d ammonia,1250,t/d,operating,2025-12,Laranjeiras,Sergipe,-10.8,-37.17,approx (site),,,Resumed Dec-2025.,https://agfeed.com.br/negocios/com-fabricas-reativadas-petrobras-volta-de-vez-ao-mercado-de-fertilizantes-e-quer-mais/ ; https://www.poder360.com.br/poder-infra/petrobras-inicia-producao-de-ureia-em-usina-desativada-ha-6-anos/
Brazil,ANSA - Araucaria Nitrogenados,Petrobras,Ammonia/urea,"Ammonia, urea (1,975 t/d), ARLA 32",475,kt/yr ammonia,,,operating,2026-04,Araucaria,Parana,-25.59,-49.4,approx (site),,,"Feedstock is asphalt residue from the REPAR refinery, not natural gas, so no gas estimate. First urea 30-Apr-2026 after idling since 2020.",https://www.gov.br/casacivil/pt-br/assuntos/noticias/2026/maio/petrobras-inicia-producao-de-ureia-na-ansa-em-araucaria-pr ; https://www.gazetadopovo.com.br/parana/petrobras-vai-retomar-operacoes-em-fabrica-de-fertilizantes-no-parana/
Brazil,UFN-III (Tres Lagoas),Petrobras,Ammonia/urea,"Ammonia, urea (3,600 t/d)",2200,t/d ammonia,2200,t/d,under construction,2026-06,Tres Lagoas,Mato Grosso do Sul,-20.75,-51.68,approx (town),,,Works resumed 2026 (stalled since 2015); commercial operation planned 2028-29.,https://www.band.com.br/agro/noticias/petrobras-retoma-obras-da-ufn-iii-no-mato-grosso-do-sul-com-foco-em-ureia-202606251308
Brazil,Yara Cubatao,Yara Brasil,Ammonia/urea,"Ammonia, nitrogen fertilisers",200,kt/yr ammonia,200,kt/yr,operating,2024-12,Cubatao,Sao Paulo,-23.88,-46.42,approx (town),0.7,"Company-reported daily gas use (eixos, Dec-2024)",Yara reports ~0.7 mcm/d of gas use (some biomethane since Dec-2024).,https://eixos.com.br/gas-natural/biogas/yara-inicia-producao-de-amonia-renovavel-e-planeja-fabrica-100-a-biometano/
Brazil,Hydro Alunorte alumina refinery,Norsk Hydro (91%),Alumina,Alumina,6400,kt/yr alumina,6400,kt/yr,operating,2025,Barcarena,Para,-1.53,-48.62,approx (town),2.22,"Contracted 29.5 TBtu/yr (NFE) at 36,370 Btu/m3","Calcination and part of steam generation switched from fuel oil to gas supplied by NFE's Barcarena LNG terminal (15-yr contract, 29.5 TBtu/yr). Gas start-up and current volumes not confirmed.",https://pubs.usgs.gov/myb/vol3/2019/myb3-2019-brazil.xlsx ; https://eixos.com.br/nfe-e-hydro-fecham-fornecimento-de-gas-natural-para-a-refinaria-da-alunorte-no-para/
Brazil,Braskem Duque de Caxias (gas-chemical complex),Braskem,Petrochemical,"Ethylene, polyethylene",520,kt/yr ethylene,,,operating,2025,Duque de Caxias,Rio de Janeiro,-22.7,-43.27,approx (site),,,Ethane/propane from Petrobras gas processing; +220 kt/yr expansion agreed. No methane-based gas estimate.,https://acionista.com.br/braskem-brkm5-faz-acordo-com-petrobras-para-expandir-producao-no-rj/
Brazil,"Cebrace float glass (Jacarei, Cacapava, Barra Velha)",Cebrace (Saint-Gobain / NSG),Glass,Float (flat) glass,3600,t/d glass,3600,t/d,operating,2025,Jacarei,Sao Paulo,-23.3,-45.97,approx (town),,,Three sites combined; mapped at Jacarei.,https://www.bnnbloomberg.ca/investment-trends/2026/08/19/homerun-resources-signs-strategic-mou-with-brazils-largest-float-glass-manufacturer/
Brazil,Guardian Tatui float glass,Guardian Glass,Glass,Float (flat) glass,800,t/d glass,800,t/d,operating,2025,Tatui,Sao Paulo,-23.36,-47.86,approx (town),,,,https://www.en.investe.sp.gov.br/news/post/guardian-invests-us-125-7-million-in-2nd-factory-in-the-country
Brazil,AGC Guaratingueta float glass,AGC Vidros do Brasil,Glass,Float (flat) glass,1450,t/d glass,1450,t/d,operating,2025,Guaratingueta,Sao Paulo,-22.82,-45.19,approx (town),,,600 t/d line plus 850 t/d second furnace (2019).,https://www.glass-international.com/news/agc-glass-brazil-plant-begins-production
Brazil,Vivix Goiana float glass,Vivix Vidros Planos (Grupo Cornelio Brennand),Glass,Float (flat) glass,1900,t/d glass,1900,t/d,operating,2025,Goiana,Pernambuco,-7.56,-35.0,approx (town),,,"Second 1,000 t/d furnace due H2-2025.",https://www.glass-international.com/news/vivix-to-construct-brazils-largest-glass-manufacturing-furnace
Brazil,Carmelo Fior ceramic tiles,Carmelo Fior,Ceramics,Ceramic floor and wall tiles,96.6,million m2/yr (2024 production),96.6,Mm2/yr,operating,2024,Santa Gertrudes cluster,Sao Paulo,-22.46,-47.53,approx (cluster),,,2024 production (not capacity) per ANFACER / Ceramic World Review; may be several plants.,https://www.anfacer.org.br/noticias/brasil-concentra-4-dos-maiores-produtores-de-ceramica-do-mundo ; https://ceramicworldweb.com/en/economics-and-markets/worlds-top-ceramic-tile-manufacturers-2024
Brazil,Grupo Fragnani ceramic tiles,Grupo Fragnani,Ceramics,Ceramic floor and wall tiles,70.3,million m2/yr (2024 production),70.3,Mm2/yr,operating,2024,Cordeiropolis (Santa Gertrudes cluster),Sao Paulo,-22.48,-47.45,approx (cluster),,,2024 production (not capacity) per ANFACER / Ceramic World Review; may be several plants.,https://www.anfacer.org.br/noticias/brasil-concentra-4-dos-maiores-produtores-de-ceramica-do-mundo ; https://ceramicworldweb.com/en/economics-and-markets/worlds-top-ceramic-tile-manufacturers-2024
Brazil,Grupo Cedasa ceramic tiles,Grupo Cedasa,Ceramics,Ceramic floor and wall tiles,60.0,million m2/yr (2024 production),60.0,Mm2/yr,operating,2024,Santa Gertrudes cluster,Sao Paulo,-22.45,-47.55,approx (cluster),,,2024 production (not capacity) per ANFACER / Ceramic World Review; may be several plants.,https://www.anfacer.org.br/noticias/brasil-concentra-4-dos-maiores-produtores-de-ceramica-do-mundo ; https://ceramicworldweb.com/en/economics-and-markets/worlds-top-ceramic-tile-manufacturers-2024
Brazil,Portobello ceramic tiles,Portobello,Ceramics,Ceramic floor and wall tiles,42.0,million m2/yr (2024 production),42.0,Mm2/yr,operating,2024,Tijucas (Criciuma/SC cluster),Santa Catarina,-27.24,-48.63,approx (cluster),,,2024 production (not capacity) per ANFACER / Ceramic World Review; may be several plants.,https://www.anfacer.org.br/noticias/brasil-concentra-4-dos-maiores-produtores-de-ceramica-do-mundo ; https://ceramicworldweb.com/en/economics-and-markets/worlds-top-ceramic-tile-manufacturers-2024
Chile,Methanex Cabo Negro (Chile I and Chile IV),Methanex,Methanol,Methanol,1700,kt/yr methanol,1700,kt/yr,operating,2025,"Cabo Negro, Punta Arenas",Magallanes,-52.95,-70.8,approx (site),,,Two plants; gas from Chile and Argentina; Chile I ran through the southern winter in 2025 for the first time in 15+ years.,https://pubs.usgs.gov/myb/vol3/2019/myb3-2019-chile.xlsx ; https://www.methanex.com/wp-content/uploads/2025-AIF.pdf
Bolivia,YPFB Planta de Amoniaco y Urea (Bulo Bulo),YPFB,Ammonia/urea,"Ammonia, urea (2,100 t/d)",1200,t/d ammonia,1200,t/d,operating (intermittent),2026,Bulo Bulo,Cochabamba,-17.27,-64.37,approx (town),,,Repeated stoppages since 2017 start-up; restarted 2026 after maintenance.,https://portfolio-pplus.com/SiteMains/Details/822 ; https://eju.tv/?p=1154153
Bolivia,COBOCE Irpa Irpa cement plant,Cooperativa Boliviana de Cemento (COBOCE),Cement,Cement,825,kt/yr cement,825,kt/yr,operating,2019,Irpa Irpa (Capinota),Cochabamba,-17.72,-66.26,approx (main plant),,,Gas-fired (Bolivian cement makers are among the main industrial gas users hit by the 2017 gas tariff rise).,https://pubs.usgs.gov/myb/vol3/2019/myb3-2019-bolivia.xlsx ; https://correodelsur.com/economia/20170823/fancesa-la-segunda-mas--afectada-por-el-tarifazo.html
Bolivia,FANCESA cement plants,Fabrica Nacional de Cemento (FANCESA),Cement,Cement,1100,kt/yr cement,1100,kt/yr,operating,2019,Sucre,Chuquisaca,-19.05,-65.26,approx (main plant),,,Gas-fired (Bolivian cement makers are among the main industrial gas users hit by the 2017 gas tariff rise).,https://pubs.usgs.gov/myb/vol3/2019/myb3-2019-bolivia.xlsx ; https://correodelsur.com/economia/20170823/fancesa-la-segunda-mas--afectada-por-el-tarifazo.html
Bolivia,Itacamba cement plant,Itacamba Cemento,Cement,Cement,200,kt/yr cement,200,kt/yr,operating,2019,Puerto Suarez area,Santa Cruz,-18.95,-57.8,approx (main plant),,,Gas-fired (Bolivian cement makers are among the main industrial gas users hit by the 2017 gas tariff rise).,https://pubs.usgs.gov/myb/vol3/2019/myb3-2019-bolivia.xlsx ; https://correodelsur.com/economia/20170823/fancesa-la-segunda-mas--afectada-por-el-tarifazo.html
Bolivia,SOBOCE cement plants (4),Sociedad Boliviana de Cemento (SOBOCE),Cement,Cement,1800,kt/yr cement,1800,kt/yr,operating,2019,"Viacha, El Puente, Emisa, Warnes",La Paz / Tarija / Oruro / Santa Cruz,-16.65,-68.3,approx (main plant),,,Gas-fired (Bolivian cement makers are among the main industrial gas users hit by the 2017 gas tariff rise).,https://pubs.usgs.gov/myb/vol3/2019/myb3-2019-bolivia.xlsx ; https://correodelsur.com/economia/20170823/fancesa-la-segunda-mas--afectada-por-el-tarifazo.html
Peru,Peru LNG (Pampa Melchorita),"Peru LNG (Hunt Oil operator; MidOcean 35%, SK, Marubeni)",LNG liquefaction,LNG,4.45,Mt/yr LNG,4450,kt/yr,operating,2025,Pampa Melchorita (Canete),Lima,-13.25,-76.3,approx (site),,,Single train; also supplies trucked LNG to the domestic market.,https://www.nsenergybusiness.com/projects/peru-lng-peru/ ; https://www.businesswire.com/news/home/20241024391520/en/EIG%E2%80%99s-MidOcean-Energy-Completes-Acquisition-of-Additional-15-Interest-in-Peru-LNG-from-Hunt-Oil-Company
Ecuador,Bajo Alto LNG plant,EP Petroecuador,LNG liquefaction,Small-scale LNG (trucked to industry),200,t/d LNG,200,t/d,operating (limited to ~55%),2024,"Bajo Alto, El Guabo",El Oro,-3.17,-79.89,approx (site),,,"Liquefies Amistad field gas; LNG trucked to Cuenca ceramics (Graiman, Ecuaceramica, Italpisos, Rialto, Esfel). Capacity limited to ~55% by foundation defects.",https://primicias.ec/noticias/economia/planta-bajo-alto-cierre-riesgo-explosion ; https://elmercurio.com.ec/?p=1029032
Ecuador,Graiman ceramic tiles,Graiman,Ceramics,Ceramic and porcelain tiles,9.6,million m2/yr,9.6,Mm2/yr,operating,2022,Cuenca,Azuay,-2.88,-78.97,approx (city),,,Uses LNG from Bajo Alto.,https://www.primicias.ec/economia/empresas/ceramica-graiman-cuenca-empresa-industria-construccion-inmobiliario-inversion-kohler-113910/
Ecuador,Italpisos ceramic tiles,Italpisos,Ceramics,Ceramic tiles,,,,,operating,2024,Cuenca,Azuay,-2.88,-78.98,approx (city),,,Capacity not found. Uses LNG from Bajo Alto.,https://elmercurio.com.ec/?p=1029032
Colombia,Ceramica Italia (Cucuta),Ceramica Italia,Ceramics,Ceramic and porcelain tiles,13.2,million m2/yr,13.2,Mm2/yr,operating,2024,Cucuta,Norte de Santander,7.89,-72.5,approx (city),,,1.1 million m2 per month (Forbes Colombia).,https://forbes.co/negocios/ceramica-italia-la-empresa-de-cucuta-que-quiere-conquistar-el-mercado-de-ee-uu
Colombia,Corona Sopo - Prestigio II porcelain plant,Organizacion Corona,Ceramics,Porcelain tiles,5.7,million m2/yr,5.7,Mm2/yr,operating,2023,Sopo,Cundinamarca,4.91,-73.94,approx (town),,,"New plant only (0.45-0.5 million m2/month, +30% for the Sopo park); the rest of the Sopo park's capacity is not published.",https://www.semana.com/economia/capsulas/articulo/con-inversion-de-170000-millones-abren-nueva-planta-de-productos-ceramicos-en-sopo/202302/
Jamaica,Jamalco alumina refinery,"Jamalco (Century Aluminum 55%, Government 45%)",Alumina,Alumina,1400,kt/yr alumina,1400,kt/yr,operating,2026-07,"Halse Hall, Clarendon",Clarendon,17.94,-77.24,approx (site),,,Restarted after Hurricane Melissa (Oct-2025); near full rate by Jul-2026. Steam and power from an LNG-fired CHP (New Fortress) plus a new turbine from Aug-2026 (off-grid).,https://pubs.usgs.gov/myb/vol3/2019/myb3-2019-caribbean.xlsx ; https://investors.centuryaluminum.com/news-events/press-releases/press-release-details/2025/Jamalco-Begins-Restart-Procedures-Following-Hurricane-Melissa/default.aspx ; https://jamaica-gleaner.com/article/business/20260809/jamalco-unplugs-grid-power-turbine-set-save-us28m-year
