1900000	第三次全国农业普查全国和省级主要指标汇总数据-国家统计局	https://www.stats.gov.cn/sj/zxfb/202302/t20230203_1900000.html
1899999	2018年6月份70个大中城市商品住宅销售价格变动情况-国家统计局	https://www.stats.gov.cn/sj/zxfb/202302/t20230203_1899999.html
1899997	2018年二季度和上半年国内生产总值（GDP）初步核算结果-国家统计局	https://www.stats.gov.cn/sj/zxfb/202302/t20230203_1899997.html
1899996	2018年二季度全国工业产能利用率为76.8%-国家统计局	https://www.stats.gov.cn/sj/zxfb/202302/t20230203_1899996.html
1899994	2018年上半年居民收入和消费支出情况-国家统计局	https://www.stats.gov.cn/sj/zxfb/202302/t20230203_1899994.html
1899993	2018年6月份能源生产基本平稳-国家统计局	https://www.stats.gov.cn/sj/zxfb/202302/t20230203_1899993.html
1899992	2018年1-6月份全国固定资产投资（不含农户）增长6%-国家统计局	https://www.stats.gov.cn/sj/zxfb/202302/t20230203_1899992.html
1899991	2018年6月份社会消费品零售总额增长9.0%-国家统计局	https://www.stats.gov.cn/sj/zxfb/202302/t20230203_1899991.html
1899990	2018年6月份规模以上工业增加值增长6.0%-国家统计局	https://www.stats.gov.cn/sj/zxfb/202302/t20230203_1899990.html
1899989	2018年1-6月份全国房地产开发投资和销售情况-国家统计局	https://www.stats.gov.cn/sj/zxfb/202302/t20230203_1899989.html
1899988	上半年国民经济总体平稳、稳中向好-国家统计局	https://www.stats.gov.cn/sj/zxfb/202302/t20230203_1899988.html
1899987	流通领域重要生产资料市场价格变动情况（2018年7月1-10日）-国家统计局	https://www.stats.gov.cn/sj/zxfb/202302/t20230203_1899987.html
1899984	2018年6月份工业生产者出厂价格同比上涨4.7%-国家统计局	https://www.stats.gov.cn/sj/zxfb/202302/t20230203_1899984.html
1899983	2018年6月份居民消费价格同比上涨1.9%-国家统计局	https://www.stats.gov.cn/sj/zxfb/202302/t20230203_1899983.html
1899981	流通领域重要生产资料市场价格变动情况（2018年6月21-30日）-国家统计局	https://www.stats.gov.cn/sj/zxfb/202302/t20230203_1899981.html
1899979	2018年6月中国采购经理指数运行情况-国家统计局	https://www.stats.gov.cn/sj/zxfb/202302/t20230203_1899979.html
1899976	2018年1-5月份全国规模以上工业企业利润增长16.5%-国家统计局	https://www.stats.gov.cn/sj/zxfb/202302/t20230203_1899976.html
1899974	流通领域重要生产资料市场价格变动情况（2018年6月11-20日）-国家统计局	https://www.stats.gov.cn/sj/zxfb/202302/t20230203_1899974.html
1899970	2018年5月份70个大中城市商品住宅销售价格变动情况-国家统计局	https://www.stats.gov.cn/sj/zxfb/202302/t20230203_1899970.html
1899965	5月份能源生产总体平稳-国家统计局	https://www.stats.gov.cn/sj/zxfb/202302/t20230203_1899965.html
1899964	2018年5月份社会消费品零售总额增长8.5%-国家统计局	https://www.stats.gov.cn/sj/zxfb/202302/t20230203_1899964.html
1899963	2018年1-5月份全国房地产开发投资和销售情况-国家统计局	https://www.stats.gov.cn/sj/zxfb/202302/t20230203_1899963.html
1899962	2018年1-5月份全国固定资产投资（不含农户）增长6.1%-国家统计局	https://www.stats.gov.cn/sj/zxfb/202302/t20230203_1899962.html
1899961	2018年5月份规模以上工业增加值增长6.8%-国家统计局	https://www.stats.gov.cn/sj/zxfb/202302/t20230203_1899961.html
1899960	5月份国民经济持续稳中向好-国家统计局	https://www.stats.gov.cn/sj/zxfb/202302/t20230203_1899960.html
1899959	流通领域重要生产资料市场价格变动情况（2018年6月1-10日）-国家统计局	https://www.stats.gov.cn/sj/zxfb/202302/t20230203_1899959.html
1899957	2018年5月份工业生产者出厂价格同比上涨4.1%-国家统计局	https://www.stats.gov.cn/sj/zxfb/202302/t20230203_1899957.html
1899956	2018年5月份居民消费价格同比上涨1.8%-国家统计局	https://www.stats.gov.cn/sj/zxfb/202302/t20230203_1899956.html
1899955	流通领域重要生产资料市场价格变动情况（2018年5月21-30日）-国家统计局	https://www.stats.gov.cn/sj/zxfb/202302/t20230203_1899955.html
1899952	2018年5月中国采购经理指数运行情况-国家统计局	https://www.stats.gov.cn/sj/zxfb/202302/t20230203_1899952.html
1899950	2018年1-4月份全国规模以上工业企业利润增长15%-国家统计局	https://www.stats.gov.cn/sj/zxfb/202302/t20230203_1899950.html
1899949	流通领域重要生产资料市场价格变动情况（2018年5月11日-20日）-国家统计局	https://www.stats.gov.cn/sj/zxfb/202302/t20230203_1899949.html
1899948	2017年规模以上企业就业人员分岗位年平均工资情况-国家统计局	https://www.stats.gov.cn/sj/zxfb/202302/t20230203_1899948.html
1899946	2018年4月份70个大中城市商品住宅销售价格变动情况-国家统计局	https://www.stats.gov.cn/sj/zxfb/202302/t20230203_1899946.html
1899944	2017年城镇私营单位就业人员年平均工资45761元-国家统计局	https://www.stats.gov.cn/sj/zxfb/202302/t20230203_1899944.html
1899943	2017年城镇非私营单位就业人员年平均工资74318元-国家统计局	https://www.stats.gov.cn/sj/zxfb/202302/t20230203_1899943.html
1899938	2018年4月份能源生产加快-国家统计局	https://www.stats.gov.cn/sj/zxfb/202302/t20230203_1899938.html
1899937	2018年4月份社会消费品零售总额增长9.4%-国家统计局	https://www.stats.gov.cn/sj/zxfb/202302/t20230203_1899937.html
1899936	2018年1-4月份全国房地产开发投资和销售情况-国家统计局	https://www.stats.gov.cn/sj/zxfb/202302/t20230203_1899936.html
1899935	2018年1-4月份全国固定资产投资（不含农户）增长7%-国家统计局	https://www.stats.gov.cn/sj/zxfb/202302/t20230203_1899935.html
1899934	2018年4月份规模以上工业增加值增长7.0%-国家统计局	https://www.stats.gov.cn/sj/zxfb/202302/t20230203_1899934.html
1899933	4月份国民经济运行总体平稳-国家统计局	https://www.stats.gov.cn/sj/zxfb/202302/t20230203_1899933.html
1899932	流通领域重要生产资料市场价格变动情况（2018年5月1日-10日）-国家统计局	https://www.stats.gov.cn/sj/zxfb/202302/t20230203_1899932.html
1899930	2018年4月份工业生产者出厂价格同比上涨3.4%-国家统计局	https://www.stats.gov.cn/sj/zxfb/202302/t20230203_1899930.html
1899929	2018年4月份居民消费价格同比上涨1.8%-国家统计局	https://www.stats.gov.cn/sj/zxfb/202302/t20230203_1899929.html
1899928	流通领域重要生产资料市场价格变动情况（2018年4月21日-30日）-国家统计局	https://www.stats.gov.cn/sj/zxfb/202302/t20230203_1899928.html
1899927	2018年1季度全国规模以上文化及相关产业企业营业收入增长10.5%-国家统计局	https://www.stats.gov.cn/sj/zxfb/202302/t20230203_1899927.html
1899925	2018年4月中国采购经理指数运行情况-国家统计局	https://www.stats.gov.cn/sj/zxfb/202302/t20230203_1899925.html
1899921	2018年1-3月份全国规模以上工业企业利润增长11.6%-国家统计局	https://www.stats.gov.cn/sj/zxfb/202302/t20230203_1899921.html
1899920	2017年农民工监测调查报告-国家统计局	https://www.stats.gov.cn/sj/zxfb/202302/t20230203_1899920.html
1899916	流通领域重要生产资料市场价格变动情况（2018年4月11日-20日）-国家统计局	https://www.stats.gov.cn/sj/zxfb/202302/t20230203_1899916.html
1899909	2018年3月份70个大中城市商品住宅销售价格变动情况-国家统计局	https://www.stats.gov.cn/sj/zxfb/202302/t20230203_1899909.html
1899908	2018年一季度全国工业产能利用率为76.5%-国家统计局	https://www.stats.gov.cn/sj/zxfb/202302/t20230203_1899908.html
1899907	2018年一季度国内生产总值（GDP）初步核算结果-国家统计局	https://www.stats.gov.cn/sj/zxfb/202302/t20230203_1899907.html
1899903	2018年一季度居民收入和消费支出情况-国家统计局	https://www.stats.gov.cn/sj/zxfb/202302/t20230203_1899903.html
1899902	2018年一季度能源生产平稳增长-国家统计局	https://www.stats.gov.cn/sj/zxfb/202302/t20230203_1899902.html
1899901	2018年3月份社会消费品零售总额增长10.1%-国家统计局	https://www.stats.gov.cn/sj/zxfb/202302/t20230203_1899901.html
1899900	2018年1-3月份全国房地产开发投资和销售情况-国家统计局	https://www.stats.gov.cn/sj/zxfb/202302/t20230203_1899900.html
1899899	2018年1-3月份全国固定资产投资（不含农户）增长7.5%-国家统计局	https://www.stats.gov.cn/sj/zxfb/202302/t20230203_1899899.html
1899898	2018年3月份规模以上工业增加值增长6.0%-国家统计局	https://www.stats.gov.cn/sj/zxfb/202302/t20230203_1899898.html
1899897	一季度国民经济实现良好开局-国家统计局	https://www.stats.gov.cn/sj/zxfb/202302/t20230203_1899897.html
1899896	流通领域重要生产资料市场价格变动情况（2018年4月1日-10日）-国家统计局	https://www.stats.gov.cn/sj/zxfb/202302/t20230203_1899896.html
1899888	2018年3月份工业生产者出厂价格同比上涨3.1%-国家统计局	https://www.stats.gov.cn/sj/zxfb/202302/t20230203_1899888.html
1899887	2018年3月份居民消费价格同比上涨2.1%-国家统计局	https://www.stats.gov.cn/sj/zxfb/202302/t20230203_1899887.html
1899883	流通领域重要生产资料市场价格变动情况（2018年3月21日-30日）-国家统计局	https://www.stats.gov.cn/sj/zxfb/202302/t20230203_1899883.html
1899881	2018年3月中国采购经理指数运行情况-国家统计局	https://www.stats.gov.cn/sj/zxfb/202302/t20230203_1899881.html
1899879	2018年1-2月份全国规模以上工业企业利润增长16.1%-国家统计局	https://www.stats.gov.cn/sj/zxfb/202302/t20230203_1899879.html
1899878	流通领域重要生产资料市场价格变动情况（2018年3月11日-20日）-国家统计局	https://www.stats.gov.cn/sj/zxfb/202302/t20230203_1899878.html
1899877	原油产量有所下降天然气生产创新高-国家统计局	https://www.stats.gov.cn/sj/zxfb/202302/t20230203_1899877.html
1899876	原煤生产恢复性增长产业布局调整中优化-国家统计局	https://www.stats.gov.cn/sj/zxfb/202302/t20230203_1899876.html
1899875	电力生产稳步增长电源结构调整优化-国家统计局	https://www.stats.gov.cn/sj/zxfb/202302/t20230203_1899875.html
1899873	2018年2月份70个大中城市商品住宅销售价格变动情况-国家统计局	https://www.stats.gov.cn/sj/zxfb/202302/t20230203_1899873.html
1899867	1-2月份能源生产较快增长-国家统计局	https://www.stats.gov.cn/sj/zxfb/202302/t20230203_1899867.html
1899866	2018年1-2月份社会消费品零售总额增长9.7%-国家统计局	https://www.stats.gov.cn/sj/zxfb/202302/t20230203_1899866.html
1899865	2018年1-2月份全国房地产开发投资和销售情况-国家统计局	https://www.stats.gov.cn/sj/zxfb/202302/t20230203_1899865.html
1899864	2018年1-2月份全国固定资产投资（不含农户）增长7.9%-国家统计局	https://www.stats.gov.cn/sj/zxfb/202302/t20230203_1899864.html
1899863	2018年1-2月份规模以上工业增加值增长7.2%-国家统计局	https://www.stats.gov.cn/sj/zxfb/202302/t20230203_1899863.html
1899862	1-2月份国民经济运行起步向好-国家统计局	https://www.stats.gov.cn/sj/zxfb/202302/t20230203_1899862.html
1899861	流通领域重要生产资料市场价格变动情况（2018年3月1日-10日）-国家统计局	https://www.stats.gov.cn/sj/zxfb/202302/t20230203_1899861.html
1899859	2018年2月份工业生产者出厂价格同比上涨3.7%-国家统计局	https://www.stats.gov.cn/sj/zxfb/202302/t20230203_1899859.html
1899858	2018年2月份居民消费价格同比上涨2.9%-国家统计局	https://www.stats.gov.cn/sj/zxfb/202302/t20230203_1899858.html
1899857	流通领域重要生产资料市场价格变动情况（2018年2月21日-28日）-国家统计局	https://www.stats.gov.cn/sj/zxfb/202302/t20230203_1899857.html
1899855	中华人民共和国2017年国民经济和社会发展统计公报-国家统计局	https://www.stats.gov.cn/sj/zxfb/202302/t20230203_1899855.html
1899853	2018年2月中国采购经理指数运行情况-国家统计局	https://www.stats.gov.cn/sj/zxfb/202302/t20230203_1899853.html
1899851	2018年1月份70个大中城市商品住宅销售价格变动情况-国家统计局	https://www.stats.gov.cn/sj/zxfb/202302/t20230203_1899851.html
1899850	流通领域重要生产资料市场价格变动情况（2018年2月1日-10日）-国家统计局	https://www.stats.gov.cn/sj/zxfb/202302/t20230203_1899850.html
1899849	2017年国家企业技术中心研发及相关情况调查结果-国家统计局	https://www.stats.gov.cn/sj/zxfb/202302/t20230203_1899849.html
1899848	2017年我国研发经费投入强度为2.12%-国家统计局	https://www.stats.gov.cn/sj/zxfb/202302/t20230203_1899848.html
1899846	2018年1月份工业生产者出厂价格同比上涨4.3%-国家统计局	https://www.stats.gov.cn/sj/zxfb/202302/t20230203_1899846.html
1899845	2018年1月份居民消费价格同比上涨1.5%-国家统计局	https://www.stats.gov.cn/sj/zxfb/202302/t20230203_1899845.html
1899844	流通领域重要生产资料市场价格变动情况（2018年1月21日-30日）-国家统计局	https://www.stats.gov.cn/sj/zxfb/202302/t20230203_1899844.html
1899843	2017年全国农村贫困人口明显减少贫困地区农村居民收入加快增长-国家统计局	https://www.stats.gov.cn/sj/zxfb/202302/t20230203_1899843.html
1899842	2017年全国规模以上文化及相关产业企业营业收入增长10.8%-国家统计局	https://www.stats.gov.cn/sj/zxfb/202302/t20230203_1899842.html
1899839	2018年1月中国采购经理指数运行情况-国家统计局	https://www.stats.gov.cn/sj/zxfb/202302/t20230203_1899839.html
1899837	2017年全国规模以上工业企业利润增长21%-国家统计局	https://www.stats.gov.cn/sj/zxfb/202302/t20230203_1899837.html
1899836	流通领域重要生产资料市场价格变动情况（2018年1月11日-20日）-国家统计局	https://www.stats.gov.cn/sj/zxfb/202302/t20230203_1899836.html
1899824	2017年四季度全国工业产能利用率为78.0%-国家统计局	https://www.stats.gov.cn/sj/zxfb/202302/t20230203_1899824.html
1899823	2017年四季度和全年国内生产总值（GDP）初步核算结果-国家统计局	https://www.stats.gov.cn/sj/zxfb/202302/t20230203_1899823.html
1899821	2017年12月份能源生产情况-国家统计局	https://www.stats.gov.cn/sj/zxfb/202302/t20230203_1899821.html
1899820	2017年居民收入和消费支出情况-国家统计局	https://www.stats.gov.cn/sj/zxfb/202302/t20230203_1899820.html
1899819	2017年12月份社会消费品零售总额增长9.4%-国家统计局	https://www.stats.gov.cn/sj/zxfb/202302/t20230203_1899819.html
1899818	2017年全国房地产开发投资和销售情况-国家统计局	https://www.stats.gov.cn/sj/zxfb/202302/t20230203_1899818.html
1899817	2017年民间固定资产投资增长6.0%-国家统计局	https://www.stats.gov.cn/sj/zxfb/202302/t20230203_1899817.html
1899816	2017年全国固定资产投资（不含农户）增长7.2%-国家统计局	https://www.stats.gov.cn/sj/zxfb/202302/t20230203_1899816.html
1899815	2017年12月份规模以上工业增加值增长6.2%-国家统计局	https://www.stats.gov.cn/sj/zxfb/202302/t20230203_1899815.html
1899814	2017年经济运行稳中向好、好于预期-国家统计局	https://www.stats.gov.cn/sj/zxfb/202302/t20230203_1899814.html
1899812	2017年12月份70个大中城市住宅销售价格变动情况-国家统计局	https://www.stats.gov.cn/sj/zxfb/202302/t20230203_1899812.html
1899811	流通领域重要生产资料市场价格变动情况（2018年1月1日-10日）-国家统计局	https://www.stats.gov.cn/sj/zxfb/202302/t20230203_1899811.html
1899810	2016年国家体育产业总规模与增加值数据公告-国家统计局	https://www.stats.gov.cn/sj/zxfb/202302/t20230203_1899810.html
1899808	2017年12月份工业生产者出厂价格同比上涨4.9%-国家统计局	https://www.stats.gov.cn/sj/zxfb/202302/t20230203_1899808.html
1899807	2017年12月份居民消费价格同比上涨1.8%-国家统计局	https://www.stats.gov.cn/sj/zxfb/202302/t20230203_1899807.html
1899806	2016年国家旅游及相关产业增加值占国内生产总值的比重为4.44%-国家统计局	https://www.stats.gov.cn/sj/zxfb/202302/t20230203_1899806.html
1899805	国家统计局关于2016年国内生产总值（GDP）最终核实的公告-国家统计局	https://www.stats.gov.cn/sj/zxfb/202302/t20230203_1899805.html
1899804	流通领域重要生产资料市场价格变动情况（2017年12月21日-30日）-国家统计局	https://www.stats.gov.cn/sj/zxfb/202302/t20230203_1899804.html
1899803	50个城市主要食品平均价格变动情况（2017年12月21-30日）-国家统计局	https://www.stats.gov.cn/sj/zxfb/202302/t20230203_1899803.html
1899801	2017年12月中国非制造业商务活动指数为55.0%-国家统计局	https://www.stats.gov.cn/sj/zxfb/202302/t20230203_1899801.html
1899800	2017年12月中国制造业采购经理指数为51.6%-国家统计局	https://www.stats.gov.cn/sj/zxfb/202302/t20230203_1899800.html
1899799	国家石油储备建设取得重要进展-国家统计局	https://www.stats.gov.cn/sj/zxfb/202302/t20230203_1899799.html
1899797	2017年1-11月份全国规模以上工业企业利润增长21.9%-国家统计局	https://www.stats.gov.cn/sj/zxfb/202302/t20230203_1899797.html
1899792	2016年生态文明建设年度评价结果公报-国家统计局	https://www.stats.gov.cn/sj/zxfb/202302/t20230203_1899792.html
1899791	流通领域重要生产资料市场价格变动情况（2017年12月11日-20日）-国家统计局	https://www.stats.gov.cn/sj/zxfb/202302/t20230203_1899791.html
1899790	50个城市主要食品平均价格变动情况（2017年12月11-20日）-国家统计局	https://www.stats.gov.cn/sj/zxfb/202302/t20230203_1899790.html
1899785	2017年11月份70个大中城市住宅销售价格变动情况-国家统计局	https://www.stats.gov.cn/sj/zxfb/202302/t20230203_1899785.html
1899784	国家统计局关于2017年棉花产量的公告-国家统计局	https://www.stats.gov.cn/sj/zxfb/202302/t20230203_1899784.html
1899770	11月份能源生产情况-国家统计局	https://www.stats.gov.cn/sj/zxfb/202302/t20230203_1899770.html
1899769	2017年11月份社会消费品零售总额增长10.2%-国家统计局	https://www.stats.gov.cn/sj/zxfb/202302/t20230203_1899769.html
1899768	2017年1-11月份全国房地产开发投资和销售情况-国家统计局	https://www.stats.gov.cn/sj/zxfb/202302/t20230203_1899768.html
1899767	2017年1-11月份民间固定资产投资增长5.7%-国家统计局	https://www.stats.gov.cn/sj/zxfb/202302/t20230203_1899767.html
1899766	2017年1-11月份全国固定资产投资（不含农户）增长7.2%-国家统计局	https://www.stats.gov.cn/sj/zxfb/202302/t20230203_1899766.html
1899765	2017年11月份规模以上工业增加值增长6.1%-国家统计局	https://www.stats.gov.cn/sj/zxfb/202302/t20230203_1899765.html
1899764	11月份国民经济继续稳中向好结构调整不断深化-国家统计局	https://www.stats.gov.cn/sj/zxfb/202302/t20230203_1899764.html
1899760	流通领域重要生产资料市场价格变动情况（2017年12月1日-10日）-国家统计局	https://www.stats.gov.cn/sj/zxfb/202302/t20230203_1899760.html
1899759	50个城市主要食品平均价格变动情况（2017年12月1-10日）-国家统计局	https://www.stats.gov.cn/sj/zxfb/202302/t20230203_1899759.html
1899757	2017年11月份工业生产者出厂价格同比上涨5.8%-国家统计局	https://www.stats.gov.cn/sj/zxfb/202302/t20230203_1899757.html
1899756	2017年11月份居民消费价格同比上涨1.7%-国家统计局	https://www.stats.gov.cn/sj/zxfb/202302/t20230203_1899756.html
1899753	国家统计局关于2017年粮食产量的公告-国家统计局	https://www.stats.gov.cn/sj/zxfb/202302/t20230203_1899753.html
1899751	2016年中国创新指数为181.2创新型国家建设持续推进-国家统计局	https://www.stats.gov.cn/sj/zxfb/202302/t20230203_1899751.html
1899750	流通领域重要生产资料市场价格变动情况（2017年11月21日-30日）-国家统计局	https://www.stats.gov.cn/sj/zxfb/202302/t20230203_1899750.html
1899749	50个城市主要食品平均价格变动情况（2017年11月21-30日）-国家统计局	https://www.stats.gov.cn/sj/zxfb/202302/t20230203_1899749.html
1899747	2017年11月中国非制造业商务活动指数为54.8%-国家统计局	https://www.stats.gov.cn/sj/zxfb/202302/t20230203_1899747.html
1899746	2017年11月中国制造业采购经理指数为51.8%-国家统计局	https://www.stats.gov.cn/sj/zxfb/202302/t20230203_1899746.html
1899744	2017年1-10月份全国规模以上工业企业利润增长23.3%-国家统计局	https://www.stats.gov.cn/sj/zxfb/202302/t20230203_1899744.html
1899743	流通领域重要生产资料市场价格变动情况（2017年11月11日-20日）-国家统计局	https://www.stats.gov.cn/sj/zxfb/202302/t20230203_1899743.html
1899742	50个城市主要食品平均价格变动情况（2017年11月11-20日）-国家统计局	https://www.stats.gov.cn/sj/zxfb/202302/t20230203_1899742.html
1899740	2017年10月份70个大中城市住宅销售价格变动情况-国家统计局	https://www.stats.gov.cn/sj/zxfb/202302/t20230203_1899740.html
1899735	10月份能源生产情况-国家统计局	https://www.stats.gov.cn/sj/zxfb/202302/t20230203_1899735.html
1899733	2017年10月份社会消费品零售总额增长10.0%-国家统计局	https://www.stats.gov.cn/sj/zxfb/202302/t20230203_1899733.html
1899732	2017年1-10月份全国房地产开发投资和销售情况-国家统计局	https://www.stats.gov.cn/sj/zxfb/202302/t20230203_1899732.html
1899731	2017年1-10月份民间固定资产投资增长5.8%-国家统计局	https://www.stats.gov.cn/sj/zxfb/202302/t20230203_1899731.html
1899730	2017年1-10月份全国固定资产投资（不含农户）增长7.3%-国家统计局	https://www.stats.gov.cn/sj/zxfb/202302/t20230203_1899730.html
1899729	2017年10月份规模以上工业增加值增长6.2%-国家统计局	https://www.stats.gov.cn/sj/zxfb/202302/t20230203_1899729.html
1899728	10月份国民经济继续保持稳中向好发展态势-国家统计局	https://www.stats.gov.cn/sj/zxfb/202302/t20230203_1899728.html
1899727	流通领域重要生产资料市场价格变动情况（2017年11月1日-10日）-国家统计局	https://www.stats.gov.cn/sj/zxfb/202302/t20230203_1899727.html
1899726	50个城市主要食品平均价格变动情况（2017年11月1-10日）-国家统计局	https://www.stats.gov.cn/sj/zxfb/202302/t20230203_1899726.html
1899723	2017年10月份工业生产者出厂价格同比上涨6.9%-国家统计局	https://www.stats.gov.cn/sj/zxfb/202302/t20230203_1899723.html
1899722	2017年10月份居民消费价格同比上涨1.9%-国家统计局	https://www.stats.gov.cn/sj/zxfb/202302/t20230203_1899722.html
1899721	流通领域重要生产资料市场价格变动情况（2017年10月21日-30日）-国家统计局	https://www.stats.gov.cn/sj/zxfb/202302/t20230203_1899721.html
1899720	50个城市主要食品平均价格变动情况（2017年10月21-30日）-国家统计局	https://www.stats.gov.cn/sj/zxfb/202302/t20230203_1899720.html
1899715	2017年10月中国非制造业商务活动指数为54.3%-国家统计局	https://www.stats.gov.cn/sj/zxfb/202302/t20230203_1899715.html
1899714	2017年10月中国制造业采购经理指数为51.6%-国家统计局	https://www.stats.gov.cn/sj/zxfb/202302/t20230203_1899714.html
1899713	2017年前三季度全国规模以上文化及相关产业企业营业收入增长11.4%-国家统计局	https://www.stats.gov.cn/sj/zxfb/202302/t20230203_1899713.html
1899711	郭同欣：四大宏观指标好于预期稳中向好态势持续发展-国家统计局	https://www.stats.gov.cn/sj/zxfb/202302/t20230203_1899711.html
1899709	2017年1-9月份全国规模以上工业企业利润总额同比增长22.8%-国家统计局	https://www.stats.gov.cn/sj/zxfb/202302/t20230203_1899709.html
1899708	2016年《中国儿童发展纲要（2011-2020年）》统计监测报告-国家统计局	https://www.stats.gov.cn/sj/zxfb/202302/t20230203_1899708.html
1899707	2016年《中国妇女发展纲要（2011-2020年）》统计监测报告-国家统计局	https://www.stats.gov.cn/sj/zxfb/202302/t20230203_1899707.html
1899706	流通领域重要生产资料市场价格变动情况（2017年10月11日-20日）-国家统计局	https://www.stats.gov.cn/sj/zxfb/202302/t20230203_1899706.html
1899705	50个城市主要食品平均价格变动情况（2017年10月11-20日）-国家统计局	https://www.stats.gov.cn/sj/zxfb/202302/t20230203_1899705.html
1899703	2017年9月份70个大中城市住宅销售价格变动情况-国家统计局	https://www.stats.gov.cn/sj/zxfb/202302/t20230203_1899703.html
1899693	2017年三季度我国GDP初步核算结果-国家统计局	https://www.stats.gov.cn/sj/zxfb/202302/t20230203_1899693.html
1899691	9月份能源生产情况-国家统计局	https://www.stats.gov.cn/sj/zxfb/202302/t20230203_1899691.html
1899690	2017年前三季度居民收入和消费支出情况-国家统计局	https://www.stats.gov.cn/sj/zxfb/202302/t20230203_1899690.html
1899689	2017年9月份社会消费品零售总额增长10.3%-国家统计局	https://www.stats.gov.cn/sj/zxfb/202302/t20230203_1899689.html
1899688	2017年1-9月份全国房地产开发投资和销售情况-国家统计局	https://www.stats.gov.cn/sj/zxfb/202302/t20230203_1899688.html
1899687	2017年1-9月份民间固定资产投资增长6%-国家统计局	https://www.stats.gov.cn/sj/zxfb/202302/t20230203_1899687.html
1899686	2017年1-9月份全国固定资产投资（不含农户）增长7.5%-国家统计局	https://www.stats.gov.cn/sj/zxfb/202302/t20230203_1899686.html
1899685	2017年9月份规模以上工业增加值增长6.6%-国家统计局	https://www.stats.gov.cn/sj/zxfb/202302/t20230203_1899685.html
1899684	前三季度国民经济稳中向好态势持续发展-国家统计局	https://www.stats.gov.cn/sj/zxfb/202302/t20230203_1899684.html
1899682	2017年9月份工业生产者出厂价格同比上涨6.9%-国家统计局	https://www.stats.gov.cn/sj/zxfb/202302/t20230203_1899682.html
1899681	2017年9月份居民消费价格同比上涨1.6%-国家统计局	https://www.stats.gov.cn/sj/zxfb/202302/t20230203_1899681.html
1899680	流通领域重要生产资料市场价格变动情况（2017年10月1日-10日）-国家统计局	https://www.stats.gov.cn/sj/zxfb/202302/t20230203_1899680.html
1899679	50个城市主要食品平均价格变动情况（2017年10月1-10日）-国家统计局	https://www.stats.gov.cn/sj/zxfb/202302/t20230203_1899679.html
1899676	新理念引领新常态新实践谱写新篇章——党的十八大以来我国经济社会发展成就辉煌-国家统计局	https://www.stats.gov.cn/sj/zxfb/202302/t20230203_1899676.html
1899675	流通领域重要生产资料市场价格变动情况（2017年9月21日-30日）-国家统计局	https://www.stats.gov.cn/sj/zxfb/202302/t20230203_1899675.html
1899674	50个城市主要食品平均价格变动情况（2017年9月21-30日）-国家统计局	https://www.stats.gov.cn/sj/zxfb/202302/t20230203_1899674.html
1899672	2016年全国科技经费投入统计公报-国家统计局	https://www.stats.gov.cn/sj/zxfb/202302/t20230203_1899672.html
1899670	2017年9月中国非制造业商务活动指数为55.4%-国家统计局	https://www.stats.gov.cn/sj/zxfb/202302/t20230203_1899670.html
1899669	2017年9月中国制造业采购经理指数为52.4%-国家统计局	https://www.stats.gov.cn/sj/zxfb/202302/t20230203_1899669.html
1899666	2017年1-8月份全国规模以上工业企业利润总额同比增长21.6%-国家统计局	https://www.stats.gov.cn/sj/zxfb/202302/t20230203_1899666.html
1899665	2016年我国文化及相关产业增加值比上年增长13%-国家统计局	https://www.stats.gov.cn/sj/zxfb/202302/t20230203_1899665.html
1899664	流通领域重要生产资料市场价格变动情况（2017年9月11日-20日）-国家统计局	https://www.stats.gov.cn/sj/zxfb/202302/t20230203_1899664.html
1899663	50个城市主要食品平均价格变动情况（2017年9月11-20日）-国家统计局	https://www.stats.gov.cn/sj/zxfb/202302/t20230203_1899663.html
1899659	2017年8月份70个大中城市住宅销售价格变动情况-国家统计局	https://www.stats.gov.cn/sj/zxfb/202302/t20230203_1899659.html
1899657	8月份能源生产情况-国家统计局	https://www.stats.gov.cn/sj/zxfb/202302/t20230203_1899657.html
1899653	2017年8月份社会消费品零售总额增长10.1%-国家统计局	https://www.stats.gov.cn/sj/zxfb/202302/t20230203_1899653.html
1899652	2017年1-8月份全国房地产开发投资和销售情况-国家统计局	https://www.stats.gov.cn/sj/zxfb/202302/t20230203_1899652.html
1899651	2017年1-8月份民间固定资产投资增长6.4%-国家统计局	https://www.stats.gov.cn/sj/zxfb/202302/t20230203_1899651.html
1899650	2017年1-8月份全国固定资产投资（不含农户）增长7.8%-国家统计局	https://www.stats.gov.cn/sj/zxfb/202302/t20230203_1899650.html
1899649	2017年8月份规模以上工业增加值增长6.0%-国家统计局	https://www.stats.gov.cn/sj/zxfb/202302/t20230203_1899649.html
1899648	8月份国民经济保持稳中有进、稳中向好发展态势-国家统计局	https://www.stats.gov.cn/sj/zxfb/202302/t20230203_1899648.html
1899647	流通领域重要生产资料市场价格变动情况（2017年9月1日-10日）-国家统计局	https://www.stats.gov.cn/sj/zxfb/202302/t20230203_1899647.html
1899646	50个城市主要食品平均价格变动情况（2017年9月1-10日）-国家统计局	https://www.stats.gov.cn/sj/zxfb/202302/t20230203_1899646.html
1899644	2017年8月份工业生产者出厂价格同比上涨6.3%-国家统计局	https://www.stats.gov.cn/sj/zxfb/202302/t20230203_1899644.html
1899643	2017年8月份居民消费价格同比上涨1.8%-国家统计局	https://www.stats.gov.cn/sj/zxfb/202302/t20230203_1899643.html
1899641	流通领域重要生产资料市场价格变动情况（2017年8月21日-30日）-国家统计局	https://www.stats.gov.cn/sj/zxfb/202302/t20230203_1899641.html
1899640	50个城市主要食品平均价格变动情况（2017年8月21-30日）-国家统计局	https://www.stats.gov.cn/sj/zxfb/202302/t20230203_1899640.html
1899638	2017年8月中国非制造业商务活动指数为53.4%-国家统计局	https://www.stats.gov.cn/sj/zxfb/202302/t20230203_1899638.html
1899637	2017年8月中国制造业采购经理指数为51.7%-国家统计局	https://www.stats.gov.cn/sj/zxfb/202302/t20230203_1899637.html
1899634	2017年1-7月份全国规模以上工业企业利润总额同比增长21.2%-国家统计局	https://www.stats.gov.cn/sj/zxfb/202302/t20230203_1899634.html
1899632	国家统计局关于2017年早稻产量数据的公告-国家统计局	https://www.stats.gov.cn/sj/zxfb/202302/t20230203_1899632.html
1899628	流通领域重要生产资料市场价格变动情况（2017年8月11日-20日）-国家统计局	https://www.stats.gov.cn/sj/zxfb/202302/t20230203_1899628.html
1899627	50个城市主要食品平均价格变动情况（2017年8月11-20日）-国家统计局	https://www.stats.gov.cn/sj/zxfb/202302/t20230203_1899627.html
1899625	2017年7月份70个大中城市住宅销售价格变动情况-国家统计局	https://www.stats.gov.cn/sj/zxfb/202302/t20230203_1899625.html
1899623	7月份能源生产情况-国家统计局	https://www.stats.gov.cn/sj/zxfb/202302/t20230203_1899623.html
1899619	2017年7月份社会消费品零售总额增长10.4%-国家统计局	https://www.stats.gov.cn/sj/zxfb/202302/t20230203_1899619.html
1899618	2017年1-7月份全国房地产开发投资和销售情况-国家统计局	https://www.stats.gov.cn/sj/zxfb/202302/t20230203_1899618.html
1899617	2017年1-7月份民间固定资产投资增长6.9%-国家统计局	https://www.stats.gov.cn/sj/zxfb/202302/t20230203_1899617.html
1899616	2017年1-7月份全国固定资产投资（不含农户）增长8.3%-国家统计局	https://www.stats.gov.cn/sj/zxfb/202302/t20230203_1899616.html
1899615	2017年7月份规模以上工业增加值增长6.4%-国家统计局	https://www.stats.gov.cn/sj/zxfb/202302/t20230203_1899615.html
1899614	7月份经济运行总体平稳向好势头持续发展-国家统计局	https://www.stats.gov.cn/sj/zxfb/202302/t20230203_1899614.html
1899613	流通领域重要生产资料市场价格变动情况（2017年8月1日-10日）-国家统计局	https://www.stats.gov.cn/sj/zxfb/202302/t20230203_1899613.html
1899612	50个城市主要食品平均价格变动情况（2017年8月1-10日）-国家统计局	https://www.stats.gov.cn/sj/zxfb/202302/t20230203_1899612.html
1899610	2017年7月份工业生产者出厂价格同比上涨5.5%-国家统计局	https://www.stats.gov.cn/sj/zxfb/202302/t20230203_1899610.html
1899609	2017年7月份居民消费价格同比上涨1.4%-国家统计局	https://www.stats.gov.cn/sj/zxfb/202302/t20230203_1899609.html
1899608	国家统计局企业问卷调查显示工业企业对优惠政策感受度明显上升-国家统计局	https://www.stats.gov.cn/sj/zxfb/202302/t20230203_1899608.html
1899607	流通领域重要生产资料市场价格变动情况（2017年7月21日-30日）-国家统计局	https://www.stats.gov.cn/sj/zxfb/202302/t20230203_1899607.html
1899606	50个城市主要食品平均价格变动情况（2017年7月21-30日）-国家统计局	https://www.stats.gov.cn/sj/zxfb/202302/t20230203_1899606.html
1899605	财经观察：中国将继续发挥全球经济“稳定器”作用——国际机构看好中国经济前景-国家统计局	https://www.stats.gov.cn/sj/zxfb/202302/t20230203_1899605.html
1899604	国际机构纷纷上调我国经济增速预期彰显经济发展底气-国家统计局	https://www.stats.gov.cn/sj/zxfb/202302/t20230203_1899604.html
1899602	2017年7月中国非制造业商务活动指数为54.5%-国家统计局	https://www.stats.gov.cn/sj/zxfb/202302/t20230203_1899602.html
1899601	2017年7月中国制造业采购经理指数为51.4%-国家统计局	https://www.stats.gov.cn/sj/zxfb/202302/t20230203_1899601.html
1899600	2017年上半年全国规模以上文化及相关产业企业营业收入增长11.7%-国家统计局	https://www.stats.gov.cn/sj/zxfb/202302/t20230203_1899600.html
1899598	2017年1-6月份全国规模以上工业企业利润总额同比增长22%-国家统计局	https://www.stats.gov.cn/sj/zxfb/202302/t20230203_1899598.html
1899597	流通领域重要生产资料市场价格变动情况（2017年7月11日-20日）-国家统计局	https://www.stats.gov.cn/sj/zxfb/202302/t20230203_1899597.html
1899596	50个城市主要食品平均价格变动情况（2017年7月11-20日）-国家统计局	https://www.stats.gov.cn/sj/zxfb/202302/t20230203_1899596.html
1899595	2016年分省（区、市）万元地区生产总值能耗降低率等指标公报-国家统计局	https://www.stats.gov.cn/sj/zxfb/202302/t20230203_1899595.html
1899586	2017年6月份70个大中城市住宅销售价格变动情况-国家统计局	https://www.stats.gov.cn/sj/zxfb/202302/t20230203_1899586.html
1899585	2017年二季度和上半年我国GDP初步核算结果-国家统计局	https://www.stats.gov.cn/sj/zxfb/202302/t20230203_1899585.html
1899583	6月份能源生产平稳增长-国家统计局	https://www.stats.gov.cn/sj/zxfb/202302/t20230203_1899583.html
1899582	2017年上半年居民收入和消费支出情况-国家统计局	https://www.stats.gov.cn/sj/zxfb/202302/t20230203_1899582.html
1899581	2017年6月份社会消费品零售总额增长11.0%-国家统计局	https://www.stats.gov.cn/sj/zxfb/202302/t20230203_1899581.html
1899580	2017年1-6月份全国房地产开发投资和销售情况-国家统计局	https://www.stats.gov.cn/sj/zxfb/202302/t20230203_1899580.html
1899579	2017年1-6月份民间固定资产投资增长7.2%-国家统计局	https://www.stats.gov.cn/sj/zxfb/202302/t20230203_1899579.html
1899578	2017年1-6月份全国固定资产投资（不含农户）增长8.6%-国家统计局	https://www.stats.gov.cn/sj/zxfb/202302/t20230203_1899578.html
1899577	2017年6月份规模以上工业增加值增长7.6%-国家统计局	https://www.stats.gov.cn/sj/zxfb/202302/t20230203_1899577.html
1899576	上半年国民经济稳中向好态势更趋明显-国家统计局	https://www.stats.gov.cn/sj/zxfb/202302/t20230203_1899576.html
1899574	流通领域重要生产资料市场价格变动情况（2017年7月1日-10日）-国家统计局	https://www.stats.gov.cn/sj/zxfb/202302/t20230203_1899574.html
1899573	50个城市主要食品平均价格变动情况（2017年7月1-10日）-国家统计局	https://www.stats.gov.cn/sj/zxfb/202302/t20230203_1899573.html
1899571	国家统计局关于2017年夏粮产量数据的公告-国家统计局	https://www.stats.gov.cn/sj/zxfb/202302/t20230203_1899571.html
1899569	2017年6月份工业生产者出厂价格同比上涨5.5%-国家统计局	https://www.stats.gov.cn/sj/zxfb/202302/t20230203_1899569.html
1899568	2017年6月份居民消费价格同比上涨1.5%-国家统计局	https://www.stats.gov.cn/sj/zxfb/202302/t20230203_1899568.html
1899567	流通领域重要生产资料市场价格变动情况（2017年6月21日-30日）-国家统计局	https://www.stats.gov.cn/sj/zxfb/202302/t20230203_1899567.html
1899566	50个城市主要食品平均价格变动情况（2017年6月21-30日）-国家统计局	https://www.stats.gov.cn/sj/zxfb/202302/t20230203_1899566.html
1899564	2017年6月中国非制造业商务活动指数为54.9%-国家统计局	https://www.stats.gov.cn/sj/zxfb/202302/t20230203_1899564.html
1899563	2017年6月中国制造业采购经理指数为51.7%-国家统计局	https://www.stats.gov.cn/sj/zxfb/202302/t20230203_1899563.html
1899561	2017年1-5月份全国规模以上工业企业利润总额同比增长22.7%-国家统计局	https://www.stats.gov.cn/sj/zxfb/202302/t20230203_1899561.html
1899557	流通领域重要生产资料市场价格变动情况（2017年6月11日-20日）-国家统计局	https://www.stats.gov.cn/sj/zxfb/202302/t20230203_1899557.html
1899556	50个城市主要食品平均价格变动情况（2017年6月11-20日）-国家统计局	https://www.stats.gov.cn/sj/zxfb/202302/t20230203_1899556.html
1899553	2017年5月份70个大中城市住宅销售价格变动情况-国家统计局	https://www.stats.gov.cn/sj/zxfb/202302/t20230203_1899553.html
1899551	5月份能源生产总体平稳-国家统计局	https://www.stats.gov.cn/sj/zxfb/202302/t20230203_1899551.html
1899547	2017年5月份社会消费品零售总额增长10.7%-国家统计局	https://www.stats.gov.cn/sj/zxfb/202302/t20230203_1899547.html
1899546	2017年1-5月份全国房地产开发投资和销售情况-国家统计局	https://www.stats.gov.cn/sj/zxfb/202302/t20230203_1899546.html
1899545	2017年1-5月份民间固定资产投资增长6.8%-国家统计局	https://www.stats.gov.cn/sj/zxfb/202302/t20230203_1899545.html
1899544	2017年1-5月份全国固定资产投资（不含农户）增长8.6%-国家统计局	https://www.stats.gov.cn/sj/zxfb/202302/t20230203_1899544.html
1899543	2017年5月份规模以上工业增加值增长6.5%-国家统计局	https://www.stats.gov.cn/sj/zxfb/202302/t20230203_1899543.html
1899542	5月份经济运行总体平稳、稳中向好-国家统计局	https://www.stats.gov.cn/sj/zxfb/202302/t20230203_1899542.html
1899541	流通领域重要生产资料市场价格变动情况（2017年6月1日-10日）-国家统计局	https://www.stats.gov.cn/sj/zxfb/202302/t20230203_1899541.html
1899540	50个城市主要食品平均价格变动情况（2017年6月1-10日）-国家统计局	https://www.stats.gov.cn/sj/zxfb/202302/t20230203_1899540.html
1899538	2017年5月份工业生产者出厂价格同比上涨5.5%-国家统计局	https://www.stats.gov.cn/sj/zxfb/202302/t20230203_1899538.html
1899537	2017年5月份居民消费价格同比上涨1.5%-国家统计局	https://www.stats.gov.cn/sj/zxfb/202302/t20230203_1899537.html
1899535	流通领域重要生产资料市场价格变动情况（2017年5月21日-30日）-国家统计局	https://www.stats.gov.cn/sj/zxfb/202302/t20230203_1899535.html
1899534	50个城市主要食品平均价格变动情况（2017年5月21-30日）-国家统计局	https://www.stats.gov.cn/sj/zxfb/202302/t20230203_1899534.html
1899530	2017年5月中国制造业采购经理指数为51.2%-国家统计局	https://www.stats.gov.cn/sj/zxfb/202302/t20230203_1899530.html
1899529	2017年5月中国非制造业商务活动指数为54.5%-国家统计局	https://www.stats.gov.cn/sj/zxfb/202302/t20230203_1899529.html
1899526	2016年城镇私营单位就业人员年平均工资42833元-国家统计局	https://www.stats.gov.cn/sj/zxfb/202302/t20230203_1899526.html
1899525	2016年城镇非私营单位就业人员年平均工资67569元-国家统计局	https://www.stats.gov.cn/sj/zxfb/202302/t20230203_1899525.html
1899524	2016年联网直报平台企业不同岗位平均工资情况-国家统计局	https://www.stats.gov.cn/sj/zxfb/202302/t20230203_1899524.html
1899523	2017年1-4月份全国规模以上工业企业利润总额同比增长24.4%-国家统计局	https://www.stats.gov.cn/sj/zxfb/202302/t20230203_1899523.html
1899521	流通领域重要生产资料市场价格变动情况（2017年5月11日-20日）-国家统计局	https://www.stats.gov.cn/sj/zxfb/202302/t20230203_1899521.html
1899520	50个城市主要食品平均价格变动情况（2017年5月11-20日）-国家统计局	https://www.stats.gov.cn/sj/zxfb/202302/t20230203_1899520.html
1899518	2017年4月份70个大中城市住宅销售价格变动情况-国家统计局	https://www.stats.gov.cn/sj/zxfb/202302/t20230203_1899518.html
1899517	2017年4月份能源生产情况-国家统计局	https://www.stats.gov.cn/sj/zxfb/202302/t20230203_1899517.html
1899512	2017年4月份社会消费品零售总额增长10.7%-国家统计局	https://www.stats.gov.cn/sj/zxfb/202302/t20230203_1899512.html
1899511	2017年1-4月份全国房地产开发投资和销售情况-国家统计局	https://www.stats.gov.cn/sj/zxfb/202302/t20230203_1899511.html
1899510	2017年1-4月份民间固定资产投资增长6.9%-国家统计局	https://www.stats.gov.cn/sj/zxfb/202302/t20230203_1899510.html
1899509	2017年1-4月份全国固定资产投资（不含农户）增长8.9%-国家统计局	https://www.stats.gov.cn/sj/zxfb/202302/t20230203_1899509.html
1899508	2017年4月份规模以上工业增加值增长6.5%-国家统计局	https://www.stats.gov.cn/sj/zxfb/202302/t20230203_1899508.html
1899507	4月份国民经济继续保持稳中向好态势-国家统计局	https://www.stats.gov.cn/sj/zxfb/202302/t20230203_1899507.html
1899506	流通领域重要生产资料市场价格变动情况（2017年5月1日-10日）-国家统计局	https://www.stats.gov.cn/sj/zxfb/202302/t20230203_1899506.html
1899505	50个城市主要食品平均价格变动情况（2017年5月1-10日）-国家统计局	https://www.stats.gov.cn/sj/zxfb/202302/t20230203_1899505.html
1899503	2017年4月份工业生产者出厂价格同比上涨6.4%-国家统计局	https://www.stats.gov.cn/sj/zxfb/202302/t20230203_1899503.html
1899502	2017年4月份居民消费价格同比上涨1.2%-国家统计局	https://www.stats.gov.cn/sj/zxfb/202302/t20230203_1899502.html
1899501	流通领域重要生产资料市场价格变动情况（2017年4月21日-30日）-国家统计局	https://www.stats.gov.cn/sj/zxfb/202302/t20230203_1899501.html
1899500	50个城市主要食品平均价格变动情况（2017年4月21-30日）-国家统计局	https://www.stats.gov.cn/sj/zxfb/202302/t20230203_1899500.html
1899498	2017年4月中国非制造业商务活动指数为54.0%-国家统计局	https://www.stats.gov.cn/sj/zxfb/202302/t20230203_1899498.html
1899497	2017年4月中国制造业采购经理指数为51.2%-国家统计局	https://www.stats.gov.cn/sj/zxfb/202302/t20230203_1899497.html
1899496	国家石油储备建设取得重要进展-国家统计局	https://www.stats.gov.cn/sj/zxfb/202302/t20230203_1899496.html
1899495	2016年农民工监测调查报告-国家统计局	https://www.stats.gov.cn/sj/zxfb/202302/t20230203_1899495.html
1899494	2017年1季度全国规模以上文化及相关产业企业营业收入增长11.0%-国家统计局	https://www.stats.gov.cn/sj/zxfb/202302/t20230203_1899494.html
1899491	2017年1-3月份全国规模以上工业企业利润总额同比增长28.3%-国家统计局	https://www.stats.gov.cn/sj/zxfb/202302/t20230203_1899491.html
1899490	流通领域重要生产资料市场价格变动情况（2017年4月11日-20日）-国家统计局	https://www.stats.gov.cn/sj/zxfb/202302/t20230203_1899490.html
1899489	50个城市主要食品平均价格变动情况（2017年4月11-20日）-国家统计局	https://www.stats.gov.cn/sj/zxfb/202302/t20230203_1899489.html
1899480	2017年1季度我国GDP初步核算结果-国家统计局	https://www.stats.gov.cn/sj/zxfb/202302/t20230203_1899480.html
1899479	2017年3月份70个大中城市住宅销售价格变动情况-国家统计局	https://www.stats.gov.cn/sj/zxfb/202302/t20230203_1899479.html
1899477	2017年3月份能源生产情况-国家统计局	https://www.stats.gov.cn/sj/zxfb/202302/t20230203_1899477.html
1899476	一季度居民收入和消费支出情况-国家统计局	https://www.stats.gov.cn/sj/zxfb/202302/t20230203_1899476.html
1899475	2017年3月份社会消费品零售总额增长10.9%-国家统计局	https://www.stats.gov.cn/sj/zxfb/202302/t20230203_1899475.html
1899474	2017年1-3月份全国房地产开发投资和销售情况-国家统计局	https://www.stats.gov.cn/sj/zxfb/202302/t20230203_1899474.html
1899473	2017年1-3月份民间固定资产投资增长7.7%-国家统计局	https://www.stats.gov.cn/sj/zxfb/202302/t20230203_1899473.html
1899472	2017年1-3月份全国固定资产投资（不含农户）增长9.2%-国家统计局	https://www.stats.gov.cn/sj/zxfb/202302/t20230203_1899472.html
1899471	2017年3月份规模以上工业增加值增长7.6%-国家统计局	https://www.stats.gov.cn/sj/zxfb/202302/t20230203_1899471.html
1899470	一季度国民经济运行开局良好-国家统计局	https://www.stats.gov.cn/sj/zxfb/202302/t20230203_1899470.html
1899469	流通领域重要生产资料市场价格变动情况（2017年4月1-10日）-国家统计局	https://www.stats.gov.cn/sj/zxfb/202302/t20230203_1899469.html
1899468	50个城市主要食品平均价格变动情况（2017年4月1-10日）-国家统计局	https://www.stats.gov.cn/sj/zxfb/202302/t20230203_1899468.html
1899466	2017年3月份工业生产者出厂价格同比上涨7.6%-国家统计局	https://www.stats.gov.cn/sj/zxfb/202302/t20230203_1899466.html
1899465	2017年3月份居民消费价格同比上涨0.9%-国家统计局	https://www.stats.gov.cn/sj/zxfb/202302/t20230203_1899465.html
1899464	流通领域重要生产资料市场价格变动情况（2017年3月21-30日）-国家统计局	https://www.stats.gov.cn/sj/zxfb/202302/t20230203_1899464.html
1899463	50个城市主要食品平均价格变动情况（2017年3月21-30日）-国家统计局	https://www.stats.gov.cn/sj/zxfb/202302/t20230203_1899463.html
1899461	2017年3月中国非制造业商务活动指数为55.1%-国家统计局	https://www.stats.gov.cn/sj/zxfb/202302/t20230203_1899461.html
1899460	2017年3月中国制造业采购经理指数为51.8%-国家统计局	https://www.stats.gov.cn/sj/zxfb/202302/t20230203_1899460.html
1899457	2017年1-2月份全国规模以上工业企业利润总额同比增长31.5%-国家统计局	https://www.stats.gov.cn/sj/zxfb/202302/t20230203_1899457.html
1899456	流通领域重要生产资料市场价格变动情况（2017年3月11-20日）-国家统计局	https://www.stats.gov.cn/sj/zxfb/202302/t20230203_1899456.html
1899455	50个城市主要食品平均价格变动情况（2017年3月11-20日）-国家统计局	https://www.stats.gov.cn/sj/zxfb/202302/t20230203_1899455.html
1899453	2017年2月份70个大中城市住宅销售价格变动情况-国家统计局	https://www.stats.gov.cn/sj/zxfb/202302/t20230203_1899453.html
1899452	2017年1-2月份能源生产情况-国家统计局	https://www.stats.gov.cn/sj/zxfb/202302/t20230203_1899452.html
1899446	2017年1-2月份社会消费品零售总额增长9.5%-国家统计局	https://www.stats.gov.cn/sj/zxfb/202302/t20230203_1899446.html
1899445	2017年1-2月份全国房地产开发投资和销售情况-国家统计局	https://www.stats.gov.cn/sj/zxfb/202302/t20230203_1899445.html
1899444	2017年1-2月份民间固定资产投资增长6.7%-国家统计局	https://www.stats.gov.cn/sj/zxfb/202302/t20230203_1899444.html
1899443	2017年1-2月份全国固定资产投资（不含农户）增长8.9%-国家统计局	https://www.stats.gov.cn/sj/zxfb/202302/t20230203_1899443.html
1899442	2017年1-2月份规模以上工业增加值增长6.3%-国家统计局	https://www.stats.gov.cn/sj/zxfb/202302/t20230203_1899442.html
1899441	1-2月份国民经济运行稳中向好-国家统计局	https://www.stats.gov.cn/sj/zxfb/202302/t20230203_1899441.html
1899440	流通领域重要生产资料市场价格变动情况（2017年3月1-10日）-国家统计局	https://www.stats.gov.cn/sj/zxfb/202302/t20230203_1899440.html
1899439	50个城市主要食品平均价格变动情况（2017年3月1-10日）-国家统计局	https://www.stats.gov.cn/sj/zxfb/202302/t20230203_1899439.html
1899437	2017年2月份工业生产者出厂价格同比上涨7.8%-国家统计局	https://www.stats.gov.cn/sj/zxfb/202302/t20230203_1899437.html
1899436	2017年2月份居民消费价格同比上涨0.8%-国家统计局	https://www.stats.gov.cn/sj/zxfb/202302/t20230203_1899436.html
1899435	流通领域重要生产资料市场价格变动情况（2017年2月21-28日）-国家统计局	https://www.stats.gov.cn/sj/zxfb/202302/t20230203_1899435.html
1899434	50个城市主要食品平均价格变动情况（2017年2月21-28日）-国家统计局	https://www.stats.gov.cn/sj/zxfb/202302/t20230203_1899434.html
1899432	2017年2月中国非制造业商务活动指数为54.2%-国家统计局	https://www.stats.gov.cn/sj/zxfb/202302/t20230203_1899432.html
1899431	2017年2月中国制造业采购经理指数为51.6%-国家统计局	https://www.stats.gov.cn/sj/zxfb/202302/t20230203_1899431.html
1899430	2016年能源生产情况-国家统计局	https://www.stats.gov.cn/sj/zxfb/202302/t20230203_1899430.html
1899428	中华人民共和国2016年国民经济和社会发展统计公报-国家统计局	https://www.stats.gov.cn/sj/zxfb/202302/t20230203_1899428.html
1899427	流通领域重要生产资料市场价格变动情况（2017年2月11-20日）-国家统计局	https://www.stats.gov.cn/sj/zxfb/202302/t20230203_1899427.html
1899426	50个城市主要食品平均价格变动情况（2017年2月11-20日）-国家统计局	https://www.stats.gov.cn/sj/zxfb/202302/t20230203_1899426.html
1899424	2017年1月份70个大中城市住宅销售价格变动情况-国家统计局	https://www.stats.gov.cn/sj/zxfb/202302/t20230203_1899424.html
1899421	2017年1月份工业生产者出厂价格同比上涨6.9%-国家统计局	https://www.stats.gov.cn/sj/zxfb/202302/t20230203_1899421.html
1899420	2017年1月份居民消费价格同比上涨2.5%-国家统计局	https://www.stats.gov.cn/sj/zxfb/202302/t20230203_1899420.html
1899419	流通领域重要生产资料市场价格变动情况（2017年2月1-10日）-国家统计局	https://www.stats.gov.cn/sj/zxfb/202302/t20230203_1899419.html
1899418	50个城市主要食品平均价格变动情况（2017年2月1-10日）-国家统计局	https://www.stats.gov.cn/sj/zxfb/202302/t20230203_1899418.html
1899417	2016年全国规模以上文化及相关产业企业营业收入增长7.5%-国家统计局	https://www.stats.gov.cn/sj/zxfb/202302/t20230203_1899417.html
1899415	2017年1月中国非制造业商务活动指数为54.6%-国家统计局	https://www.stats.gov.cn/sj/zxfb/202302/t20230203_1899415.html
1899414	2017年1月中国制造业采购经理指数为51.3%-国家统计局	https://www.stats.gov.cn/sj/zxfb/202302/t20230203_1899414.html
1899412	2016年全国规模以上工业企业利润总额比上年增长8.5%-国家统计局	https://www.stats.gov.cn/sj/zxfb/202302/t20230203_1899412.html
1899411	流通领域重要生产资料市场价格变动情况（2017年1月11-20日）-国家统计局	https://www.stats.gov.cn/sj/zxfb/202302/t20230203_1899411.html
1899410	50个城市主要食品平均价格变动情况（2017年1月11-20日）-国家统计局	https://www.stats.gov.cn/sj/zxfb/202302/t20230203_1899410.html
1899404	2016年12月份煤油气电生产平稳增长-国家统计局	https://www.stats.gov.cn/sj/zxfb/202302/t20230203_1899404.html
1899403	2016年4季度和全年我国GDP初步核算结果-国家统计局	https://www.stats.gov.cn/sj/zxfb/202302/t20230203_1899403.html
