https://www.stats.gov.cn/sj/zxfb/202302/t20230228_1919045.html	?
https://www.stats.gov.cn/sj/zxfb/202303/t20230301_1919178.html	2009年全国房地产市场运行情况-国家统计局
https://www.stats.gov.cn/sj/zxfb/202303/t20230301_1919183.html	1月份70个大中城市房屋销售价格同比上涨9.5%-国家统计局
https://www.stats.gov.cn/sj/zxfb/202303/t20230301_1919187.html	1-2月全国房地产市场运行情况-国家统计局
https://www.stats.gov.cn/sj/zxfb/202303/t20230301_1919194.html	1-3月全国房地产市场运行情况-国家统计局
https://www.stats.gov.cn/sj/zxfb/202303/t20230301_1919197.html	1-4月全国房地产市场运行情况-国家统计局
https://www.stats.gov.cn/sj/zxfb/202303/t20230301_1919200.html	1-5月全国房地产市场运行情况-国家统计局
https://www.stats.gov.cn/sj/zxfb/202303/t20230301_1919206.html	2010年上半年全国房地产市场运行情况-国家统计局
https://www.stats.gov.cn/sj/zxfb/202303/t20230301_1919209.html	2009年城镇非私营单位在岗职工年平均工资主要情况-国家统计局
https://www.stats.gov.cn/sj/zxfb/202303/t20230301_1919217.html	1-8月全国房地产市场运行情况-国家统计局
https://www.stats.gov.cn/sj/zxfb/202303/t20230301_1919221.html	三季度企业景气指数为137.9-国家统计局
https://www.stats.gov.cn/sj/zxfb/202303/t20230301_1919223.html	前三季度全国房地产市场运行情况-国家统计局
https://www.stats.gov.cn/sj/zxfb/202303/t20230301_1919227.html	1-10月全国房地产市场运行情况-国家统计局
https://www.stats.gov.cn/sj/zxfb/202303/t20230301_1919231.html	1-11月全国房地产市场运行情况-国家统计局
https://www.stats.gov.cn/sj/zxfb/202303/t20230301_1919237.html	2010年全国房地产市场运行情况-国家统计局
https://www.stats.gov.cn/sj/zxfb/202303/t20230301_1919242.html	2011年1月份70个大中城市住宅销售价格变动情况-国家统计局
https://www.stats.gov.cn/sj/zxfb/202303/t20230301_1919255.html	2010年第六次全国人口普查主要数据公报（第2号）-国家统计局
https://www.stats.gov.cn/sj/zxfb/202303/t20230301_1919256.html	第六次全国人口普查主要数据发布-国家统计局
https://www.stats.gov.cn/sj/zxfb/202303/t20230301_1919257.html	2010年第六次全国人口普查接受普查登记的港澳台居民和外籍人员主要数据-国家统计局
https://www.stats.gov.cn/sj/zxfb/202303/t20230301_1919260.html	2010年城镇私营单位就业人员年平均工资主要情况-国家统计局
https://www.stats.gov.cn/sj/zxfb/202303/t20230301_1919391.html	1月份全国居民消费价格同比上涨7.1%城市涨6.8%-国家统计局
https://www.stats.gov.cn/sj/zxfb/202303/t20230301_1919494.html	2008年全国国民经济和社会发展统计公报-国家统计局
https://www.stats.gov.cn/sj/zxfb/202303/t20230301_1919499.html	2009年2月工业生产主要指标-国家统计局
https://www.stats.gov.cn/sj/zxfb/202303/t20230301_1919504.html	2009年1-3月全国房地产市场运行情况-国家统计局
https://www.stats.gov.cn/sj/zxfb/202303/t20230301_1919569.html	1-11月份我国城镇固定资产投资同比增长27.8%-国家统计局
https://www.stats.gov.cn/sj/zxfb/202303/t20230301_1919693.html	1月份全国居民消费价格同比上涨2.2%农村上涨2.6%-国家统计局
https://www.stats.gov.cn/sj/zxfb/202303/t20230301_1919820.html	2004年全国县域社会经济综合发展指数前100位测评结果-国家统计局
https://www.stats.gov.cn/sj/zxfb/202303/t20230301_1919881.html	3月份“国房景气指数”为102.19同比下降3.33-国家统计局
https://www.stats.gov.cn/sj/zxfb/202303/t20230301_1920036.html	2002年城镇单位在岗职工年平均工资为12422元-国家统计局
https://www.stats.gov.cn/sj/zxfb/202303/t20230301_1920290.html	我国少年儿童比重有较大幅度下降-国家统计局
https://www.stats.gov.cn/sj/zxfb/202402/t20240208_1947625.html	国家统计局城市司首席统计师董莉娟解读2024年1月份CPI和PPI数据-国家统计局
https://www.stats.gov.cn/sj/zxfb/202402/t20240228_1947916.html	?
https://www.stats.gov.cn/sj/zxfb/202403/t20240301_1947971.html	2024年2月中国采购经理指数运行情况-国家统计局
https://www.stats.gov.cn/sj/zxfb/202403/t20240304_1948066.html	2024年2月下旬流通领域重要生产资料市场价格变动情况-国家统计局
https://www.stats.gov.cn/sj/zxfb/202403/t20240309_1948276.html	2024年2月份工业生产者出厂价格同比下降2.7%环比下降0.2%-国家统计局
https://www.stats.gov.cn/sj/zxfb/202403/t20240309_1948279.html	2024年2月份居民消费价格同比上涨0.7%环比上涨1.0%-国家统计局
https://www.stats.gov.cn/sj/zxfb/202403/t20240315_1948439.html	?
https://www.stats.gov.cn/sj/zxfb/202403/t20240318_1948493.html	?
https://www.stats.gov.cn/sj/zxfb/202403/t20240318_1948494.html	?
https://www.stats.gov.cn/sj/zxfb/202403/t20240318_1948495.html	?
https://www.stats.gov.cn/sj/zxfb/202403/t20240318_1948496.html	?
https://www.stats.gov.cn/sj/zxfb/202403/t20240318_1948497.html	?
https://www.stats.gov.cn/sj/zxfb/202403/t20240318_1948498.html	?
https://www.stats.gov.cn/sj/zxfb/202403/t20240322_1953806.html	?
https://www.stats.gov.cn/sj/zxfb/202403/t20240327_1953907.html	?
https://www.stats.gov.cn/sj/zxfb/202403/t20240329_1954065.html	?
https://www.stats.gov.cn/sj/zxfb/202501/t20250117_1944522.html	?
