2026年9月下旬流通领域重要生产资料市场价格变动情况	https://www.stats.gov.cn/sj/zxfb/202610/t20261008_1965465.html
2026年9月中国采购经理指数运行情况	https://www.stats.gov.cn/sj/zxfb/202609/t20260930_1965449.html
2026年1—8月份全国规模以上工业企业利润增长15.7%	https://www.stats.gov.cn/sj/zxfb/202609/t20260928_1965425.html
2026年9月中旬流通领域重要生产资料市场价格变动情况	https://www.stats.gov.cn/sj/zxfb/202609/t20260923_1965403.html
8月份国民经济运行平稳、发展向新向优	https://www.stats.gov.cn/sj/zxfb/202609/t20260915_1965307.html
2026年8月份规模以上工业增加值增长5.2%	https://www.stats.gov.cn/sj/zxfb/202609/t20260915_1965308.html
2026年1—8月份全国固定资产投资基本情况	https://www.stats.gov.cn/sj/zxfb/202609/t20260915_1965309.html
2026年1—8月份全国房地产市场基本情况	https://www.stats.gov.cn/sj/zxfb/202609/t20260915_1965310.html
2026年1—8月份社会消费品零售总额增长1.1%	https://www.stats.gov.cn/sj/zxfb/202609/t20260915_1965311.html
2026年8月份能源生产情况	https://www.stats.gov.cn/sj/zxfb/202609/t20260915_1965312.html
2026年8月份70个大中城市商品住宅销售价格变动情况	https://www.stats.gov.cn/sj/zxfb/202609/t20260915_1965304.html
2026年9月上旬流通领域重要生产资料市场价格变动情况	https://www.stats.gov.cn/sj/zxfb/202609/t20260914_1965293.html
2026年8月份居民消费价格同比上涨0.8%	https://www.stats.gov.cn/sj/zxfb/202609/t20260909_1965263.html
2026年8月份工业生产者出厂价格同比上涨3.8%环比上涨0.4%	https://www.stats.gov.cn/sj/zxfb/202609/t20260909_1965262.html
2026年8月下旬流通领域重要生产资料市场价格变动情况	https://www.stats.gov.cn/sj/zxfb/202609/t20260903_1965182.html
国际组织网站	https://www.stats.gov.cn/xglj/gjzz/202302/t20230219_1913504.html
联系我们	https://www.stats.gov.cn/wzgl/202302/t20230217_1912858.html
服务条款	https://www.stats.gov.cn/wzgl/202302/t20230217_1912857.html
2026年8月中国采购经理指数运行情况	https://www.stats.gov.cn/sj/zxfb/202608/t20260831_1965154.html
2025年经济发展新动能指数增长12.5%	https://www.stats.gov.cn/sj/zxfb/202608/t20260827_1965129.html
2026年1—7月份全国规模以上工业企业利润增长17.6%	https://www.stats.gov.cn/sj/zxfb/202608/t20260827_1965126.html
2026年8月中旬流通领域重要生产资料市场价格变动情况	https://www.stats.gov.cn/sj/zxfb/202608/t20260821_1965093.html
国家统计局关于2026年早稻产量数据的公告	https://www.stats.gov.cn/sj/zxfb/202608/t20260821_1965086.html
1—7月份国民经济保持总体平稳、向新向优发展态势	https://www.stats.gov.cn/sj/zxfb/202608/t20260817_1965056.html
2026年7月份规模以上工业增加值增长4.5%	https://www.stats.gov.cn/sj/zxfb/202608/t20260817_1965055.html
2026年1—7月份全国固定资产投资基本情况	https://www.stats.gov.cn/sj/zxfb/202608/t20260817_1965054.html
2026年1—7月份全国房地产市场基本情况	https://www.stats.gov.cn/sj/zxfb/202608/t20260817_1965053.html
2026年1—7月份社会消费品零售总额增长1.2%	https://www.stats.gov.cn/sj/zxfb/202608/t20260817_1965052.html
2026年7月份能源生产情况	https://www.stats.gov.cn/sj/zxfb/202608/t20260817_1965051.html
2026年7月份70个大中城市商品住宅销售价格变动情况	https://www.stats.gov.cn/sj/zxfb/202608/t20260817_1965050.html
2026年8月上旬流通领域重要生产资料市场价格变动情况	https://www.stats.gov.cn/sj/zxfb/202608/t20260813_1965025.html
2026年7月份居民消费价格同比上涨0.5%	https://www.stats.gov.cn/sj/zxfb/202608/t20260809_1965008.html
2026年7月份工业生产者出厂价格同比上涨3.5%	https://www.stats.gov.cn/sj/zxfb/202608/t20260809_1965007.html
2026年7月下旬流通领域重要生产资料市场价格变动情况	https://www.stats.gov.cn/sj/zxfb/202608/t20260803_1964273.html
2026年7月中国采购经理指数运行情况	https://www.stats.gov.cn/sj/zxfb/202607/t20260731_1964253.html
2025年我国“三新”经济增加值占国内生产总值比重为18.39%	https://www.stats.gov.cn/sj/zxfb/202607/t20260730_1964247.html
2026年上半年全国规模以上文化及相关产业企业营业收入增长4.6%	https://www.stats.gov.cn/sj/zxfb/202607/t20260730_1964244.html
2026年1—6月份全国规模以上工业企业利润增长18.7%	https://www.stats.gov.cn/sj/zxfb/202607/t20260727_1964194.html
2026年7月中旬流通领域重要生产资料市场价格变动情况	https://www.stats.gov.cn/sj/zxfb/202607/t20260723_1964185.html
2026年二季度和上半年国内生产总值初步核算结果	https://www.stats.gov.cn/sj/zxfb/202607/t20260716_1964142.html
上半年经济运行在合理区间新动能快速成长	https://www.stats.gov.cn/sj/zxfb/202607/t20260715_1964121.html
2026年6月份规模以上工业增加值增长5.3%	https://www.stats.gov.cn/sj/zxfb/202607/t20260715_1964123.html
2026年1—6月份全国固定资产投资基本情况	https://www.stats.gov.cn/sj/zxfb/202607/t20260715_1964124.html
2026年1—6月份全国房地产市场基本情况	https://www.stats.gov.cn/sj/zxfb/202607/t20260715_1964126.html
2026年上半年社会消费品零售总额增长1.3%	https://www.stats.gov.cn/sj/zxfb/202607/t20260715_1964127.html
2026年6月份能源生产情况	https://www.stats.gov.cn/sj/zxfb/202607/t20260715_1964128.html
2026年上半年居民收入和消费支出情况	https://www.stats.gov.cn/sj/zxfb/202607/t20260715_1964129.html
2026年二季度全国规模以上工业产能利用率为73.0%	https://www.stats.gov.cn/sj/zxfb/202607/t20260715_1964130.html
2026年6月份70个大中城市商品住宅销售价格变动情况	https://www.stats.gov.cn/sj/zxfb/202607/t20260715_1964115.html
2026年7月上旬流通领域重要生产资料市场价格变动情况	https://www.stats.gov.cn/sj/zxfb/202607/t20260713_1964100.html
国家统计局关于2026年夏粮产量数据的公告	https://www.stats.gov.cn/sj/zxfb/202607/t20260710_1964090.html
2026年6月份居民消费价格同比上涨1.0%	https://www.stats.gov.cn/sj/zxfb/202607/t20260709_1964084.html
2026年6月份工业生产者出厂价格同比上涨4.1%环比下降0.3%	https://www.stats.gov.cn/sj/zxfb/202607/t20260709_1964083.html
2026年6月下旬流通领域重要生产资料市场价格变动情况	https://www.stats.gov.cn/sj/zxfb/202607/t20260703_1964057.html
2026年6月中国采购经理指数运行情况	https://www.stats.gov.cn/sj/zxfb/202606/t20260630_1964032.html
2025年全国文化及相关产业发展情况报告	https://www.stats.gov.cn/sj/zxfb/202606/t20260629_1964025.html
2026年1—5月份全国规模以上工业企业利润增长18.8%	https://www.stats.gov.cn/sj/zxfb/202606/t20260627_1964019.html
2026年6月中旬流通领域重要生产资料市场价格变动情况	https://www.stats.gov.cn/sj/zxfb/202606/t20260623_1963989.html
5月份国民经济运行总体平稳、向新向优	https://www.stats.gov.cn/sj/zxfb/202606/t20260616_1963954.html
2026年5月份规模以上工业增加值增长4.5%	https://www.stats.gov.cn/sj/zxfb/202606/t20260616_1963953.html
2026年1—5月份全国固定资产投资基本情况	https://www.stats.gov.cn/sj/zxfb/202606/t20260616_1963951.html
2026年1—5月份全国房地产市场基本情况	https://www.stats.gov.cn/sj/zxfb/202606/t20260616_1963950.html
2026年1—5月份社会消费品零售总额增长1.4%	https://www.stats.gov.cn/sj/zxfb/202606/t20260616_1963949.html
2026年5月份能源生产情况	https://www.stats.gov.cn/sj/zxfb/202606/t20260616_1963948.html
2026年5月份70个大中城市商品住宅销售价格变动情况	https://www.stats.gov.cn/sj/zxfb/202606/t20260616_1963946.html
2026年6月上旬流通领域重要生产资料市场价格变动情况	https://www.stats.gov.cn/sj/zxfb/202606/t20260612_1963938.html
2026年5月份居民消费价格同比上涨1.2%	https://www.stats.gov.cn/sj/zxfb/202606/t20260610_1963923.html
2026年5月份工业生产者出厂价格同比上涨3.9%环比上涨0.5%	https://www.stats.gov.cn/sj/zxfb/202606/t20260610_1963922.html
2026年5月下旬流通领域重要生产资料市场价格变动情况	https://www.stats.gov.cn/sj/zxfb/202606/t20260603_1963874.html
2026年5月中国采购经理指数运行情况	https://www.stats.gov.cn/sj/zxfb/202605/t20260531_1963824.html
2026年1—4月份全国规模以上工业企业利润增长18.2%	https://www.stats.gov.cn/sj/zxfb/202605/t20260527_1963808.html
2026年5月中旬流通领域重要生产资料市场价格变动情况	https://www.stats.gov.cn/sj/zxfb/202605/t20260522_1963786.html
2025年全国1%人口抽样调查主要数据公报	https://www.stats.gov.cn/sj/zxfb/202605/t20260522_1963788.html
1—4月份国民经济保持稳中有进发展态势	https://www.stats.gov.cn/sj/zxfb/202605/t20260518_1963732.html
2026年1—4月份规模以上工业增加值增长5.6%	https://www.stats.gov.cn/sj/zxfb/202605/t20260518_1963731.html
2026年1—4月份全国固定资产投资基本情况	https://www.stats.gov.cn/sj/zxfb/202605/t20260518_1963730.html
2026年1—4月份全国房地产市场基本情况	https://www.stats.gov.cn/sj/zxfb/202605/t20260518_1963729.html
2026年1—4月份社会消费品零售总额增长1.9%	https://www.stats.gov.cn/sj/zxfb/202605/t20260518_1963727.html
2026年4月份能源生产情况	https://www.stats.gov.cn/sj/zxfb/202605/t20260518_1963725.html
2026年4月份70个大中城市商品住宅销售价格变动情况	https://www.stats.gov.cn/sj/zxfb/202605/t20260518_1963715.html
2025年城镇单位就业人员年平均工资情况	https://www.stats.gov.cn/sj/zxfb/202605/t20260515_1963707.html
2026年5月上旬流通领域重要生产资料市场价格变动情况	https://www.stats.gov.cn/sj/zxfb/202605/t20260514_1963691.html
2026年4月份居民消费价格同比上涨1.2%	https://www.stats.gov.cn/sj/zxfb/202605/t20260511_1963659.html
2026年4月份工业生产者出厂价格同比上涨2.8%环比上涨1.7%	https://www.stats.gov.cn/sj/zxfb/202605/t20260511_1963658.html
2026年4月下旬流通领域重要生产资料市场价格变动情况	https://www.stats.gov.cn/sj/zxfb/202605/t20260506_1963594.html
2026年4月中国采购经理指数运行情况	https://www.stats.gov.cn/sj/zxfb/202604/t20260430_1963473.html
2025年农民工监测调查报告	https://www.stats.gov.cn/sj/zxfb/202604/t20260430_1963472.html
2026年一季度全国规模以上文化及相关产业企业营业收入增长6.4%	https://www.stats.gov.cn/sj/zxfb/202604/t20260429_1963439.html
2026年1—3月份全国规模以上工业企业利润增长15.5%	https://www.stats.gov.cn/sj/zxfb/202604/t20260427_1963403.html
2026年4月中旬流通领域重要生产资料市场价格变动情况	https://www.stats.gov.cn/sj/zxfb/202604/t20260424_1963388.html
2026年一季度国内生产总值初步核算结果	https://www.stats.gov.cn/sj/zxfb/202604/t20260417_1963336.html
一季度国民经济实现良好开局	https://www.stats.gov.cn/sj/zxfb/202604/t20260416_1963330.html
2026年3月份规模以上工业增加值增长5.7%	https://www.stats.gov.cn/sj/zxfb/202604/t20260416_1963329.html
2026年1—3月份全国固定资产投资增长1.7%	https://www.stats.gov.cn/sj/zxfb/202604/t20260416_1963328.html
2026年1—3月份全国房地产市场基本情况	https://www.stats.gov.cn/sj/zxfb/202604/t20260416_1963327.html
2026年3月份社会消费品零售总额增长1.7%	https://www.stats.gov.cn/sj/zxfb/202604/t20260416_1963325.html
2026年3月份能源生产情况	https://www.stats.gov.cn/sj/zxfb/202604/t20260416_1963324.html
2026年一季度居民收入和消费支出情况	https://www.stats.gov.cn/sj/zxfb/202604/t20260416_1963323.html
2026年一季度全国规模以上工业产能利用率为73.6%	https://www.stats.gov.cn/sj/zxfb/202604/t20260416_1963322.html
2026年3月份70个大中城市商品住宅销售价格变动情况	https://www.stats.gov.cn/sj/zxfb/202604/t20260416_1963320.html
2026年4月上旬流通领域重要生产资料市场价格变动情况	https://www.stats.gov.cn/sj/zxfb/202604/t20260413_1963295.html
2026年3月份居民消费价格同比上涨1.0%	https://www.stats.gov.cn/sj/zxfb/202604/t20260410_1963264.html
2026年3月份工业生产者出厂价格同比由降转涨环比涨幅扩大	https://www.stats.gov.cn/sj/zxfb/202604/t20260410_1963263.html
2026年3月下旬流通领域重要生产资料市场价格变动情况	https://www.stats.gov.cn/sj/zxfb/202604/t20260403_1962983.html
2026年3月中国采购经理指数运行情况	https://www.stats.gov.cn/sj/zxfb/202603/t20260331_1962889.html
2026年1—2月份全国规模以上工业企业利润增长15.2%	https://www.stats.gov.cn/sj/zxfb/202603/t20260327_1962868.html
2026年3月中旬流通领域重要生产资料市场价格变动情况	https://www.stats.gov.cn/sj/zxfb/202603/t20260323_1962824.html
1—2月份国民经济起步有力、开局良好	https://www.stats.gov.cn/sj/zxfb/202603/t20260316_1962780.html
2026年1—2月份规模以上工业增加值增长6.3%	https://www.stats.gov.cn/sj/zxfb/202603/t20260316_1962782.html
2026年1—2月份全国固定资产投资同比增长1.8%	https://www.stats.gov.cn/sj/zxfb/202603/t20260316_1962784.html
2026年1—2月份全国房地产市场基本情况	https://www.stats.gov.cn/sj/zxfb/202603/t20260316_1962785.html
2026年1—2月份社会消费品零售总额增长2.8%	https://www.stats.gov.cn/sj/zxfb/202603/t20260316_1962786.html
2026年1—2月份能源生产情况	https://www.stats.gov.cn/sj/zxfb/202603/t20260316_1962787.html
2026年2月份70个大中城市商品住宅销售价格变动情况	https://www.stats.gov.cn/sj/zxfb/202603/t20260316_1962774.html
2026年3月上旬流通领域重要生产资料市场价格变动情况	https://www.stats.gov.cn/sj/zxfb/202603/t20260312_1962756.html
2026年2月份居民消费价格同比上涨1.3%	https://www.stats.gov.cn/sj/zxfb/202603/t20260309_1962732.html
2026年2月份工业生产者出厂价格同比降幅收窄环比继续上涨	https://www.stats.gov.cn/sj/zxfb/202603/t20260309_1962729.html
2026年2月中国采购经理指数运行情况	https://www.stats.gov.cn/sj/zxfb/202603/t20260304_1962699.html
2026年2月下旬流通领域重要生产资料市场价格变动情况	https://www.stats.gov.cn/sj/zxfb/202603/t20260303_1962691.html
中华人民共和国2025年国民经济和社会发展统计公报	https://www.stats.gov.cn/sj/zxfb/202602/t20260228_1962662.html
2026年2月上旬流通领域重要生产资料市场价格变动情况	https://www.stats.gov.cn/sj/zxfb/202602/t20260213_1962621.html
2026年1月份70个大中城市商品住宅销售价格变动情况	https://www.stats.gov.cn/sj/zxfb/202602/t20260213_1962617.html
2026年1月份居民消费价格同比上涨0.2%	https://www.stats.gov.cn/sj/zxfb/202602/t20260211_1962588.html
2026年1月份工业生产者出厂价格同比降幅收窄环比涨幅扩大	https://www.stats.gov.cn/sj/zxfb/202602/t20260211_1962587.html
2026年1月下旬流通领域重要生产资料市场价格变动情况	https://www.stats.gov.cn/sj/zxfb/202602/t20260204_1962539.html
2026年1月中国采购经理指数运行情况	https://www.stats.gov.cn/sj/zxfb/202601/t20260131_1962416.html
2025年全国规模以上文化及相关产业企业营业收入增长7.4%	https://www.stats.gov.cn/sj/zxfb/202601/t20260130_1962411.html
2025年全国规模以上工业企业利润增长0.6%	https://www.stats.gov.cn/sj/zxfb/202601/t20260127_1962382.html
2026年1月中旬流通领域重要生产资料市场价格变动情况	https://www.stats.gov.cn/sj/zxfb/202601/t20260123_1962369.html
2025年四季度和全年国内生产总值初步核算结果	https://www.stats.gov.cn/sj/zxfb/202601/t20260120_1962349.html
2025年经济发展向新向优预期目标圆满实现	https://www.stats.gov.cn/sj/zxfb/202601/t20260119_1962330.html
2025年12月份规模以上工业增加值增长5.2%	https://www.stats.gov.cn/sj/zxfb/202601/t20260119_1962329.html
2025年全国固定资产投资基本情况	https://www.stats.gov.cn/sj/zxfb/202601/t20260119_1962326.html
2025年全国房地产市场基本情况	https://www.stats.gov.cn/sj/zxfb/202601/t20260119_1962324.html
2025年12月份社会消费品零售总额增长0.9%	https://www.stats.gov.cn/sj/zxfb/202601/t20260119_1962323.html
2025年12月份能源生产情况	https://www.stats.gov.cn/sj/zxfb/202601/t20260119_1962322.html
2025年居民收入和消费支出情况	https://www.stats.gov.cn/sj/zxfb/202601/t20260119_1962321.html
2025年四季度全国规模以上工业产能利用率为74.9%	https://www.stats.gov.cn/sj/zxfb/202601/t20260119_1962320.html
2025年12月份70个大中城市商品住宅销售价格变动情况	https://www.stats.gov.cn/sj/zxfb/202601/t20260119_1962319.html
2026年1月上旬流通领域重要生产资料市场价格变动情况	https://www.stats.gov.cn/sj/zxfb/202601/t20260113_1962302.html
2025年12月份居民消费价格同比上涨0.8%	https://www.stats.gov.cn/sj/zxfb/202601/t20260109_1962273.html
2025年12月份工业生产者出厂价格同比降幅收窄环比涨幅扩大	https://www.stats.gov.cn/sj/zxfb/202601/t20260109_1962272.html
2025年12月下旬流通领域重要生产资料市场价格变动情况	https://www.stats.gov.cn/sj/zxfb/202601/t20260104_1962240.html
2024年全国专利密集型产业增加值数据公告	https://www.stats.gov.cn/sj/zxfb/202512/t20251231_1962229.html
2024年全国体育产业总规模与增加值数据公告	https://www.stats.gov.cn/sj/zxfb/202512/t20251231_1962228.html
2025年12月中国采购经理指数运行情况	https://www.stats.gov.cn/sj/zxfb/202512/t20251231_1962218.html
2024年《中国妇女发展纲要（2021—2030年）》统计监测报告	https://www.stats.gov.cn/sj/zxfb/202512/t20251230_1962183.html
2024年《中国儿童发展纲要（2021—2030年）》统计监测报告	https://www.stats.gov.cn/sj/zxfb/202512/t20251230_1962182.html
2024年全国农业及相关产业增加值占GDP比重为15.29%	https://www.stats.gov.cn/sj/zxfb/202512/t20251230_1962181.html
2024年全国旅游及相关产业增加值占GDP比重为4.35%	https://www.stats.gov.cn/sj/zxfb/202512/t20251230_1962180.html
2024年全国文化及相关产业增加值占GDP比重为4.61%	https://www.stats.gov.cn/sj/zxfb/202512/t20251230_1962179.html
2024年全国数字经济核心产业增加值占GDP比重为10.5%	https://www.stats.gov.cn/sj/zxfb/202512/t20251230_1962177.html
2025年1—11月份全国规模以上工业企业利润增长0.1%	https://www.stats.gov.cn/sj/zxfb/202512/t20251227_1962158.html
国家统计局关于2025年棉花产量的公告	https://www.stats.gov.cn/sj/zxfb/202512/t20251226_1962156.html
国家统计局关于2024年国内生产总值最终核实的公告	https://www.stats.gov.cn/sj/zxfb/202512/t20251226_1962144.html
加速构建协同发展格局2024年京津冀区域协同发展指数继续提升	https://www.stats.gov.cn/sj/zxfb/202512/t20251224_1962139.html
2024年长三角区域发展指数稳步提升区域高质量发展行稳致远	https://www.stats.gov.cn/sj/zxfb/202512/t20251224_1962140.html
2025年12月中旬流通领域重要生产资料市场价格变动情况	https://www.stats.gov.cn/sj/zxfb/202512/t20251223_1962128.html
11月份国民经济延续稳中有进发展态势	https://www.stats.gov.cn/sj/zxfb/202512/t20251215_1962075.html
2025年11月份规模以上工业增加值增长4.8%	https://www.stats.gov.cn/sj/zxfb/202512/t20251215_1962074.html
2025年1—11月份全国固定资产投资基本情况	https://www.stats.gov.cn/sj/zxfb/202512/t20251215_1962073.html
2025年1—11月份全国房地产市场基本情况	https://www.stats.gov.cn/sj/zxfb/202512/t20251215_1962072.html
2025年11月份社会消费品零售总额增长1.3%	https://www.stats.gov.cn/sj/zxfb/202512/t20251215_1962071.html
2025年11月份能源生产情况	https://www.stats.gov.cn/sj/zxfb/202512/t20251215_1962070.html
2025年11月份70个大中城市商品住宅销售价格变动情况	https://www.stats.gov.cn/sj/zxfb/202512/t20251215_1962069.html
2025年12月上旬流通领域重要生产资料市场价格变动情况	https://www.stats.gov.cn/sj/zxfb/202512/t20251212_1962058.html
国家统计局关于2025年粮食产量数据的公告	https://www.stats.gov.cn/sj/zxfb/202512/t20251212_1962049.html
2025年11月份居民消费价格同比上涨0.7%	https://www.stats.gov.cn/sj/zxfb/202512/t20251210_1962015.html
2025年11月份工业生产者出厂价格环比继续上涨	https://www.stats.gov.cn/sj/zxfb/202512/t20251210_1962014.html
2025年11月下旬流通领域重要生产资料市场价格变动情况	https://www.stats.gov.cn/sj/zxfb/202512/t20251203_1961979.html
2025年11月中国采购经理指数运行情况	https://www.stats.gov.cn/sj/zxfb/202511/t20251130_1961945.html
2025年1—10月份全国规模以上工业企业利润增长1.9%	https://www.stats.gov.cn/sj/zxfb/202511/t20251127_1961933.html
2025年11月中旬流通领域重要生产资料市场价格变动情况	https://www.stats.gov.cn/sj/zxfb/202511/t20251124_1961911.html
10月份国民经济运行基本平稳稳中有进态势持续	https://www.stats.gov.cn/sj/zxfb/202511/t20251114_1961858.html
2025年10月份规模以上工业增加值增长4.9%	https://www.stats.gov.cn/sj/zxfb/202511/t20251114_1961856.html
2025年1—10月份全国固定资产投资基本情况	https://www.stats.gov.cn/sj/zxfb/202511/t20251114_1961854.html
2025年1—10月份全国房地产市场基本情况	https://www.stats.gov.cn/sj/zxfb/202511/t20251114_1961853.html
2025年10月份社会消费品零售总额增长2.9%	https://www.stats.gov.cn/sj/zxfb/202511/t20251114_1961852.html
2025年10月份能源生产情况	https://www.stats.gov.cn/sj/zxfb/202511/t20251114_1961851.html
2025年10月份70个大中城市商品住宅销售价格变动情况	https://www.stats.gov.cn/sj/zxfb/202511/t20251114_1961850.html
2025年11月上旬流通领域重要生产资料市场价格变动情况	https://www.stats.gov.cn/sj/zxfb/202511/t20251113_1961845.html
2025年10月份居民消费价格同比上涨0.2%	https://www.stats.gov.cn/sj/zxfb/202511/t20251109_1961826.html
2025年10月份工业生产者出厂价格同比降幅继续收窄环比由平转涨	https://www.stats.gov.cn/sj/zxfb/202511/t20251109_1961822.html
2025年10月下旬流通领域重要生产资料市场价格变动情况	https://www.stats.gov.cn/sj/zxfb/202511/t20251103_1961784.html
2025年10月中国采购经理指数运行情况	https://www.stats.gov.cn/sj/zxfb/202510/t20251031_1961740.html
2025年前三季度全国规模以上文化及相关产业企业营业收入增长7.9%	https://www.stats.gov.cn/sj/zxfb/202510/t20251030_1961731.html
2024年中国创新指数比上年增长5.3%	https://www.stats.gov.cn/sj/zxfb/202510/t20251029_1961727.html
2025年1—9月份全国规模以上工业企业利润增长3.2%	https://www.stats.gov.cn/sj/zxfb/202510/t20251027_1961695.html
2025年10月中旬流通领域重要生产资料市场价格变动情况	https://www.stats.gov.cn/sj/zxfb/202510/t20251023_1961676.html
2025年三季度国内生产总值初步核算结果	https://www.stats.gov.cn/sj/zxfb/202510/t20251021_1961646.html
前三季度经济运行稳中有进高质量发展取得积极成效	https://www.stats.gov.cn/sj/zxfb/202510/t20251020_1961612.html
2025年9月份规模以上工业增加值增长6.5%	https://www.stats.gov.cn/sj/zxfb/202510/t20251020_1961611.html
2025年1—9月份全国固定资产投资基本情况	https://www.stats.gov.cn/sj/zxfb/202510/t20251020_1961610.html
2025年1—9月份全国房地产市场基本情况	https://www.stats.gov.cn/sj/zxfb/202510/t20251020_1961609.html
2025年9月份社会消费品零售总额增长3.0%	https://www.stats.gov.cn/sj/zxfb/202510/t20251020_1961606.html
2025年9月份能源生产情况	https://www.stats.gov.cn/sj/zxfb/202510/t20251020_1961605.html
2025年前三季度居民收入和消费支出情况	https://www.stats.gov.cn/sj/zxfb/202510/t20251020_1961604.html
2025年三季度全国规模以上工业产能利用率为74.6%	https://www.stats.gov.cn/sj/zxfb/202510/t20251020_1961598.html
2025年9月份70个大中城市商品住宅销售价格变动情况	https://www.stats.gov.cn/sj/zxfb/202510/t20251020_1961597.html
2025年9月份居民消费价格同比下降0.3%环比上涨0.1%	https://www.stats.gov.cn/sj/zxfb/202510/t20251015_1961521.html
2025年9月份工业生产者出厂价格同比降幅继续收窄	https://www.stats.gov.cn/sj/zxfb/202510/t20251015_1961520.html
2025年9月下旬流通领域重要生产资料市场价格变动情况	https://www.stats.gov.cn/sj/zxfb/202510/t20251009_1961456.html
2025年9月中国采购经理指数运行情况	https://www.stats.gov.cn/sj/zxfb/202509/t20250930_1961438.html
2024年全国科技经费投入统计公报	https://www.stats.gov.cn/sj/zxfb/202509/t20250929_1961429.html
社会事业向好发展民生福祉不断增进——“十四五”以来社会民生统计报告	https://www.stats.gov.cn/sj/zxfb/202509/t20250928_1961404.html
2025年1—8月份全国规模以上工业企业利润增长0.9%	https://www.stats.gov.cn/sj/zxfb/202509/t20250927_1961400.html
2025年9月中旬流通领域重要生产资料市场价格变动情况	https://www.stats.gov.cn/sj/zxfb/202509/t20250923_1961330.html
8月份国民经济运行总体平稳、稳中有进	https://www.stats.gov.cn/sj/zxfb/202509/t20250915_1961181.html
2025年8月份规模以上工业增加值增长5.2%	https://www.stats.gov.cn/sj/zxfb/202509/t20250915_1961180.html
2025年1—8月份全国固定资产投资增长0.5%	https://www.stats.gov.cn/sj/zxfb/202509/t20250915_1961178.html
2025年8月份社会消费品零售总额增长3.4%	https://www.stats.gov.cn/sj/zxfb/202509/t20250915_1961177.html
2025年1—8月份全国房地产市场基本情况	https://www.stats.gov.cn/sj/zxfb/202509/t20250915_1961183.html
2025年8月份能源生产情况	https://www.stats.gov.cn/sj/zxfb/202509/t20250915_1961176.html
2025年8月份70个大中城市商品住宅销售价格变动情况	https://www.stats.gov.cn/sj/zxfb/202509/t20250915_1961175.html
2025年9月上旬流通领域重要生产资料市场价格变动情况	https://www.stats.gov.cn/sj/zxfb/202509/t20250912_1961169.html
2025年8月份居民消费价格同比下降0.4%环比持平	https://www.stats.gov.cn/sj/zxfb/202509/t20250910_1961112.html
2025年8月份工业生产者出厂价格同比降幅收窄环比由降转平	https://www.stats.gov.cn/sj/zxfb/202509/t20250910_1961108.html
2025年8月下旬流通领域重要生产资料市场价格变动情况	https://www.stats.gov.cn/sj/zxfb/202509/t20250903_1961000.html
2025年8月中国采购经理指数运行情况	https://www.stats.gov.cn/sj/zxfb/202508/t20250831_1960937.html
2024年经济发展新动能指数增长14.2%	https://www.stats.gov.cn/sj/zxfb/202508/t20250827_1960915.html
2025年1—7月份全国规模以上工业企业利润下降1.7%	https://www.stats.gov.cn/sj/zxfb/202508/t20250827_1960884.html
2025年8月中旬流通领域重要生产资料市场价格变动情况	https://www.stats.gov.cn/sj/zxfb/202508/t20250822_1960866.html
国家统计局关于2025年早稻产量数据的公告	https://www.stats.gov.cn/sj/zxfb/202508/t20250822_1960862.html
7月份国民经济保持稳中有进发展态势	https://www.stats.gov.cn/sj/zxfb/202508/t20250815_1960789.html
2025年7月份规模以上工业增加值增长5.7%	https://www.stats.gov.cn/sj/zxfb/202508/t20250815_1960790.html
2025年1—7月份全国固定资产投资增长1.6%	https://www.stats.gov.cn/sj/zxfb/202508/t20250815_1960788.html
2025年1—7月份全国房地产市场基本情况	https://www.stats.gov.cn/sj/zxfb/202508/t20250815_1960787.html
2025年7月份社会消费品零售总额增长3.7%	https://www.stats.gov.cn/sj/zxfb/202508/t20250815_1960783.html
2025年7月份能源生产情况	https://www.stats.gov.cn/sj/zxfb/202508/t20250815_1960782.html
2025年7月份70个大中城市商品住宅销售价格变动情况	https://www.stats.gov.cn/sj/zxfb/202508/t20250815_1960781.html
2025年8月上旬流通领域重要生产资料市场价格变动情况	https://www.stats.gov.cn/sj/zxfb/202508/t20250813_1960659.html
2025年7月份居民消费价格同比持平	https://www.stats.gov.cn/sj/zxfb/202508/t20250809_1960635.html
2025年7月份工业生产者出厂价格环比降幅收窄	https://www.stats.gov.cn/sj/zxfb/202508/t20250809_1960634.html
2025年7月下旬流通领域重要生产资料市场价格变动情况	https://www.stats.gov.cn/sj/zxfb/202508/t20250801_1960583.html
2024年我国“三新”经济增加值占国内生产总值的比重为18.01%	https://www.stats.gov.cn/sj/zxfb/202507/t20250731_1960553.html
2025年7月中国采购经理指数运行情况	https://www.stats.gov.cn/sj/zxfb/202507/t20250731_1960551.html
2025年上半年全国规模以上文化及相关产业企业营业收入增长7.4%	https://www.stats.gov.cn/sj/zxfb/202507/t20250730_1960526.html
2025年1—6月份全国规模以上工业企业利润下降1.8%	https://www.stats.gov.cn/sj/zxfb/202507/t20250727_1960504.html
2025年7月中旬流通领域重要生产资料市场价格变动情况	https://www.stats.gov.cn/sj/zxfb/202507/t20250723_1960477.html
2025年二季度和上半年国内生产总值初步核算结果	https://www.stats.gov.cn/sj/zxfb/202507/t20250716_1960426.html
上半年国民经济迎难而上、稳中向好	https://www.stats.gov.cn/sj/zxfb/202507/t20250715_1960414.html
2025年6月份规模以上工业增加值增长6.8%	https://www.stats.gov.cn/sj/zxfb/202507/t20250715_1960413.html
2025年上半年全国固定资产投资增长2.8%	https://www.stats.gov.cn/sj/zxfb/202507/t20250715_1960412.html
2025年上半年全国房地产市场基本情况	https://www.stats.gov.cn/sj/zxfb/202507/t20250715_1960410.html
2025年6月份社会消费品零售总额增长4.8%	https://www.stats.gov.cn/sj/zxfb/202507/t20250715_1960409.html
2025年6月份能源生产情况	https://www.stats.gov.cn/sj/zxfb/202507/t20250715_1960407.html
2025年上半年居民收入和消费支出情况	https://www.stats.gov.cn/sj/zxfb/202507/t20250715_1960406.html
2025年二季度全国规模以上工业产能利用率为74.0%	https://www.stats.gov.cn/sj/zxfb/202507/t20250715_1960404.html
2025年6月份70个大中城市商品住宅销售价格变动情况	https://www.stats.gov.cn/sj/zxfb/202507/t20250715_1960403.html
2025年7月上旬流通领域重要生产资料市场价格变动情况	https://www.stats.gov.cn/sj/zxfb/202507/t20250714_1960397.html
国家统计局关于2025年夏粮产量数据的公告	https://www.stats.gov.cn/sj/zxfb/202507/t20250710_1960379.html
2025年6月份居民消费价格同比上涨0.1%	https://www.stats.gov.cn/sj/zxfb/202507/t20250709_1960370.html
2025年6月份工业生产者出厂价格同比下降3.6%	https://www.stats.gov.cn/sj/zxfb/202507/t20250709_1960367.html
2025年6月下旬流通领域重要生产资料市场价格变动情况	https://www.stats.gov.cn/sj/zxfb/202507/t20250703_1960315.html
2025年6月中国采购经理指数运行情况	https://www.stats.gov.cn/sj/zxfb/202506/t20250630_1960283.html
2025年1—5月份全国规模以上工业企业利润下降1.1%	https://www.stats.gov.cn/sj/zxfb/202506/t20250627_1960270.html
2024年全国文化及相关产业发展情况报告	https://www.stats.gov.cn/sj/zxfb/202506/t20250627_1960269.html
2025年6月中旬流通领域重要生产资料市场价格变动情况	https://www.stats.gov.cn/sj/zxfb/202506/t20250623_1960227.html
5月份国民经济运行总体平稳、稳中有进	https://www.stats.gov.cn/sj/zxfb/202506/t20250616_1960173.html
2025年5月份规模以上工业增加值增长5.8%	https://www.stats.gov.cn/sj/zxfb/202506/t20250616_1960172.html
2025年1—5月份全国固定资产投资增长3.7%	https://www.stats.gov.cn/sj/zxfb/202506/t20250616_1960171.html
2025年1—5月份全国房地产市场基本情况	https://www.stats.gov.cn/sj/zxfb/202506/t20250616_1960170.html
2025年5月份社会消费品零售总额增长6.4%	https://www.stats.gov.cn/sj/zxfb/202506/t20250616_1960169.html
2025年5月份能源生产情况	https://www.stats.gov.cn/sj/zxfb/202506/t20250616_1960167.html
2025年5月份70个大中城市商品住宅销售价格变动情况	https://www.stats.gov.cn/sj/zxfb/202506/t20250616_1960163.html
2025年6月上旬流通领域重要生产资料市场价格变动情况	https://www.stats.gov.cn/sj/zxfb/202506/t20250613_1960154.html
2025年5月份居民消费价格同比下降0.1%	https://www.stats.gov.cn/sj/zxfb/202506/t20250609_1960094.html
2025年5月份工业生产者出厂价格同比下降3.3%	https://www.stats.gov.cn/sj/zxfb/202506/t20250609_1960093.html
2025年5月下旬流通领域重要生产资料市场价格变动情况	https://www.stats.gov.cn/sj/zxfb/202506/t20250603_1959991.html
2025年5月中国采购经理指数运行情况	https://www.stats.gov.cn/sj/zxfb/202505/t20250531_1959985.html
2025年1—4月份全国规模以上工业企业利润增长1.4%	https://www.stats.gov.cn/sj/zxfb/202505/t20250527_1959963.html
2025年5月中旬流通领域重要生产资料市场价格变动情况	https://www.stats.gov.cn/sj/zxfb/202505/t20250523_1959935.html
4月份国民经济顶住压力稳定增长	https://www.stats.gov.cn/sj/zxfb/202505/t20250519_1959864.html
2025年4月份规模以上工业增加值增长6.1%	https://www.stats.gov.cn/sj/zxfb/202505/t20250519_1959862.html
2025年1—4月份全国固定资产投资增长4.0%	https://www.stats.gov.cn/sj/zxfb/202505/t20250519_1959860.html
2025年1—4月份全国房地产市场基本情况	https://www.stats.gov.cn/sj/zxfb/202505/t20250519_1959865.html
2025年4月份社会消费品零售总额增长5.1%	https://www.stats.gov.cn/sj/zxfb/202505/t20250519_1959858.html
2025年4月份能源生产情况	https://www.stats.gov.cn/sj/zxfb/202505/t20250519_1959857.html
2025年4月份70个大中城市商品住宅销售价格变动情况	https://www.stats.gov.cn/sj/zxfb/202505/t20250519_1959852.html
2024年城镇单位就业人员年平均工资情况	https://www.stats.gov.cn/sj/zxfb/202505/t20250516_1959826.html
2025年5月上旬流通领域重要生产资料市场价格变动情况	https://www.stats.gov.cn/sj/zxfb/202505/t20250514_1959792.html
2025年4月份居民消费价格同比下降0.1%	https://www.stats.gov.cn/sj/zxfb/202505/t20250510_1959771.html
2025年4月份工业生产者出厂价格同比下降2.7%	https://www.stats.gov.cn/sj/zxfb/202505/t20250510_1959770.html
2025年4月下旬流通领域重要生产资料市场价格变动情况	https://www.stats.gov.cn/sj/zxfb/202505/t20250506_1959568.html
2024年农民工监测调查报告	https://www.stats.gov.cn/sj/zxfb/202504/t20250430_1959523.html
2025年4月中国采购经理指数运行情况	https://www.stats.gov.cn/sj/zxfb/202504/t20250430_1959521.html
2025年一季度全国规模以上文化及相关产业企业营业收入增长6.2%	https://www.stats.gov.cn/sj/zxfb/202504/t20250429_1959509.html
2025年1—3月份全国规模以上工业企业利润增长0.8%	https://www.stats.gov.cn/sj/zxfb/202504/t20250427_1959477.html
2025年4月中旬流通领域重要生产资料市场价格变动情况	https://www.stats.gov.cn/sj/zxfb/202504/t20250423_1959399.html
2025年一季度国内生产总值初步核算结果	https://www.stats.gov.cn/sj/zxfb/202504/t20250417_1959334.html
一季度国民经济开局良好	https://www.stats.gov.cn/sj/zxfb/202504/t20250416_1959321.html
2025年3月份规模以上工业增加值增长7.7%	https://www.stats.gov.cn/sj/zxfb/202504/t20250416_1959320.html
2025年1—3月份全国固定资产投资增长4.2%	https://www.stats.gov.cn/sj/zxfb/202504/t20250416_1959318.html
2025年1—3月份全国房地产市场基本情况	https://www.stats.gov.cn/sj/zxfb/202504/t20250416_1959323.html
2025年3月份社会消费品零售总额增长5.9%	https://www.stats.gov.cn/sj/zxfb/202504/t20250416_1959317.html
2025年3月份能源生产情况	https://www.stats.gov.cn/sj/zxfb/202504/t20250416_1959316.html
2025年一季度居民收入和消费支出情况	https://www.stats.gov.cn/sj/zxfb/202504/t20250416_1959322.html
2025年一季度全国规模以上工业产能利用率为74.1%	https://www.stats.gov.cn/sj/zxfb/202504/t20250416_1959314.html
2025年3月份70个大中城市商品住宅销售价格变动情况	https://www.stats.gov.cn/sj/zxfb/202504/t20250416_1959311.html
2025年4月上旬流通领域重要生产资料市场价格变动情况	https://www.stats.gov.cn/sj/zxfb/202504/t20250414_1959288.html
2025年3月份居民消费价格同比下降0.1%	https://www.stats.gov.cn/sj/zxfb/202504/t20250410_1959261.html
2025年3月份工业生产者出厂价格同比下降2.5%	https://www.stats.gov.cn/sj/zxfb/202504/t20250410_1959260.html
2025年3月下旬流通领域重要生产资料市场价格变动情况	https://www.stats.gov.cn/sj/zxfb/202504/t20250402_1959191.html
2025年3月中国采购经理指数运行情况	https://www.stats.gov.cn/sj/zxfb/202503/t20250331_1959176.html
2025年1—2月份全国规模以上工业企业利润下降0.3%	https://www.stats.gov.cn/sj/zxfb/202503/t20250327_1959147.html
2025年3月中旬流通领域重要生产资料市场价格变动情况	https://www.stats.gov.cn/sj/zxfb/202503/t20250324_1959119.html
1-2月份国民经济起步平稳发展态势向新向好	https://www.stats.gov.cn/sj/zxfb/202503/t20250317_1959010.html
2025年1—2月份规模以上工业增加值增长5.9%	https://www.stats.gov.cn/sj/zxfb/202503/t20250317_1959012.html
2025年1—2月份全国固定资产投资增长4.1%	https://www.stats.gov.cn/sj/zxfb/202503/t20250317_1959015.html
2025年1—2月份全国房地产市场基本情况	https://www.stats.gov.cn/sj/zxfb/202503/t20250317_1959016.html
2025年1—2月份社会消费品零售总额增长4.0%	https://www.stats.gov.cn/sj/zxfb/202503/t20250317_1959014.html
2025年1—2月份能源生产情况	https://www.stats.gov.cn/sj/zxfb/202503/t20250317_1959013.html
2025年2月份70个大中城市商品住宅销售价格变动情况	https://www.stats.gov.cn/sj/zxfb/202503/t20250317_1959009.html
2025年3月上旬流通领域重要生产资料市场价格变动情况	https://www.stats.gov.cn/sj/zxfb/202503/t20250313_1958957.html
2025年2月份居民消费价格同比下降0.7%	https://www.stats.gov.cn/sj/zxfb/202503/t20250309_1958915.html
2025年2月份工业生产者出厂价格同比、环比降幅均收窄	https://www.stats.gov.cn/sj/zxfb/202503/t20250309_1958914.html
2025年2月下旬流通领域重要生产资料市场价格变动情况	https://www.stats.gov.cn/sj/zxfb/202503/t20250304_1958845.html
2025年2月中国采购经理指数运行情况	https://www.stats.gov.cn/sj/zxfb/202503/t20250301_1958837.html
中华人民共和国2024年国民经济和社会发展统计公报	https://www.stats.gov.cn/sj/zxfb/202502/t20250228_1958817.html
2025年2月中旬流通领域重要生产资料市场价格变动情况	https://www.stats.gov.cn/sj/zxfb/202502/t20250224_1958785.html
2025年1月份70个大中城市商品住宅销售价格变动情况	https://www.stats.gov.cn/sj/zxfb/202502/t20250219_1958761.html
2025年2月上旬流通领域重要生产资料市场价格变动情况	https://www.stats.gov.cn/sj/zxfb/202502/t20250214_1958707.html
2025年1月份居民消费价格同比上涨0.5%	https://www.stats.gov.cn/sj/zxfb/202502/t20250209_1958646.html
2025年1月份工业生产者出厂价格同比下降2.3%	https://www.stats.gov.cn/sj/zxfb/202502/t20250209_1958645.html
2025年1月中国采购经理指数运行情况	https://www.stats.gov.cn/sj/zxfb/202501/t20250127_1958493.html
2024年全国规模以上文化及相关产业企业营业收入增长6.0%	https://www.stats.gov.cn/sj/zxfb/202501/t20250127_1958489.html
2024年全国规模以上工业企业利润下降3.3%	https://www.stats.gov.cn/sj/zxfb/202501/t20250127_1958485.html
2023年《中国妇女发展纲要（2021―2030年）》统计监测报告	https://www.stats.gov.cn/sj/zxfb/202501/t20250124_1958439.html
2023年《中国儿童发展纲要（2021—2030年）》统计监测报告	https://www.stats.gov.cn/sj/zxfb/202501/t20250124_1958440.html
2025年1月中旬流通领域重要生产资料市场价格变动情况	https://www.stats.gov.cn/sj/zxfb/202501/t20250123_1958423.html
2024年我国研究与试验发展（R&D）经费超过3.6万亿元	https://www.stats.gov.cn/sj/zxfb/202501/t20250123_1958421.html
2024年四季度和全年国内生产总值初步核算结果	https://www.stats.gov.cn/sj/zxfb/202501/t20250118_1958363.html
2024年经济运行稳中有进主要发展目标顺利实现	https://www.stats.gov.cn/sj/zxfb/202501/t20250117_1958332.html
2024年12月份规模以上工业增加值增长6.2%	https://www.stats.gov.cn/sj/zxfb/202501/t20250117_1958331.html
2024年全国固定资产投资增长3.2%	https://www.stats.gov.cn/sj/zxfb/202501/t20250117_1958329.html
2024年全国房地产市场基本情况	https://www.stats.gov.cn/sj/zxfb/202501/t20250117_1958328.html
2024年12月份社会消费品零售总额增长3.7%	https://www.stats.gov.cn/sj/zxfb/202501/t20250117_1958327.html
2024年12月份能源生产情况	https://www.stats.gov.cn/sj/zxfb/202501/t20250117_1958326.html
2024年居民收入和消费支出情况	https://www.stats.gov.cn/sj/zxfb/202501/t20250117_1958325.html
2024年四季度全国规模以上工业产能利用率为76.2%	https://www.stats.gov.cn/sj/zxfb/202501/t20250117_1958324.html
2024年12月份70个大中城市商品住宅销售价格变动情况	https://www.stats.gov.cn/sj/zxfb/202501/t20250117_1958323.html
2025年1月上旬流通领域重要生产资料市场价格变动情况	https://www.stats.gov.cn/sj/zxfb/202501/t20250114_1958197.html
2024年12月份居民消费价格同比上涨0.1%	https://www.stats.gov.cn/sj/zxfb/202501/t20250109_1958170.html
2024年12月份工业生产者出厂价格同比降幅收窄	https://www.stats.gov.cn/sj/zxfb/202501/t20250109_1958169.html
2024年12月下旬流通领域重要生产资料市场价格变动情况	https://www.stats.gov.cn/sj/zxfb/202501/t20250103_1958140.html
纵深推进协同发展2023年京津冀区域协同发展指数继续提高	https://www.stats.gov.cn/sj/zxfb/202501/t20250103_1958142.html
2023年全国数字经济核心产业增加值占GDP比重为9.9%	https://www.stats.gov.cn/sj/zxfb/202412/t20241231_1958126.html
2023年全国专利密集型产业增加值数据公告	https://www.stats.gov.cn/sj/zxfb/202412/t20241231_1958125.html
2023年全国体育产业总规模与增加值数据公告	https://www.stats.gov.cn/sj/zxfb/202412/t20241231_1958124.html
2024年12月中国采购经理指数运行情况	https://www.stats.gov.cn/sj/zxfb/202412/t20241231_1958118.html
2023年全国农业及相关产业增加值占GDP比重为15.34%	https://www.stats.gov.cn/sj/zxfb/202412/t20241230_1957936.html
2023年全国旅游及相关产业增加值占GDP比重为4.24%	https://www.stats.gov.cn/sj/zxfb/202412/t20241230_1957935.html
2023年全国文化及相关产业增加值占GDP比重为4.59%	https://www.stats.gov.cn/sj/zxfb/202412/t20241230_1957934.html
国家统计局关于修订2023年国内生产总值数据的公告	https://www.stats.gov.cn/sj/zxfb/202412/t20241227_1957915.html
2024年1—11月份全国规模以上工业企业利润下降4.7%	https://www.stats.gov.cn/sj/zxfb/202412/t20241227_1957913.html
第五次全国经济普查取得重要成果	https://www.stats.gov.cn/sj/zxfb/202412/t20241226_1957901.html
第五次全国经济普查公报（第一号）——第五次全国经济普查顺利完成	https://www.stats.gov.cn/sj/zxfb/202412/t20241226_1957898.html
第五次全国经济普查公报（第二号）——单位基本情况	https://www.stats.gov.cn/sj/zxfb/202412/t20241226_1957897.html
第五次全国经济普查公报（第三号）——第二产业基本情况	https://www.stats.gov.cn/sj/zxfb/202412/t20241226_1957895.html
第五次全国经济普查公报（第四号）——第三产业基本情况之一	https://www.stats.gov.cn/sj/zxfb/202412/t20241226_1957894.html
第五次全国经济普查公报（第五号）——第三产业基本情况之二	https://www.stats.gov.cn/sj/zxfb/202412/t20241226_1957892.html
第五次全国经济普查公报（第六号）——部分新兴产业发展情况	https://www.stats.gov.cn/sj/zxfb/202412/t20241226_1957891.html
第五次全国经济普查公报（第七号）——分区域单位和从业人员情况	https://www.stats.gov.cn/sj/zxfb/202412/t20241226_1957890.html
国家统计局关于2024年棉花产量的公告	https://www.stats.gov.cn/sj/zxfb/202412/t20241225_1957879.html
2024年12月中旬流通领域重要生产资料市场价格变动情况	https://www.stats.gov.cn/sj/zxfb/202412/t20241223_1957829.html
长三角一体化示范引领作用显著区域发展指数进一步提升	https://www.stats.gov.cn/sj/zxfb/202412/t20241223_1957823.html
11月份国民经济稳步回升	https://www.stats.gov.cn/sj/zxfb/202412/t20241216_1957767.html
2024年11月份规模以上工业增加值增长5.4%	https://www.stats.gov.cn/sj/zxfb/202412/t20241216_1957765.html
2024年1—11月份全国固定资产投资增长3.3%	https://www.stats.gov.cn/sj/zxfb/202412/t20241216_1957763.html
2024年1—11月份全国房地产市场基本情况	https://www.stats.gov.cn/sj/zxfb/202412/t20241216_1957761.html
2024年11月份社会消费品零售总额增长3.0%	https://www.stats.gov.cn/sj/zxfb/202412/t20241216_1957759.html
2024年11月份能源生产情况	https://www.stats.gov.cn/sj/zxfb/202412/t20241216_1957757.html
2024年11月份70个大中城市商品住宅销售价格变动情况	https://www.stats.gov.cn/sj/zxfb/202412/t20241216_1957755.html
2024年12月上旬流通领域重要生产资料市场价格变动情况	https://www.stats.gov.cn/sj/zxfb/202412/t20241213_1957747.html
国家统计局关于2024年粮食产量数据的公告	https://www.stats.gov.cn/sj/zxfb/202412/t20241213_1957744.html
2024年11月份居民消费价格同比上涨0.2%	https://www.stats.gov.cn/sj/zxfb/202412/t20241209_1957689.html
2024年11月份工业生产者出厂价格同比降幅收窄环比由降转涨	https://www.stats.gov.cn/sj/zxfb/202412/t20241209_1957688.html
2024年11月下旬流通领域重要生产资料市场价格变动情况	https://www.stats.gov.cn/sj/zxfb/202412/t20241203_1957630.html
2024年11月中国采购经理指数运行情况	https://www.stats.gov.cn/sj/zxfb/202411/t20241130_1957624.html
2024年1—10月份全国规模以上工业企业利润下降4.3%	https://www.stats.gov.cn/sj/zxfb/202411/t20241127_1957580.html
2024年11月中旬流通领域重要生产资料市场价格变动情况	https://www.stats.gov.cn/sj/zxfb/202411/t20241122_1957564.html
10月份国民经济运行稳中有进主要经济指标回升明显	https://www.stats.gov.cn/sj/zxfb/202411/t20241115_1957431.html
2024年10月份规模以上工业增加值增长5.3%	https://www.stats.gov.cn/sj/zxfb/202411/t20241115_1957430.html
2024年1—10月份全国固定资产投资增长3.4%	https://www.stats.gov.cn/sj/zxfb/202411/t20241115_1957429.html
2024年1—10月份全国房地产市场基本情况	https://www.stats.gov.cn/sj/zxfb/202411/t20241115_1957428.html
2024年10月份社会消费品零售总额增长4.8%	https://www.stats.gov.cn/sj/zxfb/202411/t20241115_1957427.html
2024年10月份能源生产情况	https://www.stats.gov.cn/sj/zxfb/202411/t20241115_1957426.html
2024年10月份70个大中城市商品住宅销售价格变动情况	https://www.stats.gov.cn/sj/zxfb/202411/t20241115_1957419.html
2024年11月上旬流通领域重要生产资料市场价格变动情况	https://www.stats.gov.cn/sj/zxfb/202411/t20241112_1957382.html
2024年10月份居民消费价格同比上涨0.3%	https://www.stats.gov.cn/sj/zxfb/202411/t20241109_1957353.html
2024年10月份工业生产者出厂价格环比降幅收窄	https://www.stats.gov.cn/sj/zxfb/202411/t20241109_1957352.html
2024年10月下旬流通领域重要生产资料市场价格变动情况	https://www.stats.gov.cn/sj/zxfb/202411/t20241101_1957234.html
第三次全国时间利用调查公报（第一号）	https://www.stats.gov.cn/sj/zxfb/202410/t20241031_1957217.html
第三次全国时间利用调查公报（第二号）	https://www.stats.gov.cn/sj/zxfb/202410/t20241031_1957216.html
第三次全国时间利用调查公报（第三号）	https://www.stats.gov.cn/sj/zxfb/202410/t20241031_1957215.html
2024年10月中国采购经理指数运行情况	https://www.stats.gov.cn/sj/zxfb/202410/t20241031_1957214.html
2024年前三季度全国规模以上文化及相关产业企业营业收入增长5.9%	https://www.stats.gov.cn/sj/zxfb/202410/t20241030_1957206.html
2024年1—9月份全国规模以上工业企业利润下降3.5%	https://www.stats.gov.cn/sj/zxfb/202410/t20241027_1957183.html
2023年中国创新指数比上年增长6.0%	https://www.stats.gov.cn/sj/zxfb/202410/t20241025_1957132.html
2024年10月中旬流通领域重要生产资料市场价格变动情况	https://www.stats.gov.cn/sj/zxfb/202410/t20241023_1957115.html
2024年三季度国内生产总值初步核算结果	https://www.stats.gov.cn/sj/zxfb/202410/t20241019_1957083.html
前三季度国民经济运行稳中有进向好因素累积增多	https://www.stats.gov.cn/sj/zxfb/202410/t20241018_1957044.html
2024年9月份规模以上工业增加值增长5.4%	https://www.stats.gov.cn/sj/zxfb/202410/t20241018_1957043.html
2024年1—9月份全国固定资产投资增长3.4%	https://www.stats.gov.cn/sj/zxfb/202410/t20241018_1957041.html
2024年1—9月份全国房地产市场基本情况	https://www.stats.gov.cn/sj/zxfb/202410/t20241018_1957040.html
2024年9月份社会消费品零售总额增长3.2%	https://www.stats.gov.cn/sj/zxfb/202410/t20241018_1957039.html
2024年9月份能源生产情况	https://www.stats.gov.cn/sj/zxfb/202410/t20241018_1957038.html
2024年前三季度居民收入和消费支出情况	https://www.stats.gov.cn/sj/zxfb/202410/t20241018_1957037.html
2024年三季度全国规模以上工业产能利用率为75.1%	https://www.stats.gov.cn/sj/zxfb/202410/t20241018_1957036.html
2024年9月份70个大中城市商品住宅销售价格变动情况	https://www.stats.gov.cn/sj/zxfb/202410/t20241018_1957035.html
2024年10月上旬流通领域重要生产资料市场价格变动情况	https://www.stats.gov.cn/sj/zxfb/202410/t20241013_1956900.html
2024年9月份居民消费价格同比上涨0.4%	https://www.stats.gov.cn/sj/zxfb/202410/t20241013_1956899.html
2024年9月份工业生产者出厂价格同比降幅扩大环比降幅收窄	https://www.stats.gov.cn/sj/zxfb/202410/t20241013_1956898.html
2024年9月下旬流通领域重要生产资料市场价格变动情况	https://www.stats.gov.cn/sj/zxfb/202410/t20241008_1956826.html
2023年全国科技经费投入统计公报	https://www.stats.gov.cn/sj/zxfb/202410/t20241002_1956810.html
2024年9月中国采购经理指数运行情况	https://www.stats.gov.cn/sj/zxfb/202409/t20240930_1956798.html
2024年1—8月份全国规模以上工业企业利润增长0.5%	https://www.stats.gov.cn/sj/zxfb/202409/t20240927_1956742.html
2024年9月中旬流通领域重要生产资料市场价格变动情况	https://www.stats.gov.cn/sj/zxfb/202409/t20240923_1956638.html
8月份国民经济运行总体平稳	https://www.stats.gov.cn/sj/zxfb/202409/t20240914_1956487.html
2024年8月份规模以上工业增加值增长4.5%	https://www.stats.gov.cn/sj/zxfb/202409/t20240914_1956486.html
2024年1—8月份全国固定资产投资增长3.4%	https://www.stats.gov.cn/sj/zxfb/202409/t20240914_1956483.html
2024年1—8月份全国房地产市场基本情况	https://www.stats.gov.cn/sj/zxfb/202409/t20240914_1956482.html
2024年8月份社会消费品零售总额增长2.1%	https://www.stats.gov.cn/sj/zxfb/202409/t20240914_1956481.html
2024年8月份能源生产情况	https://www.stats.gov.cn/sj/zxfb/202409/t20240914_1956480.html
2024年8月份70个大中城市商品住宅销售价格变动情况	https://www.stats.gov.cn/sj/zxfb/202409/t20240914_1956479.html
2024年9月上旬流通领域重要生产资料市场价格变动情况	https://www.stats.gov.cn/sj/zxfb/202409/t20240913_1956443.html
2024年8月份居民消费价格同比上涨0.6%	https://www.stats.gov.cn/sj/zxfb/202409/t20240909_1956311.html
2024年8月份工业生产者出厂价格同比下降1.8%	https://www.stats.gov.cn/sj/zxfb/202409/t20240909_1956310.html
2024年8月下旬流通领域重要生产资料市场价格变动情况	https://www.stats.gov.cn/sj/zxfb/202409/t20240903_1956185.html
2024年8月中国采购经理指数运行情况	https://www.stats.gov.cn/sj/zxfb/202408/t20240831_1956161.html
2023年经济发展新动能指数增长19.5%	https://www.stats.gov.cn/sj/zxfb/202408/t20240831_1956158.html
2024年1—7月份全国规模以上工业企业利润增长3.6%	https://www.stats.gov.cn/sj/zxfb/202408/t20240827_1956106.html
2024年8月中旬流通领域重要生产资料市场价格变动情况	https://www.stats.gov.cn/sj/zxfb/202408/t20240823_1956084.html
国家统计局关于2024年早稻产量数据的公告	https://www.stats.gov.cn/sj/zxfb/202408/t20240823_1956083.html
7月份国民经济运行总体平稳、稳中有进	https://www.stats.gov.cn/sj/zxfb/202408/t20240815_1955986.html
2024年7月份规模以上工业增加值增长5.1%	https://www.stats.gov.cn/sj/zxfb/202408/t20240815_1955984.html
2024年1—7月份全国固定资产投资增长3.6%	https://www.stats.gov.cn/sj/zxfb/202408/t20240815_1955983.html
2024年1—7月份全国房地产市场基本情况	https://www.stats.gov.cn/sj/zxfb/202408/t20240815_1955982.html
2024年7月份社会消费品零售总额增长2.7%	https://www.stats.gov.cn/sj/zxfb/202408/t20240815_1955981.html
2024年7月份能源生产情况	https://www.stats.gov.cn/sj/zxfb/202408/t20240815_1955980.html
2024年7月份70个大中城市商品住宅销售价格变动情况	https://www.stats.gov.cn/sj/zxfb/202408/t20240815_1955978.html
2024年8月上旬流通领域重要生产资料市场价格变动情况	https://www.stats.gov.cn/sj/zxfb/202408/t20240813_1955970.html
2024年7月份居民消费价格上涨0.5%	https://www.stats.gov.cn/sj/zxfb/202408/t20240809_1955948.html
2024年7月份工业生产者出厂价格降幅与上月相同	https://www.stats.gov.cn/sj/zxfb/202408/t20240809_1955949.html
2024年7月下旬流通领域重要生产资料市场价格变动情况	https://www.stats.gov.cn/sj/zxfb/202408/t20240802_1955927.html
2024年7月中国采购经理指数运行情况	https://www.stats.gov.cn/sj/zxfb/202407/t20240731_1955901.html
2023年我国“三新”经济增加值相当于国内生产总值的比重为17.73%	https://www.stats.gov.cn/sj/zxfb/202407/t20240730_1955890.html
2024年上半年全国规模以上文化及相关产业企业营业收入增长7.5%	https://www.stats.gov.cn/sj/zxfb/202407/t20240730_1955888.html
2024年1—6月份全国规模以上工业企业利润增长3.5%	https://www.stats.gov.cn/sj/zxfb/202407/t20240727_1955855.html
2024年7月中旬流通领域重要生产资料市场价格变动情况	https://www.stats.gov.cn/sj/zxfb/202407/t20240723_1955829.html
2024年二季度和上半年国内生产总值初步核算结果	https://www.stats.gov.cn/sj/zxfb/202407/t20240716_1955649.html
上半年国民经济运行总体平稳，稳中有进	https://www.stats.gov.cn/sj/zxfb/202407/t20240715_1955618.html
2024年6月份规模以上工业增加值增长5.3%	https://www.stats.gov.cn/sj/zxfb/202407/t20240715_1955596.html
2024年1—6月份全国固定资产投资增长3.9%	https://www.stats.gov.cn/sj/zxfb/202407/t20240715_1955598.html
2024年1—6月份全国房地产市场基本情况	https://www.stats.gov.cn/sj/zxfb/202407/t20240715_1955605.html
2024年1—6月份社会消费品零售总额同比增长3.7%	https://www.stats.gov.cn/sj/zxfb/202407/t20240715_1955609.html
2024年6月份能源生产情况	https://www.stats.gov.cn/sj/zxfb/202407/t20240715_1955612.html
2024年上半年居民收入和消费支出情况	https://www.stats.gov.cn/sj/zxfb/202407/t20240715_1955615.html
2024年二季度全国规模以上工业产能利用率为74.9%	https://www.stats.gov.cn/sj/zxfb/202407/t20240715_1955616.html
2024年6月份70个大中城市商品住宅销售价格变动情况	https://www.stats.gov.cn/sj/zxfb/202407/t20240715_1955602.html
2024年7月上旬流通领域重要生产资料市场价格变动情况	https://www.stats.gov.cn/sj/zxfb/202407/t20240712_1955583.html
国家统计局关于2024年夏粮产量数据的公告	https://www.stats.gov.cn/sj/zxfb/202407/t20240712_1955558.html
2024年6月份居民消费价格同比上涨0.2%	https://www.stats.gov.cn/sj/zxfb/202407/t20240710_1955508.html
2024年6月份工业生产者出厂价格同比降幅继续收窄	https://www.stats.gov.cn/sj/zxfb/202407/t20240710_1955509.html
2024年6月下旬流通领域重要生产资料市场价格变动情况	https://www.stats.gov.cn/sj/zxfb/202407/t20240703_1955359.html
2024年6月中国采购经理指数运行情况	https://www.stats.gov.cn/sj/zxfb/202406/t20240630_1955251.html
2024年1—5月份全国规模以上工业企业利润增长3.4%	https://www.stats.gov.cn/sj/zxfb/202406/t20240627_1955196.html
2024年6月中旬流通领域重要生产资料市场价格变动情况	https://www.stats.gov.cn/sj/zxfb/202406/t20240624_1955140.html
5月份国民经济延续回升向好态势运行总体平稳	https://www.stats.gov.cn/sj/zxfb/202406/t20240617_1954710.html
2024年5月份规模以上工业增加值增长5.6%	https://www.stats.gov.cn/sj/zxfb/202406/t20240617_1954712.html
2024年1—5月份全国固定资产投资增长4.0%	https://www.stats.gov.cn/sj/zxfb/202406/t20240617_1954714.html
2024年1—5月份全国房地产市场基本情况	https://www.stats.gov.cn/sj/zxfb/202406/t20240617_1954711.html
2024年5月份社会消费品零售总额增长3.7%	https://www.stats.gov.cn/sj/zxfb/202406/t20240617_1954709.html
2024年5月份能源生产情况	https://www.stats.gov.cn/sj/zxfb/202406/t20240617_1954708.html
2024年5月份70个大中城市商品住宅销售价格变动情况	https://www.stats.gov.cn/sj/zxfb/202406/t20240617_1954705.html
2024年6月上旬流通领域重要生产资料市场价格变动情况	https://www.stats.gov.cn/sj/zxfb/202406/t20240613_1954619.html
2024年5月份居民消费价格同比上涨0.3%	https://www.stats.gov.cn/sj/zxfb/202406/t20240612_1954519.html
2024年5月份工业生产者出厂价格同比降幅明显收窄环比上涨	https://www.stats.gov.cn/sj/zxfb/202406/t20240612_1954520.html
2024年5月下旬流通领域重要生产资料市场价格变动情况	https://www.stats.gov.cn/sj/zxfb/202406/t20240603_1954218.html
2024年5月中国采购经理指数运行情况	https://www.stats.gov.cn/sj/zxfb/202405/t20240531_1954176.html
2024年1—4月份全国规模以上工业企业利润增长4.3%	https://www.stats.gov.cn/sj/zxfb/202405/t20240527_1954143.html
2024年5月中旬流通领域重要生产资料市场价格变动情况	https://www.stats.gov.cn/sj/zxfb/202405/t20240524_1952672.html
2023年城镇单位就业人员年平均工资情况	https://www.stats.gov.cn/sj/zxfb/202405/t20240520_1950434.html
4月份国民经济运行延续回升向好态势	https://www.stats.gov.cn/sj/zxfb/202405/t20240517_1950397.html
2024年4月份规模以上工业增加值增长6.7%	https://www.stats.gov.cn/sj/zxfb/202405/t20240517_1950399.html
2024年1—4月份全国固定资产投资增长4.2%	https://www.stats.gov.cn/sj/zxfb/202405/t20240520_1950419.html
2024年1—4月份全国房地产市场基本情况	https://www.stats.gov.cn/sj/zxfb/202405/t20240520_1950423.html
2024年4月份社会消费品零售总额增长2.3%	https://www.stats.gov.cn/sj/zxfb/202405/t20240520_1950429.html
2024年4月份能源生产情况	https://www.stats.gov.cn/sj/zxfb/202405/t20240520_1950431.html
2024年4月份70个大中城市商品住宅销售价格变动情况	https://www.stats.gov.cn/sj/zxfb/202405/t20240517_1950386.html
2024年5月上旬流通领域重要生产资料市场价格变动情况	https://www.stats.gov.cn/sj/zxfb/202405/t20240514_1950313.html
2024年4月份居民消费价格同比上涨0.3%	https://www.stats.gov.cn/sj/zxfb/202405/t20240511_1950302.html
2024年4月份工业生产者出厂价格同比降幅收窄	https://www.stats.gov.cn/sj/zxfb/202405/t20240511_1950304.html
2024年4月下旬流通领域重要生产资料市场价格变动情况	https://www.stats.gov.cn/sj/zxfb/202405/t20240506_1948962.html
2024年4月中国采购经理指数运行情况	https://www.stats.gov.cn/sj/zxfb/202404/t20240430_1948787.html
2023年农民工监测调查报告	https://www.stats.gov.cn/sj/zxfb/202404/t20240430_1948783.html
2024年一季度全国规模以上文化及相关产业企业营业收入增长8.5%	https://www.stats.gov.cn/sj/zxfb/202404/t20240429_1948773.html
2024年1—3月份全国规模以上工业企业利润增长4.3%	https://www.stats.gov.cn/sj/zxfb/202404/t20240427_1948752.html
2024年4月中旬流通领域重要生产资料市场价格变动情况	https://www.stats.gov.cn/sj/zxfb/202404/t20240423_1948647.html
2024年一季度国内生产总值初步核算结果	https://www.stats.gov.cn/sj/zxfb/202404/t20240429_1948771.html
一季度国民经济实现良好开局	https://www.stats.gov.cn/sj/zxfb/202404/t20240416_1948561.html
2024年3月份规模以上工业增加值增长4.5%	https://www.stats.gov.cn/sj/zxfb/202404/t20240416_1948563.html
2024年1—3月份全国固定资产投资增长4.5%	https://www.stats.gov.cn/sj/zxfb/202404/t20240416_1948569.html
2024年1—3月份全国房地产市场基本情况	https://www.stats.gov.cn/sj/zxfb/202404/t20240416_1948571.html
2024年3月份社会消费品零售总额增长3.1%	https://www.stats.gov.cn/sj/zxfb/202404/t20240416_1948573.html
2024年3月份能源生产情况	https://www.stats.gov.cn/sj/zxfb/202404/t20240416_1948576.html
2024年一季度居民收入和消费支出情况	https://www.stats.gov.cn/sj/zxfb/202404/t20240416_1948580.html
2024年一季度全国规模以上工业产能利用率为73.6%	https://www.stats.gov.cn/sj/zxfb/202404/t20240416_1948583.html
2024年3月份70个大中城市商品住宅销售价格变动情况	https://www.stats.gov.cn/sj/zxfb/202404/t20240416_1948557.html
2024年4月上旬流通领域重要生产资料市场价格变动情况	https://www.stats.gov.cn/sj/zxfb/202404/t20240412_1948512.html
2024年3月份居民消费价格同比上涨0.1%	https://www.stats.gov.cn/sj/zxfb/202404/t20240411_1948448.html
2024年3月份工业生产者出厂价格同比下降2.8%	https://www.stats.gov.cn/sj/zxfb/202404/t20240411_1948465.html
2024年3月下旬流通领域重要生产资料市场价格变动情况	https://www.stats.gov.cn/sj/zxfb/202404/t20240403_1948249.html
2024年3月中国采购经理指数运行情况	https://www.stats.gov.cn/sj/zxfb/202404/t20240411_1948446.html
2024年1—2月份全国规模以上工业企业利润增长10.2%	https://www.stats.gov.cn/sj/zxfb/202403/t20240327_1948176.html
2024年3月中旬流通领域重要生产资料市场价格变动情况	https://www.stats.gov.cn/sj/zxfb/202403/t20240325_1948145.html
1-2月份国民经济稳中有升	https://www.stats.gov.cn/sj/zxfb/202403/t20240321_1948109.html
2024年1—2月份规模以上工业增加值增长7.0%	https://www.stats.gov.cn/sj/zxfb/202403/t20240322_1948129.html
2024年1—2月份全国固定资产投资增长4.2%	https://www.stats.gov.cn/sj/zxfb/202403/t20240322_1948131.html
2024年1—2月份全国房地产市场基本情况	https://www.stats.gov.cn/sj/zxfb/202403/t20240322_1948133.html
2024年1—2月份社会消费品零售总额增长5.5%	https://www.stats.gov.cn/sj/zxfb/202403/t20240327_1948175.html
2024年1—2月份能源生产情况	https://www.stats.gov.cn/sj/zxfb/202403/t20240322_1948121.html
2024年2月份70个大中城市商品住宅销售价格变动情况	https://www.stats.gov.cn/sj/zxfb/202403/t20240322_1948125.html
2024年3月上旬流通领域重要生产资料市场价格变动情况	https://www.stats.gov.cn/sj/zxfb/202403/t20240321_1948097.html
2024年2月份居民消费价格同比上涨0.7%环比上涨1.0%	https://www.stats.gov.cn/sj/zxfb/202403/t20240321_1948077.html
2024年2月份工业生产者出厂价格同比下降2.7%环比下降0.2%	https://www.stats.gov.cn/sj/zxfb/202403/t20240321_1948095.html
2024年2月下旬流通领域重要生产资料市场价格变动情况	https://www.stats.gov.cn/sj/zxfb/202403/t20240321_1948076.html
2024年2月中国采购经理指数运行情况	https://www.stats.gov.cn/sj/zxfb/202403/t20240318_1948006.html
中华人民共和国2023年国民经济和社会发展统计公报	https://www.stats.gov.cn/sj/zxfb/202402/t20240228_1947915.html
2024年1月份70个大中城市商品住宅销售价格变动情况	https://www.stats.gov.cn/sj/zxfb/202402/t20240223_1947806.html
2024年2月上旬流通领域重要生产资料市场价格变动情况	https://www.stats.gov.cn/sj/zxfb/202402/t20240207_1947532.html
2024年1月份居民消费价格环比上涨0.3%	https://www.stats.gov.cn/sj/zxfb/202402/t20240208_1947623.html
2024年1月份工业生产者出厂价格降幅收窄	https://www.stats.gov.cn/sj/zxfb/202402/t20240208_1947624.html
2024年1月下旬流通领域重要生产资料市场价格变动情况	https://www.stats.gov.cn/sj/zxfb/202402/t20240202_1947216.html
2024年1月中国采购经理指数运行情况	https://www.stats.gov.cn/sj/zxfb/202401/t20240131_1947009.html
2023年全国规模以上文化及相关产业企业营业收入增长8.2%	https://www.stats.gov.cn/sj/zxfb/202401/t20240129_1946971.html
2023年全国规模以上工业企业利润下降2.3%	https://www.stats.gov.cn/sj/zxfb/202401/t20240126_1946914.html
2024年1月中旬流通领域重要生产资料市场价格变动情况	https://www.stats.gov.cn/sj/zxfb/202401/t20240123_1946828.html
2023年四季度和全年国内生产总值初步核算结果	https://www.stats.gov.cn/sj/zxfb/202401/t20240118_1946691.html
关于完善分年龄组调查失业率有关情况的说明	https://www.stats.gov.cn/sj/zxfb/202401/t20240117_1946641.html
2023年四季度全国规模以上工业产能利用率为75.9%	https://www.stats.gov.cn/sj/zxfb/202401/t20240116_1946617.html
2023年12月份能源生产情况	https://www.stats.gov.cn/sj/zxfb/202401/t20240116_1946618.html
2023年12月份社会消费品零售总额增长7.4%	https://www.stats.gov.cn/sj/zxfb/202401/t20240116_1946619.html
2023年全国固定资产投资增长3.0%	https://www.stats.gov.cn/sj/zxfb/202401/t20240116_1946620.html
2023年12月份规模以上工业增加值增长6.8%	https://www.stats.gov.cn/sj/zxfb/202401/t20240116_1946621.html
2023年居民收入和消费支出情况	https://www.stats.gov.cn/sj/zxfb/202401/t20240116_1946622.html
2023年全国房地产市场基本情况	https://www.stats.gov.cn/sj/zxfb/202401/t20240116_1946623.html
2023年国民经济回升向好高质量发展扎实推进	https://www.stats.gov.cn/sj/zxfb/202401/t20240117_1946624.html
2023年12月份70个大中城市商品住宅销售价格变动情况	https://www.stats.gov.cn/sj/zxfb/202401/t20240117_1946600.html
2024年1月上旬流通领域重要生产资料市场价格变动情况	https://www.stats.gov.cn/sj/zxfb/202401/t20240113_1946522.html
2023年12月份居民消费价格同比下降0.3%环比上涨0.1%	https://www.stats.gov.cn/sj/zxfb/202401/t20240112_1946465.html
2023年12月份工业生产者出厂价格同比下降2.7%环比下降0.3%	https://www.stats.gov.cn/sj/zxfb/202401/t20240112_1946466.html
2023年12月下旬流通领域重要生产资料市场价格变动情况	https://www.stats.gov.cn/sj/zxfb/202401/t20240104_1946219.html
2022年《中国妇女发展纲要（2021—2030年）》统计监测报告	https://www.stats.gov.cn/sj/zxfb/202312/t20231229_1946062.html
2022年《中国儿童发展纲要（2021—2030年）》统计监测报告	https://www.stats.gov.cn/sj/zxfb/202312/t20231229_1946067.html
2023年12月中国采购经理指数运行情况	https://www.stats.gov.cn/sj/zxfb/202312/t20231229_1946102.html
2022年全国专利密集型产业增加值数据公告	https://www.stats.gov.cn/sj/zxfb/202312/t20231229_1946085.html
2022年全国体育产业总规模与增加值数据公告	https://www.stats.gov.cn/sj/zxfb/202312/t20231229_1946084.html
2022年全国农业及相关产业增加值占GDP比重为16.24%	https://www.stats.gov.cn/sj/zxfb/202312/t20231229_1946063.html
2022年全国旅游及相关产业增加值占GDP比重为3.71%	https://www.stats.gov.cn/sj/zxfb/202312/t20231229_1946064.html
2022年全国文化及相关产业增加值占GDP比重为4.46%	https://www.stats.gov.cn/sj/zxfb/202312/t20231229_1946065.html
国家统计局关于2022年国内生产总值最终核实的公告	https://www.stats.gov.cn/sj/zxfb/202312/t20231229_1946058.html
京津冀协同步伐坚实区域发展指数进一步提升	https://www.stats.gov.cn/sj/zxfb/202312/t20231227_1945819.html
2023年1—11月份全国规模以上工业企业利润下降4.4%	https://www.stats.gov.cn/sj/zxfb/202312/t20231226_1945798.html
一体化推动高质量发展长三角区域发展指数稳步提升	https://www.stats.gov.cn/sj/zxfb/202312/t20231221_1945711.html
国家统计局关于2023年棉花产量的公告	https://www.stats.gov.cn/sj/zxfb/202312/t20231225_1945745.html
2023年12月中旬流通领域重要生产资料市场价格变动情况	https://www.stats.gov.cn/sj/zxfb/202312/t20231222_1945723.html
11月份国民经济持续回升向好	https://www.stats.gov.cn/sj/zxfb/202312/t20231215_1945570.html
2023年11月份规模以上工业增加值增长6.6%	https://www.stats.gov.cn/sj/zxfb/202312/t20231215_1945571.html
2023年11月份能源生产情况	https://www.stats.gov.cn/sj/zxfb/202312/t20231215_1945572.html
2023年1—11月份全国固定资产投资增长2.9%	https://www.stats.gov.cn/sj/zxfb/202312/t20231215_1945573.html
2023年1—11月份全国房地产市场基本情况	https://www.stats.gov.cn/sj/zxfb/202312/t20231215_1945574.html
2023年11月份社会消费品零售总额增长10.1%	https://www.stats.gov.cn/sj/zxfb/202312/t20231215_1945575.html
2023年11月份70个大中城市商品住宅销售价格变动情况	https://www.stats.gov.cn/sj/zxfb/202312/t20231215_1945561.html
2023年12月上旬流通领域重要生产资料市场价格变动情况	https://www.stats.gov.cn/sj/zxfb/202312/t20231213_1945508.html
国家统计局关于2023年粮食产量数据的公告	https://www.stats.gov.cn/sj/zxfb/202312/t20231211_1945417.html
2023年11月份居民消费价格同比下降0.5%环比下降0.5%	https://www.stats.gov.cn/sj/zxfb/202312/t20231209_1945394.html
2023年11月份工业生产者出厂价格同比下降3.0%环比下降0.3%	https://www.stats.gov.cn/sj/zxfb/202312/t20231209_1945395.html
2023年11月下旬流通领域重要生产资料市场价格变动情况	https://www.stats.gov.cn/sj/zxfb/202312/t20231204_1945127.html
2023年11月中国采购经理指数运行情况	https://www.stats.gov.cn/sj/zxfb/202311/t20231130_1945018.html
2023年1—10月份全国规模以上工业企业利润下降7.8%	https://www.stats.gov.cn/sj/zxfb/202311/t20231127_1944914.html
2023年11月中旬流通领域重要生产资料市场价格变动情况	https://www.stats.gov.cn/sj/zxfb/202311/t20231124_1944859.html
2023年10月份70个大中城市商品住宅销售价格变动情况	https://www.stats.gov.cn/sj/zxfb/202311/t20231115_1944597.html
2023年10月份能源生产情况	https://www.stats.gov.cn/sj/zxfb/202311/t20231115_1944526.html
10月份国民经济持续恢复向好	https://www.stats.gov.cn/sj/zxfb/202311/t20231115_1944527.html
2023年1—10月份全国固定资产投资增长2.9%	https://www.stats.gov.cn/sj/zxfb/202311/t20231115_1944528.html
2023年1—10月份全国房地产市场基本情况	https://www.stats.gov.cn/sj/zxfb/202311/t20231115_1944529.html
2023年10月份社会消费品零售总额增长7.6%	https://www.stats.gov.cn/sj/zxfb/202311/t20231115_1944530.html
2023年10月份规模以上工业增加值增长4.6%	https://www.stats.gov.cn/sj/zxfb/202311/t20231115_1944531.html
2023年11月上旬流通领域重要生产资料市场价格变动情况	https://www.stats.gov.cn/sj/zxfb/202311/t20231113_1944471.html
2023年10月份居民消费价格同比下降0.2%环比下降0.1%	https://www.stats.gov.cn/sj/zxfb/202311/t20231109_1944382.html
2023年10月份工业生产者出厂价格同比下降2.6%环比持平	https://www.stats.gov.cn/sj/zxfb/202311/t20231109_1944383.html
2023年10月下旬流通领域重要生产资料市场价格变动情况	https://www.stats.gov.cn/sj/zxfb/202311/t20231103_1944116.html
2023年10月中国采购经理指数运行情况	https://www.stats.gov.cn/sj/zxfb/202310/t20231031_1944037.html
2023年前三季度全国规模以上文化及相关产业企业营业收入增长7.7%	https://www.stats.gov.cn/sj/zxfb/202310/t20231030_1944007.html
2023年1—9月份全国规模以上工业企业利润下降9.0%	https://www.stats.gov.cn/sj/zxfb/202310/t20231027_1943958.html
2023年10月中旬流通领域重要生产资料市场价格变动情况	https://www.stats.gov.cn/sj/zxfb/202310/t20231024_1943867.html
国家统计局社科文司负责人就完善中国创新指数编制方法有关情况答记者问	https://www.stats.gov.cn/sj/zxfb/202310/t20231019_1943764.html
2022年中国创新指数比上年增长5.9%	https://www.stats.gov.cn/sj/zxfb/202310/t20231020_1943765.html
2023年三季度国内生产总值初步核算结果	https://www.stats.gov.cn/sj/zxfb/202310/t20231019_1943720.html
2023年9月份70个大中城市商品住宅销售价格变动情况	https://www.stats.gov.cn/sj/zxfb/202310/t20231019_1943721.html
2023年三季度全国工业产能利用率为75.6%	https://www.stats.gov.cn/sj/zxfb/202310/t20231018_1943652.html
2023年9月份能源生产情况	https://www.stats.gov.cn/sj/zxfb/202310/t20231018_1943653.html
前三季度国民经济持续恢复向好高质量发展稳步推进	https://www.stats.gov.cn/sj/zxfb/202310/t20231018_1943654.html
2023年9月份规模以上工业增加值增长4.5%	https://www.stats.gov.cn/sj/zxfb/202310/t20231018_1943655.html
2023年1—9月份全国房地产市场基本情况	https://www.stats.gov.cn/sj/zxfb/202310/t20231018_1943656.html
2023年1—9月份全国固定资产投资增长3.1%	https://www.stats.gov.cn/sj/zxfb/202310/t20231018_1943657.html
2023年9月份社会消费品零售总额增长5.5%	https://www.stats.gov.cn/sj/zxfb/202310/t20231018_1943658.html
2023年前三季度居民收入和消费支出情况	https://www.stats.gov.cn/sj/zxfb/202310/t20231018_1943659.html
2023年10月上旬流通领域重要生产资料市场价格变动情况	https://www.stats.gov.cn/sj/zxfb/202310/t20231013_1943576.html
2023年9月份居民消费价格同比持平环比上涨0.2%	https://www.stats.gov.cn/sj/zxfb/202310/t20231013_1943548.html
2023年9月份工业生产者出厂价格同比下降2.5%环比上涨0.4%	https://www.stats.gov.cn/sj/zxfb/202310/t20231013_1943549.html
2023年9月下旬流通领域重要生产资料市场价格变动情况	https://www.stats.gov.cn/sj/zxfb/202310/t20231008_1943363.html
2023年9月中国采购经理指数运行情况	https://www.stats.gov.cn/sj/zxfb/202309/t20230928_1943291.html
2023年1—8月份全国规模以上工业企业利润下降11.7%	https://www.stats.gov.cn/sj/zxfb/202309/t20230927_1943230.html
2023年9月中旬流通领域重要生产资料市场价格变动情况	https://www.stats.gov.cn/sj/zxfb/202309/t20230922_1943130.html
2022年全国科技经费投入统计公报	https://www.stats.gov.cn/sj/zxfb/202309/t20230918_1942920.html
2023年8月份规模以上工业增加值增长4.5%	https://www.stats.gov.cn/sj/zxfb/202309/t20230915_1942845.html
2023年1—8月份全国固定资产投资增长3.2%	https://www.stats.gov.cn/sj/zxfb/202309/t20230915_1942846.html
2023年1—8月份全国房地产市场基本情况	https://www.stats.gov.cn/sj/zxfb/202309/t20230915_1942847.html
8月份国民经济恢复向好	https://www.stats.gov.cn/sj/zxfb/202309/t20230915_1942848.html
2023年8月份社会消费品零售总额增长4.6%	https://www.stats.gov.cn/sj/zxfb/202309/t20230915_1942849.html
2023年8月份能源生产情况	https://www.stats.gov.cn/sj/zxfb/202309/t20230915_1942850.html
2023年8月份70个大中城市商品住宅销售价格变动情况	https://www.stats.gov.cn/sj/zxfb/202309/t20230915_1942839.html
2023年9月上旬流通领域重要生产资料市场价格变动情况	https://www.stats.gov.cn/sj/zxfb/202309/t20230914_1942800.html
2023年8月份居民消费价格同比上涨0.1%环比上涨0.3%	https://www.stats.gov.cn/sj/zxfb/202309/t20230909_1942695.html
2023年8月份工业生产者出厂价格同比下降3.0%环比上涨0.2%	https://www.stats.gov.cn/sj/zxfb/202309/t20230909_1942696.html
2023年8月下旬流通领域重要生产资料市场价格变动情况	https://www.stats.gov.cn/sj/zxfb/202309/t20230904_1942521.html
2023年8月中国采购经理指数运行情况	https://www.stats.gov.cn/sj/zxfb/202308/t20230831_1942429.html
2023年1—7月份全国规模以上工业企业利润下降15.5%	https://www.stats.gov.cn/sj/zxfb/202308/t20230827_1942335.html
2023年8月中旬流通领域重要生产资料市场价格变动情况	https://www.stats.gov.cn/sj/zxfb/202308/t20230823_1942226.html
国家统计局关于2023年早稻产量数据的公告	https://www.stats.gov.cn/sj/zxfb/202308/t20230823_1942209.html
2022年我国经济发展新动能指数比上年增长28.4%	https://www.stats.gov.cn/sj/zxfb/202308/t20230822_1942172.html
2023年7月份70个大中城市商品住宅销售价格变动情况	https://www.stats.gov.cn/sj/zxfb/202308/t20230816_1942026.html
7月份国民经济持续稳定恢复	https://www.stats.gov.cn/sj/zxfb/202308/t20230815_1941957.html
2023年7月份社会消费品零售总额增长2.5%	https://www.stats.gov.cn/sj/zxfb/202308/t20230815_1941958.html
2023年7月份规模以上工业增加值增长3.7%	https://www.stats.gov.cn/sj/zxfb/202308/t20230815_1941959.html
2023年1—7月份全国固定资产投资增长3.4%	https://www.stats.gov.cn/sj/zxfb/202308/t20230815_1941960.html
2023年1—7月份全国房地产市场基本情况	https://www.stats.gov.cn/sj/zxfb/202308/t20230815_1941961.html
2023年7月份能源生产情况	https://www.stats.gov.cn/sj/zxfb/202308/t20230815_1941962.html
2023年8月上旬流通领域重要生产资料市场价格变动情况	https://www.stats.gov.cn/sj/zxfb/202308/t20230814_1941939.html
2023年7月份居民消费价格同比下降0.3%环比上涨0.2%	https://www.stats.gov.cn/sj/zxfb/202308/t20230809_1941863.html
2023年7月份工业生产者出厂价格同比下降4.4%环比下降0.2%	https://www.stats.gov.cn/sj/zxfb/202308/t20230809_1941864.html
2023年7月下旬流通领域重要生产资料市场价格变动情况	https://www.stats.gov.cn/sj/zxfb/202308/t20230803_1941770.html
2023年7月中国采购经理指数运行情况	https://www.stats.gov.cn/sj/zxfb/202307/t20230731_1941624.html
2023年上半年全国规模以上文化及相关产业企业营业收入增长7.3%	https://www.stats.gov.cn/sj/zxfb/202307/t20230728_1941597.html
2022年我国“三新”经济增加值相当于国内生产总值的比重为17.36%	https://www.stats.gov.cn/sj/zxfb/202307/t20230727_1941591.html
2023年1—6月份全国规模以上工业企业利润下降16.8%降幅持续收窄	https://www.stats.gov.cn/sj/zxfb/202307/t20230726_1941552.html
2023年7月中旬流通领域重要生产资料市场价格变动情况	https://www.stats.gov.cn/sj/zxfb/202307/t20230724_1941470.html
2023年二季度和上半年国内生产总值初步核算结果	https://www.stats.gov.cn/sj/zxfb/202307/t20230717_1941310.html
2023年上半年规模以上工业增加值增长3.8%	https://www.stats.gov.cn/sj/zxfb/202307/t20230715_1941268.html
2023年上半年社会消费品零售总额增长8.2%	https://www.stats.gov.cn/sj/zxfb/202307/t20230715_1941269.html
2023年上半年全国固定资产投资增长3.8%	https://www.stats.gov.cn/sj/zxfb/202307/t20230715_1941270.html
上半年国民经济恢复向好	https://www.stats.gov.cn/sj/zxfb/202307/t20230715_1941271.html
2023年上半年能源生产情况	https://www.stats.gov.cn/sj/zxfb/202307/t20230715_1941272.html
2023年上半年全国房地产市场基本情况	https://www.stats.gov.cn/sj/zxfb/202307/t20230715_1941273.html
2023年上半年居民收入和消费支出情况	https://www.stats.gov.cn/sj/zxfb/202307/t20230715_1941274.html
2023年二季度全国工业产能利用率为74.5%	https://www.stats.gov.cn/sj/zxfb/202307/t20230715_1941275.html
2023年6月份70个大中城市商品住宅销售价格变动情况	https://www.stats.gov.cn/sj/zxfb/202307/t20230715_1941238.html
国家统计局关于2023年夏粮产量数据的公告	https://www.stats.gov.cn/sj/zxfb/202307/t20230715_1941239.html
2023年7月上旬流通领域重要生产资料市场价格变动情况	https://www.stats.gov.cn/sj/zxfb/202307/t20230713_1941213.html
2023年6月份居民消费价格同比持平环比下降0.2%	https://www.stats.gov.cn/sj/zxfb/202307/t20230710_1941147.html
2023年6月份工业生产者出厂价格同比下降5.4%环比下降0.8%	https://www.stats.gov.cn/sj/zxfb/202307/t20230710_1941148.html
2023年6月下旬流通领域重要生产资料市场价格变动情况	https://www.stats.gov.cn/sj/zxfb/202307/t20230704_1941001.html
2023年6月中国采购经理指数运行情况	https://www.stats.gov.cn/sj/zxfb/202306/t20230630_1940935.html
2022年全国文化及相关产业发展情况报告	https://www.stats.gov.cn/sj/zxfb/202306/t20230629_1940907.html
2023年1—5月份全国规模以上工业企业利润下降18.8%	https://www.stats.gov.cn/sj/zxfb/202306/t20230628_1940873.html
2023年6月中旬流通领域重要生产资料市场价格变动情况	https://www.stats.gov.cn/sj/zxfb/202306/t20230621_1940794.html
2023年5月份能源生产情况	https://www.stats.gov.cn/sj/zxfb/202306/t20230615_1940625.html
2023年5月份规模以上工业增加值增长3.5%	https://www.stats.gov.cn/sj/zxfb/202306/t20230615_1940626.html
2023年5月份社会消费品零售总额增长12.7%	https://www.stats.gov.cn/sj/zxfb/202306/t20230615_1940627.html
5月份国民经济继续恢复	https://www.stats.gov.cn/sj/zxfb/202306/t20230615_1940628.html
2023年1—5月份全国房地产市场基本情况	https://www.stats.gov.cn/sj/zxfb/202306/t20230615_1940629.html
2023年1—5月份全国固定资产投资增长4.0%	https://www.stats.gov.cn/sj/zxfb/202306/t20230615_1940630.html
2023年5月份70个大中城市商品住宅销售价格变动情况	https://www.stats.gov.cn/sj/zxfb/202306/t20230615_1940622.html
2023年6月上旬流通领域重要生产资料市场价格变动情况	https://www.stats.gov.cn/sj/zxfb/202306/t20230614_1940552.html
2023年5月份居民消费价格同比上涨0.2%环比下降0.2%	https://www.stats.gov.cn/sj/zxfb/202306/t20230609_1940479.html
2023年5月份工业生产者出厂价格同比下降4.6%环比下降0.9%	https://www.stats.gov.cn/sj/zxfb/202306/t20230609_1940480.html
2023年5月下旬流通领域重要生产资料市场价格变动情况	https://www.stats.gov.cn/sj/zxfb/202306/t20230602_1940326.html
2023年5月中国采购经理指数运行情况	https://www.stats.gov.cn/sj/zxfb/202305/t20230531_1940267.html
2023年1—4月份全国规模以上工业企业利润下降20.6%	https://www.stats.gov.cn/sj/zxfb/202305/t20230526_1940198.html
2023年5月中旬流通领域重要生产资料市场价格变动情况	https://www.stats.gov.cn/sj/zxfb/202305/t20230523_1939967.html
2023年4月份70个大中城市商品住宅销售价格变动情况	https://www.stats.gov.cn/sj/zxfb/202305/t20230517_1939606.html
2023年4月份能源生产情况	https://www.stats.gov.cn/sj/zxfb/202305/t20230516_1939484.html
2023年4月份社会消费品零售总额增长18.4%	https://www.stats.gov.cn/sj/zxfb/202305/t20230516_1939485.html
4月份国民经济运行延续恢复向好态势	https://www.stats.gov.cn/sj/zxfb/202305/t20230516_1939486.html
2023年4月份规模以上工业增加值增长5.6%	https://www.stats.gov.cn/sj/zxfb/202305/t20230516_1939487.html
2023年1—4月份全国固定资产投资增长4.7%	https://www.stats.gov.cn/sj/zxfb/202305/t20230516_1939488.html
2023年1—4月份全国房地产市场基本情况	https://www.stats.gov.cn/sj/zxfb/202305/t20230516_1939489.html
2023年5月上旬流通领域重要生产资料市场价格变动情况	https://www.stats.gov.cn/sj/zxfb/202305/t20230514_1939402.html
2023年4月份居民消费价格同比上涨0.1%环比下降0.1%	https://www.stats.gov.cn/sj/zxfb/202305/t20230511_1939347.html
2023年4月份工业生产者出厂价格同比下降3.6%环比下降0.5%	https://www.stats.gov.cn/sj/zxfb/202305/t20230511_1939348.html
2022年城镇私营单位就业人员年平均工资65237元	https://www.stats.gov.cn/sj/zxfb/202305/t20230509_1939286.html
2022年规模以上企业就业人员年平均工资情况	https://www.stats.gov.cn/sj/zxfb/202305/t20230509_1939287.html
2022年城镇非私营单位就业人员年平均工资114029元	https://www.stats.gov.cn/sj/zxfb/202305/t20230509_1939290.html
2023年4月下旬流通领域重要生产资料市场价格变动情况	https://www.stats.gov.cn/sj/zxfb/202305/t20230505_1939193.html
2023年4月中国采购经理指数运行情况	https://www.stats.gov.cn/sj/zxfb/202304/t20230429_1939136.html
2023年一季度全国规模以上文化及相关产业企业营业收入增长4.0%	https://www.stats.gov.cn/sj/zxfb/202304/t20230429_1939130.html
2022年农民工监测调查报告	https://www.stats.gov.cn/sj/zxfb/202304/t20230427_1939124.html
2023年1—3月份全国规模以上工业企业利润下降21.4%	https://www.stats.gov.cn/sj/zxfb/202304/t20230427_1939091.html
2023年4月中旬流通领域重要生产资料市场价格变动情况	https://www.stats.gov.cn/sj/zxfb/202304/t20230424_1938965.html
2021年《中国妇女发展纲要（2021—2030年）》统计监测报告	https://www.stats.gov.cn/sj/zxfb/202304/t20230417_1938687.html
2021年《中国儿童发展纲要（2021—2030年）》统计监测报告	https://www.stats.gov.cn/sj/zxfb/202304/t20230417_1938688.html
2023年一季度国内生产总值初步核算结果	https://www.stats.gov.cn/sj/zxfb/202304/t20230419_1938791.html
一季度经济运行开局良好	https://www.stats.gov.cn/sj/zxfb/202304/t20230418_1938706.html
2023年3月份规模以上工业增加值增长3.9%	https://www.stats.gov.cn/sj/zxfb/202304/t20230418_1938707.html
2023年1—3月份全国固定资产投资增长5.1%	https://www.stats.gov.cn/sj/zxfb/202304/t20230418_1938708.html
2023年1—3月份全国房地产市场基本情况	https://www.stats.gov.cn/sj/zxfb/202304/t20230418_1938709.html
2023年3月份社会消费品零售总额增长10.6%	https://www.stats.gov.cn/sj/zxfb/202304/t20230418_1938710.html
2023年3月份能源生产情况	https://www.stats.gov.cn/sj/zxfb/202304/t20230418_1938711.html
2023年一季度居民收入和消费支出情况	https://www.stats.gov.cn/sj/zxfb/202304/t20230418_1938712.html
2023年一季度全国工业产能利用率为74.3%	https://www.stats.gov.cn/sj/zxfb/202304/t20230418_1938713.html
2023年3月份70个大中城市商品住宅销售价格变动情况	https://www.stats.gov.cn/sj/zxfb/202304/t20230415_1938658.html
2023年4月上旬流通领域重要生产资料市场价格变动情况	https://www.stats.gov.cn/sj/zxfb/202304/t20230413_1938602.html
2023年3月份居民消费价格同比上涨0.7%环比下降0.3%	https://www.stats.gov.cn/sj/zxfb/202304/t20230411_1938507.html
2023年3月份工业生产者出厂价格同比下降2.5%环比持平	https://www.stats.gov.cn/sj/zxfb/202304/t20230411_1938508.html
2023年3月下旬流通领域重要生产资料市场价格变动情况	https://www.stats.gov.cn/sj/zxfb/202304/t20230404_1938344.html
2023年3月中国采购经理指数运行情况	https://www.stats.gov.cn/sj/zxfb/202303/t20230331_1938271.html
2023年1—2月份全国规模以上工业企业利润下降22.9%	https://www.stats.gov.cn/sj/zxfb/202303/t20230327_1937983.html
2023年3月中旬流通领域重要生产资料市场价格变动情况	https://www.stats.gov.cn/sj/zxfb/202303/t20230324_1937932.html
2023年2月份70个大中城市商品住宅销售价格变动情况	https://www.stats.gov.cn/sj/zxfb/202303/t20230316_1937294.html
1-2月份国民经济企稳回升	https://www.stats.gov.cn/sj/zxfb/202303/t20230315_1937190.html
2023年1—2月份规模以上工业增加值增长2.4%	https://www.stats.gov.cn/sj/zxfb/202303/t20230315_1937192.html
2023年1—2月份全国固定资产投资（不含农户）增长5.5%	https://www.stats.gov.cn/sj/zxfb/202303/t20230315_1937194.html
2023年1—2月份全国房地产开发投资下降5.7%	https://www.stats.gov.cn/sj/zxfb/202303/t20230315_1937196.html
2023年1—2月份社会消费品零售总额增长3.5%	https://www.stats.gov.cn/sj/zxfb/202303/t20230315_1937198.html
2023年1—2月份能源生产情况	https://www.stats.gov.cn/sj/zxfb/202303/t20230315_1937200.html
2023年3月上旬流通领域重要生产资料市场价格变动情况	https://www.stats.gov.cn/sj/zxfb/202303/t20230314_1937136.html
2023年2月份居民消费价格同比上涨1.0%环比下降0.5%	https://www.stats.gov.cn/sj/zxfb/202303/t20230309_1936952.html
2023年2月份工业生产者出厂价格同比下降1.4%环比持平	https://www.stats.gov.cn/sj/zxfb/202303/t20230309_1936953.html
2023年2月下旬流通领域重要生产资料市场价格变动情况	https://www.stats.gov.cn/sj/zxfb/202303/t20230304_1927533.html
2023年2月中国采购经理指数运行情况	https://www.stats.gov.cn/sj/zxfb/202303/t20230301_1919045.html
中华人民共和国2022年国民经济和社会发展统计公报	https://www.stats.gov.cn/sj/zxfb/202302/t20230228_1919011.html
2023年2月中旬流通领域重要生产资料市场价格变动情况	https://www.stats.gov.cn/sj/zxfb/202302/t20230224_1918453.html
2023年1月份70个大中城市商品住宅销售价格变动情况	https://www.stats.gov.cn/sj/zxfb/202302/t20230220_1913664.html
2023年2月上旬流通领域重要生产资料市场价格变动情况	https://www.stats.gov.cn/sj/zxfb/202302/t20230220_1913663.html
2023年1月份居民消费价格同比上涨2.1%环比上涨0.8%	https://www.stats.gov.cn/sj/zxfb/202302/t20230220_1913661.html
2023年1月份工业生产者出厂价格同比下降0.8%环比下降0.4%	https://www.stats.gov.cn/sj/zxfb/202302/t20230220_1913662.html
2022年全国规模以上工业企业利润下降4.0%	https://www.stats.gov.cn/sj/zxfb/202302/t20230203_1901735.html
2023年1月中国采购经理指数运行情况	https://www.stats.gov.cn/sj/zxfb/202302/t20230203_1901737.html
2022年全国规模以上文化及相关产业企业营业收入增长0.9%	https://www.stats.gov.cn/sj/zxfb/202302/t20230203_1901733.html
2023年1月中旬流通领域重要生产资料市场价格变动情况	https://www.stats.gov.cn/sj/zxfb/202302/t20230203_1901732.html
2022年我国R&D经费突破3万亿元与GDP之比达2.55%	https://www.stats.gov.cn/sj/zxfb/202302/t20230203_1901730.html
2022年四季度和全年国内生产总值初步核算结果	https://www.stats.gov.cn/sj/zxfb/202302/t20230203_1901718.html
2022年国民经济顶住压力再上新台阶	https://www.stats.gov.cn/sj/zxfb/202302/t20230203_1901709.html
2022年12月份规模以上工业增加值增长1.3%	https://www.stats.gov.cn/sj/zxfb/202302/t20230203_1901710.html
2022年全国固定资产投资（不含农户）增长5.1%	https://www.stats.gov.cn/sj/zxfb/202302/t20230203_1901711.html
2022年全国房地产开发投资下降10.0%	https://www.stats.gov.cn/sj/zxfb/202302/t20230203_1901712.html
2022年12月社会消费品零售总额下降1.8%	https://www.stats.gov.cn/sj/zxfb/202302/t20230203_1901713.html
2022年12月份能源生产情况	https://www.stats.gov.cn/sj/zxfb/202302/t20230203_1901714.html
2022年居民收入和消费支出情况	https://www.stats.gov.cn/sj/zxfb/202302/t20230203_1901715.html
2022年四季度全国工业产能利用率为75.7%	https://www.stats.gov.cn/sj/zxfb/202302/t20230203_1901716.html
2022年12月份70个大中城市商品住宅销售价格变动情况	https://www.stats.gov.cn/sj/zxfb/202302/t20230203_1901707.html
2023年1月上旬流通领域重要生产资料市场价格变动情况	https://www.stats.gov.cn/sj/zxfb/202302/t20230203_1901706.html
2022年12月份居民消费价格同比上涨1.8%环比持平	https://www.stats.gov.cn/sj/zxfb/202302/t20230203_1901703.html
2022年12月份工业生产者出厂价格同比下降0.7%环比下降0.5%	https://www.stats.gov.cn/sj/zxfb/202302/t20230203_1901704.html
2022年12月下旬流通领域重要生产资料市场价格变动情况	https://www.stats.gov.cn/sj/zxfb/202302/t20230203_1901702.html
2022年12月中国采购经理指数运行情况	https://www.stats.gov.cn/sj/zxfb/202302/t20230203_1901700.html
2021年全国专利密集型产业增加值数据公告	https://www.stats.gov.cn/sj/zxfb/202302/t20230203_1901699.html
2021年全国体育产业总规模与增加值数据公告	https://www.stats.gov.cn/sj/zxfb/202302/t20230203_1901698.html
2021年全国农业及相关产业增加值占GDP比重为16.05%	https://www.stats.gov.cn/sj/zxfb/202302/t20230203_1901695.html
2021年全国旅游及相关产业增加值占GDP比重为3.96%	https://www.stats.gov.cn/sj/zxfb/202302/t20230203_1901696.html
2021年全国文化及相关产业增加值占GDP比重为4.56%	https://www.stats.gov.cn/sj/zxfb/202302/t20230203_1901697.html
京津冀协同促发展区域发展指数持续提升	https://www.stats.gov.cn/sj/zxfb/202302/t20230203_1901694.html
2022年1—11月份全国规模以上工业企业利润下降3.6%	https://www.stats.gov.cn/sj/zxfb/202302/t20230203_1901691.html
国家统计局关于2021年国内生产总值最终核实的公告	https://www.stats.gov.cn/sj/zxfb/202302/t20230203_1901693.html
国家统计局关于2022年棉花产量的公告	https://www.stats.gov.cn/sj/zxfb/202302/t20230203_1901689.html
2022年12月中旬流通领域重要生产资料市场价格变动情况	https://www.stats.gov.cn/sj/zxfb/202302/t20230203_1901688.html
11月份国民经济运行总体延续恢复态势	https://www.stats.gov.cn/sj/zxfb/202302/t20230203_1901678.html
2022年11月份规模以上工业增加值增长2.2%	https://www.stats.gov.cn/sj/zxfb/202302/t20230203_1901679.html
2022年1—11月份全国固定资产投资（不含农户）增长5.3%	https://www.stats.gov.cn/sj/zxfb/202302/t20230203_1901680.html
2022年1—11月份全国房地产开发投资下降9.8%	https://www.stats.gov.cn/sj/zxfb/202302/t20230203_1901681.html
2022年11月份社会消费品零售总额下降5.9%	https://www.stats.gov.cn/sj/zxfb/202302/t20230203_1901682.html
2022年11月份能源生产情况	https://www.stats.gov.cn/sj/zxfb/202302/t20230203_1901683.html
2022年11月份70个大中城市商品住宅销售价格变动情况	https://www.stats.gov.cn/sj/zxfb/202302/t20230203_1901676.html
2022年12月上旬流通领域重要生产资料市场价格变动情况	https://www.stats.gov.cn/sj/zxfb/202302/t20230203_1901675.html
国家统计局关于2022年粮食产量数据的公告	https://www.stats.gov.cn/sj/zxfb/202302/t20230203_1901673.html
2022年11月份居民消费价格同比上涨1.6%环比下降0.2%	https://www.stats.gov.cn/sj/zxfb/202302/t20230203_1901670.html
2022年11月份工业生产者出厂价格同比下降1.3%环比上涨0.1%	https://www.stats.gov.cn/sj/zxfb/202302/t20230203_1901671.html
2022年11月下旬流通领域重要生产资料市场价格变动情况	https://www.stats.gov.cn/sj/zxfb/202302/t20230203_1901669.html
2022年11月中国采购经理指数运行情况	https://www.stats.gov.cn/sj/zxfb/202302/t20230203_1901666.html
2022年1—10月份全国规模以上工业企业利润下降3.0%	https://www.stats.gov.cn/sj/zxfb/202302/t20230203_1901664.html
2022年11月中旬流通领域重要生产资料市场价格变动情况	https://www.stats.gov.cn/sj/zxfb/202302/t20230203_1901663.html
2022年10月份70个大中城市商品住宅销售价格变动情况	https://www.stats.gov.cn/sj/zxfb/202302/t20230203_1901661.html
10月份国民经济保持恢复态势	https://www.stats.gov.cn/sj/zxfb/202302/t20230203_1901651.html
2022年10月份规模以上工业增加值增长5.0%	https://www.stats.gov.cn/sj/zxfb/202302/t20230203_1901652.html
2022年1—10月份全国固定资产投资（不含农户）增长5.8%	https://www.stats.gov.cn/sj/zxfb/202302/t20230203_1901653.html
2022年1—10月份全国房地产开发投资下降8.8%	https://www.stats.gov.cn/sj/zxfb/202302/t20230203_1901654.html
2022年10月份社会消费品零售总额下降0.5%	https://www.stats.gov.cn/sj/zxfb/202302/t20230203_1901655.html
2022年10月份能源生产情况	https://www.stats.gov.cn/sj/zxfb/202302/t20230203_1901656.html
2022年11月上旬流通领域重要生产资料市场价格变动情况	https://www.stats.gov.cn/sj/zxfb/202302/t20230203_1901650.html
2022年10月份居民消费价格同比上涨2.1%环比上涨0.1%	https://www.stats.gov.cn/sj/zxfb/202302/t20230203_1901647.html
2022年10月份工业生产者出厂价格同比下降1.3%环比上涨0.2%	https://www.stats.gov.cn/sj/zxfb/202302/t20230203_1901648.html
2022年10月下旬流通领域重要生产资料市场价格变动情况	https://www.stats.gov.cn/sj/zxfb/202302/t20230203_1901646.html
2022年10月中国采购经理指数运行情况	https://www.stats.gov.cn/sj/zxfb/202302/t20230203_1901644.html
2022年前三季度全国规模以上文化及相关产业企业营业收入增长1.4%	https://www.stats.gov.cn/sj/zxfb/202302/t20230203_1901642.html
2021年中国创新指数为264.6	https://www.stats.gov.cn/sj/zxfb/202302/t20230203_1901640.html
2022年1—9月份全国规模以上工业企业利润下降2.3%	https://www.stats.gov.cn/sj/zxfb/202302/t20230203_1901638.html
2022年9月份规模以上工业增加值增长6.3%	https://www.stats.gov.cn/sj/zxfb/202302/t20230203_1901616.html
2022年1—9月份全国固定资产投资（不含农户）增长5.9%	https://www.stats.gov.cn/sj/zxfb/202302/t20230203_1901617.html
2022年1—9月份全国房地产开发投资下降8.0%	https://www.stats.gov.cn/sj/zxfb/202302/t20230203_1901618.html
2022年9月份社会消费品零售总额增长2.5%	https://www.stats.gov.cn/sj/zxfb/202302/t20230203_1901619.html
2022年9月份能源生产情况	https://www.stats.gov.cn/sj/zxfb/202302/t20230203_1901620.html
2022年前三季度居民收入和消费支出情况	https://www.stats.gov.cn/sj/zxfb/202302/t20230203_1901621.html
2022年三季度全国工业产能利用率为75.6%	https://www.stats.gov.cn/sj/zxfb/202302/t20230203_1901622.html
2022年9月份70个大中城市商品住宅销售价格变动情况	https://www.stats.gov.cn/sj/zxfb/202302/t20230203_1901623.html
2022年10月中旬流通领域重要生产资料市场价格变动情况	https://www.stats.gov.cn/sj/zxfb/202302/t20230203_1901625.html
2022年三季度国内生产总值初步核算结果	https://www.stats.gov.cn/sj/zxfb/202302/t20230203_1901626.html
前三季度国民经济恢复向好	https://www.stats.gov.cn/sj/zxfb/202302/t20230203_1901627.html
2022年10月上旬流通领域重要生产资料市场价格变动情况	https://www.stats.gov.cn/sj/zxfb/202302/t20230203_1901612.html
2022年9月份居民消费价格同比上涨2.8%环比上涨0.3%	https://www.stats.gov.cn/sj/zxfb/202302/t20230203_1901613.html
2022年9月份工业生产者出厂价格同比上涨0.9%环比下降0.1%	https://www.stats.gov.cn/sj/zxfb/202302/t20230203_1901614.html
2022年9月下旬流通领域重要生产资料市场价格变动情况	https://www.stats.gov.cn/sj/zxfb/202302/t20230203_1901606.html
2022年9月中国采购经理指数运行情况	https://www.stats.gov.cn/sj/zxfb/202302/t20230203_1901601.html
2022年1—8月份全国规模以上工业企业利润下降2.1%	https://www.stats.gov.cn/sj/zxfb/202302/t20230203_1901596.html
2022年9月中旬流通领域重要生产资料市场价格变动情况	https://www.stats.gov.cn/sj/zxfb/202302/t20230203_1901594.html
8月份国民经济持续恢复主要指标总体改善	https://www.stats.gov.cn/sj/zxfb/202302/t20230203_1901579.html
2022年8月份规模以上工业增加值增长4.2%	https://www.stats.gov.cn/sj/zxfb/202302/t20230203_1901580.html
2022年1—8月份全国固定资产投资（不含农户）增长5.8%	https://www.stats.gov.cn/sj/zxfb/202302/t20230203_1901581.html
2022年1—8月份全国房地产开发投资下降7.4%	https://www.stats.gov.cn/sj/zxfb/202302/t20230203_1901582.html
2022年8月份社会消费品零售总额增长5.4%	https://www.stats.gov.cn/sj/zxfb/202302/t20230203_1901583.html
2022年8月份能源生产情况	https://www.stats.gov.cn/sj/zxfb/202302/t20230203_1901584.html
2022年8月份70个大中城市商品住宅销售价格变动情况	https://www.stats.gov.cn/sj/zxfb/202302/t20230203_1901577.html
2022年9月上旬流通领域重要生产资料市场价格变动情况	https://www.stats.gov.cn/sj/zxfb/202302/t20230203_1901574.html
2022年8月份居民消费价格同比上涨2.5%环比下降0.1%	https://www.stats.gov.cn/sj/zxfb/202302/t20230203_1901570.html
2022年8月份工业生产者出厂价格同比上涨2.3%环比下降1.2%	https://www.stats.gov.cn/sj/zxfb/202302/t20230203_1901571.html
2022年8月下旬流通领域重要生产资料市场价格变动情况	https://www.stats.gov.cn/sj/zxfb/202302/t20230203_1901569.html
2021年我国经济发展新动能指数比上年增长35.4%	https://www.stats.gov.cn/sj/zxfb/202302/t20230203_1901563.html
2021年全国科技经费投入统计公报	https://www.stats.gov.cn/sj/zxfb/202302/t20230203_1901565.html
2022年8月中国采购经理指数运行情况	https://www.stats.gov.cn/sj/zxfb/202302/t20230203_1901567.html
2022年1—7月份全国规模以上工业企业利润下降1.1%	https://www.stats.gov.cn/sj/zxfb/202302/t20230203_1901561.html
国家统计局关于2022年早稻产量数据的公告	https://www.stats.gov.cn/sj/zxfb/202302/t20230203_1901559.html
2022年8月中旬流通领域重要生产资料市场价格变动情况	https://www.stats.gov.cn/sj/zxfb/202302/t20230203_1901558.html
7月份国民经济延续恢复态势	https://www.stats.gov.cn/sj/zxfb/202302/t20230203_1901548.html
2022年7月份规模以上工业增加值增长3.8%	https://www.stats.gov.cn/sj/zxfb/202302/t20230203_1901549.html
2022年1—7月份全国固定资产投资（不含农户）增长5.7%	https://www.stats.gov.cn/sj/zxfb/202302/t20230203_1901550.html
2022年1—7月份全国房地产开发投资下降6.4%	https://www.stats.gov.cn/sj/zxfb/202302/t20230203_1901551.html
2022年7月份社会消费品零售总额增长2.7%	https://www.stats.gov.cn/sj/zxfb/202302/t20230203_1901552.html
2022年7月份能源生产情况	https://www.stats.gov.cn/sj/zxfb/202302/t20230203_1901553.html
2022年7月份70个大中城市商品住宅销售价格变动情况	https://www.stats.gov.cn/sj/zxfb/202302/t20230203_1901546.html
2022年8月上旬流通领域重要生产资料市场价格变动情况	https://www.stats.gov.cn/sj/zxfb/202302/t20230203_1901545.html
2022年7月份居民消费价格同比上涨2.7%环比上涨0.5%	https://www.stats.gov.cn/sj/zxfb/202302/t20230203_1901542.html
2022年7月份工业生产者出厂价格同比上涨4.2%环比下降1.3%	https://www.stats.gov.cn/sj/zxfb/202302/t20230203_1901543.html
2022年7月下旬流通领域重要生产资料市场价格变动情况	https://www.stats.gov.cn/sj/zxfb/202302/t20230203_1901541.html
2022年7月中国采购经理指数运行情况	https://www.stats.gov.cn/sj/zxfb/202302/t20230203_1901539.html
2022年上半年全国规模以上文化及相关产业企业营业收入增长0.3%	https://www.stats.gov.cn/sj/zxfb/202302/t20230203_1901537.html
2021年我国“三新”经济增加值相当于国内生产总值的比重为17.25%	https://www.stats.gov.cn/sj/zxfb/202302/t20230203_1901536.html
2022年1—6月份全国规模以上工业企业利润增长1.0%	https://www.stats.gov.cn/sj/zxfb/202302/t20230203_1901534.html
2022年7月中旬流通领域重要生产资料市场价格变动情况	https://www.stats.gov.cn/sj/zxfb/202302/t20230203_1901533.html
2022年二季度和上半年国内生产总值初步核算结果	https://www.stats.gov.cn/sj/zxfb/202302/t20230203_1901532.html
有力应对超预期因素影响国民经济企稳回升	https://www.stats.gov.cn/sj/zxfb/202302/t20230203_1901513.html
2022年6月份规模以上工业增加值增长3.9%	https://www.stats.gov.cn/sj/zxfb/202302/t20230203_1901514.html
2022年1—6月份全国固定资产投资（不含农户）增长6.1%	https://www.stats.gov.cn/sj/zxfb/202302/t20230203_1901515.html
2022年1—6月份全国房地产开发投资下降5.4%	https://www.stats.gov.cn/sj/zxfb/202302/t20230203_1901516.html
2022年6月份社会消费品零售总额增长3.1%	https://www.stats.gov.cn/sj/zxfb/202302/t20230203_1901517.html
2022年6月份能源生产情况	https://www.stats.gov.cn/sj/zxfb/202302/t20230203_1901518.html
2022年上半年居民收入和消费支出情况	https://www.stats.gov.cn/sj/zxfb/202302/t20230203_1901519.html
2022年二季度全国工业产能利用率为75.1%	https://www.stats.gov.cn/sj/zxfb/202302/t20230203_1901520.html
2022年6月份70个大中城市商品住宅销售价格变动情况	https://www.stats.gov.cn/sj/zxfb/202302/t20230203_1901511.html
2022年7月上旬流通领域重要生产资料市场价格变动情况	https://www.stats.gov.cn/sj/zxfb/202302/t20230203_1901507.html
国家统计局关于2022年夏粮产量数据的公告	https://www.stats.gov.cn/sj/zxfb/202302/t20230203_1901508.html
2022年6月份居民消费价格同比上涨2.5%环比持平	https://www.stats.gov.cn/sj/zxfb/202302/t20230203_1901504.html
2022年6月份工业生产者出厂价格同比上涨6.1%环比持平	https://www.stats.gov.cn/sj/zxfb/202302/t20230203_1901505.html
2022年6月下旬流通领域重要生产资料市场价格变动情况	https://www.stats.gov.cn/sj/zxfb/202302/t20230203_1901503.html
2022年6月中国采购经理指数运行情况	https://www.stats.gov.cn/sj/zxfb/202302/t20230203_1901501.html
2022年1—5月份全国规模以上工业企业利润增长1.0%	https://www.stats.gov.cn/sj/zxfb/202302/t20230203_1901499.html
2022年6月中旬流通领域重要生产资料市场价格变动情况	https://www.stats.gov.cn/sj/zxfb/202302/t20230203_1901498.html
2022年5月份70个大中城市商品住宅销售价格变动情况	https://www.stats.gov.cn/sj/zxfb/202302/t20230203_1901496.html
5月份国民经济运行呈现恢复势头	https://www.stats.gov.cn/sj/zxfb/202302/t20230203_1901486.html
2022年5月份规模以上工业增加值增长0.7%	https://www.stats.gov.cn/sj/zxfb/202302/t20230203_1901487.html
2022年1—5月份全国固定资产投资（不含农户）增长6.2%	https://www.stats.gov.cn/sj/zxfb/202302/t20230203_1901488.html
2022年1—5月份全国房地产开发投资下降4.0%	https://www.stats.gov.cn/sj/zxfb/202302/t20230203_1901489.html
2022年1—5月份社会消费品零售总额下降1.5%	https://www.stats.gov.cn/sj/zxfb/202302/t20230203_1901490.html
2022年5月份能源生产情况	https://www.stats.gov.cn/sj/zxfb/202302/t20230203_1901491.html
2022年6月上旬流通领域重要生产资料市场价格变动情况	https://www.stats.gov.cn/sj/zxfb/202302/t20230203_1901485.html
2022年5月份居民消费价格同比上涨2.1%环比下降0.2%	https://www.stats.gov.cn/sj/zxfb/202302/t20230203_1901482.html
2022年5月份工业生产者出厂价格同比上涨6.4%环比上涨0.1%	https://www.stats.gov.cn/sj/zxfb/202302/t20230203_1901483.html
2022年5月下旬流通领域重要生产资料市场价格变动情况	https://www.stats.gov.cn/sj/zxfb/202302/t20230203_1901481.html
2022年5月中国采购经理指数运行情况	https://www.stats.gov.cn/sj/zxfb/202302/t20230203_1901479.html
2022年1—4月份全国规模以上工业企业利润增长3.5%	https://www.stats.gov.cn/sj/zxfb/202302/t20230203_1901477.html
2022年5月中旬流通领域重要生产资料市场价格变动情况	https://www.stats.gov.cn/sj/zxfb/202302/t20230203_1901476.html
2021年城镇非私营单位就业人员年平均工资106837元	https://www.stats.gov.cn/sj/zxfb/202302/t20230203_1901472.html
2021年城镇私营单位就业人员年平均工资62884元	https://www.stats.gov.cn/sj/zxfb/202302/t20230203_1901473.html
2021年规模以上企业就业人员年平均工资情况	https://www.stats.gov.cn/sj/zxfb/202302/t20230203_1901474.html
2022年4月份70个大中城市商品住宅销售价格变动情况	https://www.stats.gov.cn/sj/zxfb/202302/t20230203_1901470.html
经济下行压力加大高质量发展大势未变	https://www.stats.gov.cn/sj/zxfb/202302/t20230203_1901460.html
2022年1—4月份规模以上工业增加值增长4.0%	https://www.stats.gov.cn/sj/zxfb/202302/t20230203_1901461.html
2022年1—4月份全国固定资产投资（不含农户）增长6.8%	https://www.stats.gov.cn/sj/zxfb/202302/t20230203_1901462.html
2022年1—4月份全国房地产开发投资下降2.7%	https://www.stats.gov.cn/sj/zxfb/202302/t20230203_1901463.html
2022年1—4月份社会消费品零售总额下降0.2%	https://www.stats.gov.cn/sj/zxfb/202302/t20230203_1901464.html
2022年4月份能源生产情况	https://www.stats.gov.cn/sj/zxfb/202302/t20230203_1901465.html
2022年5月上旬流通领域重要生产资料市场价格变动情况	https://www.stats.gov.cn/sj/zxfb/202302/t20230203_1901459.html
2022年4月份居民消费价格同比上涨2.1%环比上涨0.4%	https://www.stats.gov.cn/sj/zxfb/202302/t20230203_1901456.html
2022年4月份工业生产者出厂价格同比上涨8.0%环比上涨0.6%	https://www.stats.gov.cn/sj/zxfb/202302/t20230203_1901457.html
2022年4月下旬流通领域重要生产资料市场价格变动情况	https://www.stats.gov.cn/sj/zxfb/202302/t20230203_1901455.html
2022年4月中国采购经理指数运行情况	https://www.stats.gov.cn/sj/zxfb/202302/t20230203_1901453.html
2022年一季度全国规模以上文化及相关产业企业营业收入增长5.0%	https://www.stats.gov.cn/sj/zxfb/202302/t20230203_1901450.html
2021年农民工监测调查报告	https://www.stats.gov.cn/sj/zxfb/202302/t20230203_1901452.html
2022年1—3月份全国规模以上工业企业利润增长8.5%	https://www.stats.gov.cn/sj/zxfb/202302/t20230203_1901448.html
2022年4月中旬流通领域重要生产资料市场价格变动情况	https://www.stats.gov.cn/sj/zxfb/202302/t20230203_1901447.html
2022年一季度国内生产总值初步核算结果	https://www.stats.gov.cn/sj/zxfb/202302/t20230203_1901436.html
一季度国民经济开局总体平稳	https://www.stats.gov.cn/sj/zxfb/202302/t20230203_1901427.html
2022年3月份规模以上工业增加值增长5.0%	https://www.stats.gov.cn/sj/zxfb/202302/t20230203_1901428.html
2022年1—3月份全国固定资产投资（不含农户）增长9.3%	https://www.stats.gov.cn/sj/zxfb/202302/t20230203_1901429.html
2022年1—3月份全国房地产开发投资增长0.7%	https://www.stats.gov.cn/sj/zxfb/202302/t20230203_1901430.html
2022年一季度社会消费品零售总额增长3.3%	https://www.stats.gov.cn/sj/zxfb/202302/t20230203_1901431.html
2022年3月份能源生产情况	https://www.stats.gov.cn/sj/zxfb/202302/t20230203_1901432.html
2022年一季度居民收入和消费支出情况	https://www.stats.gov.cn/sj/zxfb/202302/t20230203_1901433.html
2022年一季度全国工业产能利用率为75.8%	https://www.stats.gov.cn/sj/zxfb/202302/t20230203_1901434.html
2022年3月份70个大中城市商品住宅销售价格变动情况	https://www.stats.gov.cn/sj/zxfb/202302/t20230203_1901425.html
2022年4月上旬流通领域重要生产资料市场价格变动情况	https://www.stats.gov.cn/sj/zxfb/202302/t20230203_1901424.html
2022年3月份居民消费价格同比上涨1.5%环比持平	https://www.stats.gov.cn/sj/zxfb/202302/t20230203_1901421.html
2022年3月份工业生产者出厂价格同比上涨8.3%环比上涨1.1%	https://www.stats.gov.cn/sj/zxfb/202302/t20230203_1901422.html
2022年3月下旬流通领域重要生产资料市场价格变动情况	https://www.stats.gov.cn/sj/zxfb/202302/t20230203_1901420.html
2022年3月中国采购经理指数运行情况	https://www.stats.gov.cn/sj/zxfb/202302/t20230203_1901418.html
2022年1—2月份全国规模以上工业企业利润增长5.0%	https://www.stats.gov.cn/sj/zxfb/202302/t20230203_1901416.html
2022年3月中旬流通领域重要生产资料市场价格变动情况	https://www.stats.gov.cn/sj/zxfb/202302/t20230203_1901415.html
2022年2月份70个大中城市商品住宅销售价格变动情况	https://www.stats.gov.cn/sj/zxfb/202302/t20230203_1901413.html
1-2月份国民经济恢复好于预期	https://www.stats.gov.cn/sj/zxfb/202302/t20230203_1901402.html
2022年1—2月份规模以上工业增加值增长7.5%	https://www.stats.gov.cn/sj/zxfb/202302/t20230203_1901403.html
2022年1—2月份全国固定资产投资（不含农户）增长12.2%	https://www.stats.gov.cn/sj/zxfb/202302/t20230203_1901404.html
2022年1—2月份全国房地产开发投资增长3.7%	https://www.stats.gov.cn/sj/zxfb/202302/t20230203_1901405.html
2022年1—2月份社会消费品零售总额增长6.7%	https://www.stats.gov.cn/sj/zxfb/202302/t20230203_1901406.html
2022年1—2月份能源生产情况	https://www.stats.gov.cn/sj/zxfb/202302/t20230203_1901407.html
2022年3月上旬流通领域重要生产资料市场价格变动情况	https://www.stats.gov.cn/sj/zxfb/202302/t20230203_1901401.html
2022年2月份居民消费价格同比上涨0.9%环比上涨0.6%	https://www.stats.gov.cn/sj/zxfb/202302/t20230203_1901398.html
2022年2月份工业生产者出厂价格同比上涨8.8%环比上涨0.5%	https://www.stats.gov.cn/sj/zxfb/202302/t20230203_1901399.html
2022年2月下旬流通领域重要生产资料市场价格变动情况	https://www.stats.gov.cn/sj/zxfb/202302/t20230203_1901397.html
2022年2月中国采购经理指数运行情况	https://www.stats.gov.cn/sj/zxfb/202302/t20230203_1901395.html
中华人民共和国2021年国民经济和社会发展统计公报	https://www.stats.gov.cn/sj/zxfb/202302/t20230203_1901393.html
2022年2月中旬流通领域重要生产资料市场价格变动情况	https://www.stats.gov.cn/sj/zxfb/202302/t20230203_1901392.html
2022年1月份70个大中城市商品住宅销售价格变动情况	https://www.stats.gov.cn/sj/zxfb/202302/t20230203_1901390.html
2022年1月份居民消费价格同比上涨0.9%环比上涨0.4%	https://www.stats.gov.cn/sj/zxfb/202302/t20230203_1901367.html
2022年1月份工业生产者出厂价格同比上涨9.1%环比下降0.2%	https://www.stats.gov.cn/sj/zxfb/202302/t20230203_1901368.html
2022年1月下旬流通领域重要生产资料市场价格变动情况	https://www.stats.gov.cn/sj/zxfb/202302/t20230203_1901366.html
2022年1月中国采购经理指数运行情况	https://www.stats.gov.cn/sj/zxfb/202302/t20230203_1901362.html
2021年全国规模以上文化及相关产业企业营业收入增长16.0%，两年平均增长8.9%	https://www.stats.gov.cn/sj/zxfb/202302/t20230203_1901364.html
2021年全国规模以上工业企业利润增长34.3%两年平均增长18.2%	https://www.stats.gov.cn/sj/zxfb/202302/t20230203_1901360.html
2021年我国R&D经费为2.79万亿与GDP之比达2.44%	https://www.stats.gov.cn/sj/zxfb/202302/t20230203_1901358.html
2022年1月中旬流通领域重要生产资料市场价格变动情况	https://www.stats.gov.cn/sj/zxfb/202302/t20230203_1901357.html
2021年四季度和全年国内生产总值（GDP）初步核算结果	https://www.stats.gov.cn/sj/zxfb/202302/t20230203_1901345.html
2021年国民经济持续恢复发展预期目标较好完成	https://www.stats.gov.cn/sj/zxfb/202302/t20230203_1901336.html
2021年12月份规模以上工业增加值增长4.3%	https://www.stats.gov.cn/sj/zxfb/202302/t20230203_1901337.html
2021年12月份能源生产情况	https://www.stats.gov.cn/sj/zxfb/202302/t20230203_1901338.html
2021年全国固定资产投资（不含农户）增长4.9%	https://www.stats.gov.cn/sj/zxfb/202302/t20230203_1901339.html
2021年全国房地产开发投资增长4.4%	https://www.stats.gov.cn/sj/zxfb/202302/t20230203_1901340.html
2021年社会消费品零售总额增长12.5%	https://www.stats.gov.cn/sj/zxfb/202302/t20230203_1901341.html
2021年居民收入和消费支出情况	https://www.stats.gov.cn/sj/zxfb/202302/t20230203_1901342.html
2021年四季度全国工业产能利用率为77.4%	https://www.stats.gov.cn/sj/zxfb/202302/t20230203_1901343.html
2021年12月份70个大中城市商品住宅销售价格变动情况	https://www.stats.gov.cn/sj/zxfb/202302/t20230203_1901334.html
2022年1月上旬流通领域重要生产资料市场价格变动情况	https://www.stats.gov.cn/sj/zxfb/202302/t20230203_1901332.html
2021年12月份居民消费价格同比上涨1.5%环比下降0.3%	https://www.stats.gov.cn/sj/zxfb/202302/t20230203_1901328.html
2021年12月份工业生产者出厂价格同比上涨10.3%环比下降1.2%	https://www.stats.gov.cn/sj/zxfb/202302/t20230203_1901329.html
2020年全国农业及相关产业增加值占GDP比重为16.47%	https://www.stats.gov.cn/sj/zxfb/202302/t20230203_1901331.html
2021年12月下旬流通领域重要生产资料市场价格变动情况	https://www.stats.gov.cn/sj/zxfb/202302/t20230203_1901327.html
2021年12月中国采购经理指数运行情况	https://www.stats.gov.cn/sj/zxfb/202302/t20230203_1901325.html
2020年全国专利密集型产业增加值数据公告	https://www.stats.gov.cn/sj/zxfb/202302/t20230203_1901323.html
2020年全国体育产业总规模与增加值数据公告	https://www.stats.gov.cn/sj/zxfb/202302/t20230203_1901324.html
2020年全国旅游及相关产业增加值占GDP比重为4.01%	https://www.stats.gov.cn/sj/zxfb/202302/t20230203_1901321.html
2020年全国文化及相关产业增加值占GDP比重为4.43%	https://www.stats.gov.cn/sj/zxfb/202302/t20230203_1901322.html
2021年1—11月份全国规模以上工业企业利润同比增长38.0%两年平均增长18.9%	https://www.stats.gov.cn/sj/zxfb/202302/t20230203_1901319.html
2021年12月中旬流通领域重要生产资料市场价格变动情况	https://www.stats.gov.cn/sj/zxfb/202302/t20230203_1901318.html
《中国妇女发展纲要（2011—2020年）》终期统计监测报告	https://www.stats.gov.cn/sj/zxfb/202302/t20230203_1901316.html
《中国儿童发展纲要（2011—2020年）》终期统计监测报告	https://www.stats.gov.cn/sj/zxfb/202302/t20230203_1901317.html
京津冀区域发展指数稳步提升	https://www.stats.gov.cn/sj/zxfb/202302/t20230203_1901315.html
国家统计局关于2020年国内生产总值最终核实的公告	https://www.stats.gov.cn/sj/zxfb/202302/t20230203_1901314.html
11月份国民经济继续恢复实体经济稳中有升	https://www.stats.gov.cn/sj/zxfb/202302/t20230203_1901304.html
2021年11月份规模以上工业增加值增长3.8%	https://www.stats.gov.cn/sj/zxfb/202302/t20230203_1901305.html
2021年1—11月份全国固定资产投资（不含农户）增长5.2%	https://www.stats.gov.cn/sj/zxfb/202302/t20230203_1901306.html
2021年1—11月份全国房地产开发投资增长6.0%	https://www.stats.gov.cn/sj/zxfb/202302/t20230203_1901307.html
2021年11月份社会消费品零售总额增长3.9%	https://www.stats.gov.cn/sj/zxfb/202302/t20230203_1901308.html
2021年11月份能源生产情况	https://www.stats.gov.cn/sj/zxfb/202302/t20230203_1901309.html
2021年11月份70个大中城市商品住宅销售价格变动情况	https://www.stats.gov.cn/sj/zxfb/202302/t20230203_1901302.html
国家统计局关于2021年棉花产量的公告	https://www.stats.gov.cn/sj/zxfb/202302/t20230203_1901299.html
2021年12月上旬流通领域重要生产资料市场价格变动情况	https://www.stats.gov.cn/sj/zxfb/202302/t20230203_1901301.html
2021年11月份居民消费价格同比上涨2.3%环比上涨0.4%	https://www.stats.gov.cn/sj/zxfb/202302/t20230203_1901296.html
2021年11月份工业生产者出厂价格同比上涨12.9%环比持平	https://www.stats.gov.cn/sj/zxfb/202302/t20230203_1901297.html
2021年11月下旬流通领域重要生产资料市场价格变动情况	https://www.stats.gov.cn/sj/zxfb/202302/t20230203_1901293.html
国家统计局关于2021年粮食产量数据的公告	https://www.stats.gov.cn/sj/zxfb/202302/t20230203_1901294.html
2021年11月中国采购经理指数运行情况	https://www.stats.gov.cn/sj/zxfb/202302/t20230203_1901291.html
2021年1—10月份全国规模以上工业企业利润同比增长42.2%两年平均增长19.7%	https://www.stats.gov.cn/sj/zxfb/202302/t20230203_1901289.html
2021年11月中旬流通领域重要生产资料市场价格变动情况	https://www.stats.gov.cn/sj/zxfb/202302/t20230203_1901288.html
10月份经济运行总体平稳持续恢复	https://www.stats.gov.cn/sj/zxfb/202302/t20230203_1901278.html
2021年10月份规模以上工业增加值增长3.5%	https://www.stats.gov.cn/sj/zxfb/202302/t20230203_1901279.html
2021年1—10月份全国固定资产投资（不含农户）增长6.1%	https://www.stats.gov.cn/sj/zxfb/202302/t20230203_1901280.html
2021年1—10月份全国房地产开发投资增长7.2%	https://www.stats.gov.cn/sj/zxfb/202302/t20230203_1901281.html
2021年10月份社会消费品零售总额增长4.9%	https://www.stats.gov.cn/sj/zxfb/202302/t20230203_1901282.html
2021年10月份能源生产情况	https://www.stats.gov.cn/sj/zxfb/202302/t20230203_1901283.html
2021年11月上旬流通领域重要生产资料市场价格变动情况	https://www.stats.gov.cn/sj/zxfb/202302/t20230203_1901275.html
2021年10月份70个大中城市商品住宅销售价格变动情况	https://www.stats.gov.cn/sj/zxfb/202302/t20230203_1901276.html
2021年10月份居民消费价格同比上涨1.5%环比上涨0.7%	https://www.stats.gov.cn/sj/zxfb/202302/t20230203_1901272.html
2021年10月份工业生产者出厂价格同比上涨13.5%环比上涨2.5%	https://www.stats.gov.cn/sj/zxfb/202302/t20230203_1901273.html
2021年10月下旬流通领域重要生产资料市场价格变动情况	https://www.stats.gov.cn/sj/zxfb/202302/t20230203_1901271.html
2021年10月中国采购经理指数运行情况	https://www.stats.gov.cn/sj/zxfb/202302/t20230203_1901269.html
2021年前三季度全国规模以上文化及相关产业企业营业收入增长21.8%，两年平均增长10.0%	https://www.stats.gov.cn/sj/zxfb/202302/t20230203_1901267.html
2020年中国创新指数增长6.4%	https://www.stats.gov.cn/sj/zxfb/202302/t20230203_1901265.html
2021年1—9月份全国规模以上工业企业利润同比增长44.7%两年平均增长18.8%	https://www.stats.gov.cn/sj/zxfb/202302/t20230203_1901263.html
2021年10月中旬流通领域重要生产资料市场价格变动情况	https://www.stats.gov.cn/sj/zxfb/202302/t20230203_1901262.html
2021年9月份70个大中城市商品住宅销售价格变动情况	https://www.stats.gov.cn/sj/zxfb/202302/t20230203_1901260.html
2021年三季度国内生产总值（GDP）初步核算结果	https://www.stats.gov.cn/sj/zxfb/202302/t20230203_1901249.html
前三季度国民经济总体保持恢复态势	https://www.stats.gov.cn/sj/zxfb/202302/t20230203_1901240.html
2021年9月份规模以上工业增加值增长3.1%	https://www.stats.gov.cn/sj/zxfb/202302/t20230203_1901241.html
2021年1—9月份全国固定资产投资（不含农户）增长7.3%	https://www.stats.gov.cn/sj/zxfb/202302/t20230203_1901242.html