loc,name,scheduled_dth,platform,pipeline
55833,VG GATOR/TGP EVANGELINE PASS DELIVE,1999274,km,TGP
74530,Gator Express-Plaquemines,1468619,enbridge,TE
772300,Cameron LNG (Del),1428275,gasnom,CAMERON
79171,NEW ROADS CUSTODY TRANSFER POINT,1346246,enbridge,TE
49448,SPLIQ/KMLP SP LIQUEFACTION CAMERON,1276064,km,KMLP
56573,TGP/SNG TGP-ROSE HILL #2 TO SNG CLA,929214,km,TGP
49446,CAM IPL/TGP BANKEN RD AT HWY 27 DE,889241,km,TGP
56571,TGP/SNG TOCA #2 - SNG TO TGP ST BER,881715,km,SNG
9258,NICORGAS/NGPL CDP,849750,km,NGPL
808311,Golden Pass Pipeline,773586,et,GR
420207,AGT/TGP MAHWAH NEW JERSEY BERGEN,747016,km,TGP
898400,Sesh 42 Header GR,658198,et,GR
46622,SPLIQ/NGPL SABINE PASS LIQUEFACTION,646110,km,NGPL
75332,EGAN GAS STORAGE (73331 INJ/73332 WD),635431,enbridge,TE
421079,TRANSCAN/TGP UDP NIAGARA RIVER DELI,589508,km,TGP
48934,CCCPL/NGPL SINTON SAN PATRICIO,562512,km,NGPL
292545,Trunkline @ Vinton,551863,et,GR
47799,NMP/TGP GILLRINA ROAD NUECES,447249,km,TGP
75051,EASTERN GAS -FRANKLIN (D73051/R76051),420805,enbridge,TE
3592,SABPL/NGPL HENRY HUB VERMILION,420533,km,NGPL
75553,BOBCAT STORAGE - (D73553/R73554),415584,enbridge,TE
70087,"Algonquin - Lambertville, NJ",396551,enbridge,TE
75578,MONROE GAS STORAGE - (D73578/R73579),395180,enbridge,TE
79968,ELA CUSTODY TRANSFER POINT,385308,enbridge,TE
909260,NIPSCO/NGPL CDP,383581,km,NGPL
660700,ELC/EEC EEC TO ELC CHATHAM,375660,km,EEC
49861,CCCPL/TGP SINTON SAN PATRICIO,346883,km,TGP
74903,"PEPL-Gas City Delivery/Route 26, Grant co., IN",339901,enbridge,TE
50074,SO CO/SNG PLANT MCDONOUGH COBB,330221,km,SNG
74529,"TransCameron Extension Oak Grove-Cameron Parish, LA",310625,enbridge,TE
39772,KMNTP/NGPL DELIVERY LAMAR,301100,km,NGPL
82742,BEAUREGARD PARISH INCT - CHENIERE CREOLE TRAIL PL,259977,et,TGC
421017,GDR/TGP RIO BRAVO HIDALGO,257520,km,TGP
420101,TRNSCO/TGP RIVERVALE NEW JERSEY BER,257397,km,TGP
420527,NFG/TGP ROSE LAKE POTTER,249519,km,TGP
79995,"NEXUS INTERCONNECT WITH TETLP MAINLINE, MONROE CO., OH",244321,enbridge,TE
5579,KMTP/NGPL GOODRICH POLK,239911,km,NGPL
73893,"Talen - Brunner Island/Jerusalem School Rd, York Co., PA",235000,enbridge,TE
938850,EEC/SNG PT WENTWORTH CHATHAM,225657,km,EEC
73882,Sempra/Cameron -Gulf Market,225405,enbridge,TE
47226,NMP/NGPL NUECES,225153,km,NGPL
420932,E OH GAS/TGP PETERSBURG MAHONING,221377,km,TGP
GSTGC,LINCOLN ROAD INTERCONNECT - GULF SOUTH,220017,et,TGC
73912,"BIG Angleton Delivery, Brazoria Co., TX",219811,enbridge,TE
807000,SO CO/SNG PLANT FRANKLIN (GOAT ROCK,215503,km,SNG
74215,"Texas Gas Transmission LLC - Lebanon, OH",204917,enbridge,TE
75506,COLUMBIA GULF-TETCO INTERCONNECT-ADAIR CO. KY (D73806/R73506),200000,enbridge,TE
49479,KIOWA PP/NGPL KIAMICHI POWER PLANT,196000,km,NGPL
450261,CENAGAS/TGP PEMEX CHECK DELIV SOUTH,195193,km,TGP
79999,STRATTON RIDGE,189475,enbridge,TE
421043,PINE PRA/TGP PINE PRAIRIE NORTH RAP,181570,km,TGP
73349,"Dynegy Hanging Rock II, LLC",180269,enbridge,TE
80277,RAGLEY EXCHANGE - TRANSCO,180010,et,TGC
420245,COL GAS/TGP MILFORD PA BIG PIKE,177261,km,TGP
79962,CEDAR BAYOU MAINLINE HEAD OF LATERAL ACCOUNTING POINT,170281,enbridge,TE
73590,NRG - Cedar Bayou,170265,enbridge,TE
73298,"Cottonwood Energy Company, LP - Newton Co., TX",168000,enbridge,TE
909285,PGLC/NGPL CDP,164984,km,NGPL
57580,Tenn 800 Header GR,164714,et,GR
73096,"Interstate Energy Company (I.E.C.) - Bucks Co., PA",164300,enbridge,TE
3198,GSPL Header GR,163682,et,GR
49803,KMTEJAS/TGP JACKSON (GANADO),160610,km,TGP
82708,FLORIDA - TGC INTERCONNECT - VERMILION,159972,et,TGC
420203,UGI UT/TGP UNIONDALE PA SUSQUEHANNA,159254,km,TGP
13545,TGT GR,156359,et,GR
80001,ELKHART - CONSUMERS ENERGY,153400,et,TGC
421008,EGTS/TGP CAN EAST TRANSFER POTTER,152594,km,TGP
75605,STECKMAN RIDGE (73605D INJ/73606R WTD),149407,enbridge,TE
93084,GILLIS HUB,149296,et,TGC
420546,TGP/SNG ROSE HILL MISS CLARKE,148409,km,TGP
606300,FGT/SNG JACKSONVILLE CLAY,143249,km,SNG
80070,DYERSBURG - OUTLET - TEXAS GAS,139982,et,TGC
938000,SLNG/EEC CHATHAM,139976,km,EEC
54683,GULFSTH/NGPL DIST. GOODRICH POLK,136997,km,NGPL
80727,EAGLE PLANT INLET - TGC DELIVERY - DCP OPERATING,135578,et,TGC
420900,COOPERAT/TGP BATESVILLE PANOLA,135000,km,TGP
73920,Transco Williams-Cajun Rd (St.James) Pointe Coupee LA,134882,enbridge,TE
73339,"Entergy Mississippi, LLC-Choctaw Co., MS",134774,enbridge,TE
73334,"WATERFORD PLANT - WASHINGTON CO., OH",130000,enbridge,TE
73722,ConEd-Manhattan Delivery,129489,enbridge,TE
420093,CON ED/TGP WHITE PLAINS NY WESTCHES,128940,km,TGP
79976,BAYWAY LATERAL (MAINLINE),128400,enbridge,TE
75868,EASTERN GAS - CRAYNE REC- (REC72868/DEL76868),127461,enbridge,TE
421018,TET/TGP HANGING ROCK SCIOTO,125949,km,TGP
82503,FLORIDA - TGC INTERCONNECT - MANCHESTER,121000,et,TGC
421003,CAL GEN/TGP LOWN,119771,km,TGP
420948,TVA/TGP MAGNOLIA BENTON,117920,km,TGP
75583,SESH (D73584/R73583),117759,enbridge,TE
412789,LEAF/TGP JASPER COUNTY: RIP 538 2 5,116373,km,TGP
54043,NEGATRAN/TGP MCKAIG ROAD COLUMBIANA,115532,km,TGP
44439,MEP/NGPL LAMAR,115474,km,NGPL
49198,CARROLL/TGP COUNTY HOME CARROLL,115000,km,TGP
73346,"Fayette Power, LLC (Fayette Pow)",114560,enbridge,TE
79140,LATERAL 10-T - DYNEGY FAYETTE - MAINLINE,114560,enbridge,TE
13548,CGT GR,110861,et,GR
600078,AGL/SNG SOUTH ATLANTA CLAYTON,109275,km,SNG
420914,EGTS/TGP SABINSVILLE DELIVERY TIOGA,108474,km,TGP
73211,"WEIR (NEEL-SCHAFFER) - CHOCTAW CO., MS.",107533,enbridge,TE
609400,MSHUB/SNG SIMPSO,104446,km,SNG
73297,"Washington Power Generation, LLC",104372,enbridge,TE
81738,SOUTHERN NATURAL @ SHADYSIDE,101887,et,TGC
80578,BRIDGELINE @ PATTERSON - BRIDGELINE,101565,et,TGC
600081,SO CO/SNG PLANT MCINTOSH EFFINGHAM,98292,km,SNG
412709,FREEBIRD/TGP FREEBIRD STORAGE LAMAR,96440,km,TGP
420291,TRNSCO/TGP HEIDELBERG MISSISIPPI JA,95835,km,TGP
412734,CALDONIA/TGP CALEDONIA STORAGE LOWN,95617,km,TGP
420942,BBT BAMA/TGP BAMAGAS COLBERT,94836,km,TGP
73239,"NRG Business Marketing, (Ironwood) Lebanon Co., PA.",93897,enbridge,TE
772297,CLNG - OSC,93000,gasnom,CAMERON
421022,GB II NY/TGP GLENMONT SALES ALBANY,93000,km,TGP
421013,BBTMIDLA/TGP FAIRBANKS OUACHITA,91700,km,TGP
56331,INVENERG/NGPL INVENERGY NELSON LEE,90630,km,NGPL
13547,ANR GR,90559,et,GR
420312,SPIR TEN/TGP NASHVILLE TN 2 ROBERT,90481,km,TGP
601000,FGT/SNG FRANKLINTON WASHINGTON,90118,km,SNG
72604,"Entergy Louisiana,LLC Beauregard Psh., LA",89985,enbridge,TE
608500,LEAF/SNG JASPER,87097,km,SNG
822033,PVG Storage Header GR,86730,et,GR
40375,E TX ELE/NGPL POWER PLANT HARRISON,84996,km,NGPL
25731,JEFFSTOR/NGPL VE,83732,km,NGPL
70058,"National Grid Metro NY, Goethals Rd., Staten Island, Richmond Co.,",83395,enbridge,TE
57619,TVA/TGP CUMBERLAND DELIVERY STEWART,80387,km,TGP
932400,PCS/SNG RICHMOND,80041,km,SNG
73911,"CPV-Fairview, Jackson Township, PA",80000,enbridge,TE
900987,KMTEJAS/NGPL JEF,80000,km,NGPL
10568,MIDAMER/NGPL CDP,79975,km,NGPL
48061,NRGBM/TGP BEIRNE HILL SALES BRADFOR,79770,km,TGP
39845,HOLLAND/NGPL HOLLAND ENERGY PLANT S,79000,km,NGPL
75773,MOSS BLUFF GAS STRG-CHAMBERS CO. TX-(D7277,77328,enbridge,TE
46594,AMER IL/NGPL AM CDP,75945,km,NGPL
73251,Attala Generating Company LLC (DEL),74894,enbridge,TE
73252,Hinds Power Plant,74852,enbridge,TE
938300,OGLETHRP/EEC PLANT EFFINGHAM,74000,km,EEC
49524,GULFSTH/TGP COASTAL BEND LNG WHARTO,72522,km,TGP
938800,CARGAS/EEC PORT WENTWORTH CHATHAM,70000,km,EEC
TRKNI,NORTHERN INDIANA PUBLIC SERVICE,69991,et,TGC
808000,SO CO/SNG PLANT HARRIS AUTAUGA,69391,km,SNG
420894,DYNEGY/TGP BLACKSTONE WORCHESTER,69382,km,TGP
74040,"East Ohio Gas - Clarington, OH",69377,enbridge,TE
73909,Linden Cogen Bayway,68000,enbridge,TE
75009,"EQUITRANS - CRAYNE, PA (D70009/R76009)",66497,enbridge,TE
74568,Kinder Morgan LNG Del (73568 Receipt),65673,enbridge,TE
783600,CARGAS/SNG AIKEN,64344,km,SNG
44405,NGPL/KMLP,64108,km,NGPL
44403,EGAN HUB/KMLP AC,64108,km,KMLP
53776,VCP/NGPL MUSTANG M/L 1 NUECES,63555,km,NGPL
900169,ENABLEMR/NGPL CL,63358,km,NGPL
53608,VCP/TGP VALLEY CROSSING ALLOCATION,63024,km,TGP
76903,"ANR, DEL- Glen Karn, OH",62669,enbridge,TE
73910,Phillips 66 Bayway,60400,enbridge,TE
73904,Southern Natural Gas Kosciusko Reversal,60310,enbridge,TE
71078,"Algonquin - Hanover, NJ",60210,enbridge,TE
74112,"Nat Gasoline Methanol Plant-Amaco Road-Jefferson Co., TX",59938,enbridge,TE
56494,SPS/NGPL BRICKPLANT RD HARRINGTON D,59580,km,NGPL
75558,TRES PALACIOS GAS STORGE - 73558D(INJ)/73559R(WTD),57606,enbridge,TE
70011,"Columbia Gas of PA. - Eagle, PA",57438,enbridge,TE
80488,ENLINK LIG @ PATTERSON,57001,et,TGC
420226,PSEG/TGP RAMSEY NJ BERGEN,56831,km,TGP
421070,EMPIREGN/TGP SCHODACK RENSSELAER,56500,km,TGP
47861,BOSTN/TGP 268 CDP - BOSTON GAS,55470,km,TGP
72566,"American Midstream Tenn Intrastate - Colbert Co., AL",55421,enbridge,TE
73703,"Williams-Transco, Lower Chanceford-York Co., PA.",55115,enbridge,TE
79141,LATERAL 10-U - DYNEGY HANGING ROCK - MAINLINE,54320,enbridge,TE
420931,LIBERTYU/TGP GRANITE RIDGE ROCKINGH,53102,km,TGP
937600,PEOPLES/SNG TRUMBOWER NASSAU,52929,km,SNG
3817,MB HUB/NGPL MOSS BLUFF LIBERTY,52666,km,NGPL
70128,"Public Service - Linden, NJ",52413,enbridge,TE
73914,"DTM Rockland, Forgedale Rd, Berks Co, PA (Birdsboro)",52000,enbridge,TE
606210,GULFSTH/SNG PETAL STORAGE-SNG CLARK,51981,km,SNG
73677,"Eastern Shore Natural Gas Honeybrook - Lancaster County, PA",50719,enbridge,TE
80277,RAGLEY EXCHANGE - TRANSCO,50000,et,GR
70041,"Columbia Gas - Lebanon, OH",50000,enbridge,TE
71744,"Dominion Energy Transmission, Inc - Perulack, PA",50000,enbridge,TE
420926,RISEC/TGP FPLE RISE PROVIDENCE,49974,km,TGP
75662,GOLDEN TRIANGLE STORAGE D73662/R73663,49559,enbridge,TE
58126,SPIREAL/SNG BESSEMER CALERA NORTH A,48336,km,SNG
93072,LA 1 STORAGE FIELD - ACCTG METER,47689,et,TGC
79660,MARIETTA CUSTODY TRANSFER POINT,45467,enbridge,TE
72395,"Entergy Sabine Power Station - Orange Co., TX",45000,enbridge,TE
46595,AMER IL/NGPL GC CDP,44980,km,NGPL
72187,"GULF SOUTH PIPELINE COMPANY, LP - Raceland, LA",44750,enbridge,TE
940055,AGL/SNG MACON WEST AREA MONROE,43960,km,SNG
412062,BANHUB/TGP BANQUETE TRANSPORT NUECE,43537,km,TGP
70036,"PECO Energy - West Conshohocken, PA",42578,enbridge,TE
82666,TGC - TARGA INTERCONNECT AT BIG LAKE ROAD,42477,et,TGC
420243,NFG/TGP NASHVILLE STORAGE NEW YORK,40480,km,TGP
73617,Kinder Morgan Tejas- Nueces Bay,40000,enbridge,TE
420443,UGI UT/TGP AUBURN PA SUSQUEHANNA,39991,km,TGP
11442,ONEOKWES/NGPL PO,39734,km,NGPL
801600,SO CO/SNG PLANT GREENE MARENGO,39652,km,SNG
73060,"PGW - Harkness Point - Philadelphia, PA",38771,enbridge,TE
420884,MILL POW/TGP MILLENNIUM POWER COGEN,38000,km,TGP
9254,NO SHORE/NGPL CDP,37798,km,NGPL
658500,SPIREAL/SNG BIRMINGHAM AREA JEFFERS,37662,km,SNG
420079,COL GAS/TGP GREENUP KY GREENUP,36890,km,TGP
940016,AGL/SNG AUGUSTA AREA RICHMOND,36480,km,SNG
72580,"Southcross Mississippi Pipeline, LP- Hinds, MS - DEL (B/D 76580)",36148,enbridge,TE
7936,FGT/NGPL VERMILI,35670,km,NGPL
73191,"St Francis Pwr Plt -Dunkin, MO",35643,enbridge,TE
960530,PEOPLES/SNG JACKSONVILLE NASSAU,35492,km,SNG
81717,TETCO (BEAUREGARD PARISH),35320,et,TGC
79980,UNIONTOWN NORTH,35278,enbridge,TE
56332,INVENERG/NGPL INVENERGY NELSON EXPA,35000,km,NGPL
420917,REGENCY/TGP PANDA POWER BIENVILLE,35000,km,TGP
936500,CARGAS/SNG PORT WENTWORTH CHATHAM,35000,km,SNG
73249,"Entergy - Lewis Creek / Montgomery County, TX",35000,enbridge,TE
47860,BOSTN/TGP 267 CDP - BOSTON GAS,34719,km,TGP
421055,TRES PAL/TGP TRES PALACIOS STORAGE:,33963,km,TGP
940041,AGL/SNG BRUNSWICK LINE AREA GLYNN,33815,km,SNG
80721,HENRY HUB HIGH PRESSURE - TGC - SABINE,33801,et,TGC
420253,UGI/TGP WELLSBORO PA TIOGA,33474,km,TGP
420843,LGE/TGP MONROE SMS HART,32990,km,TGP
70953,"New Jersey Natural - Freehold, NJ",32798,enbridge,TE
75884,"EQT QVC STEIGER RIDGE ROAD, MONROE CO, OH (D73884/R73885)",32588,enbridge,TE
42390,AECC/NGPL WRIGHTSVILLE - FULTON CDP,32047,km,NGPL
420762,MPC/TGP UDP NAPLES SALES GREENUP,32000,km,TGP
420205,CONN NG/TGP BLOOMFIELD CT HARTFORD,31983,km,TGP
900546,ENTRPRSE/NGPL DEVERS LIBERTY,31820,km,NGPL
73896,"Eastman Chemical/TXO-Callahan Rd., Harrison Co., TX",31000,enbridge,TE
45093,TARGA/KMLP TFS CALCASIEU,30703,km,KMLP
80036,FLORA - ENABLE ENERGY MISSISSIPPI RIVER TRANSMISSION,30513,et,TGC
47859,BOSTN/TGP 261 CDP - BOSTON,30379,km,TGP
48033,BBTBAMA/TGP FAYETTE VERNON LAMAR,30151,km,TGP
421078,"HESS/TGP RATCLIFFE: DIP 542B 101.1,",30000,km,TGP
73972,Transco Mainline near Woodbridge (Greenway Sands),30000,enbridge,TE
73325,ROLLING HILLS GENERATING LLC - (73325),30000,enbridge,TE
420886,TET/TGP DRY CREEK SALES CASEY,30000,km,TGP
79057,MIDDLESEX EXTENSION MAINLINE,30000,enbridge,TE
940031,SEAGD/SNG SOUTHEAST AL GAS AREA ELM,29848,km,SNG
940013,AGL/SNG ROME AREA FLOYD,29658,km,SNG
3618,FGT/NGPL JEFFERS,29452,km,NGPL
48939,HERITAGE/TGP MT JACKSON SALES LAWRE,28000,km,TGP
79037,HEAD OF FREEHOLD LATERAL - MAINLINE,27328,enbridge,TE
420072,NFG/TGP LAMONT PA ELK,27178,km,TGP
56830,INVNYLON/TGP GREENFIELD DELIVERY VI,26600,km,TGP
8021,GPC/NGPL MUSCATI,25367,km,NGPL
420879,BBTBAMA/TGP MOUNT ZION LAMAR,25125,km,TGP
47225,TALLGRAS/NGPL PONY EXPRESS LINCOLN,25001,km,NGPL
75577,"COLUMBIA GAS - PENNSBURG, PA (D70577/R76577)",25000,enbridge,TE
79922,EAGLE STATION,25000,enbridge,TE
903643,KMTP/NGPL #1 JEFFERSON,25000,km,NGPL
937500,JEA/SNG BRANDY BRANCH DUVAL,25000,km,SNG
75866,"CHENIERE LNG, BEAUREGARD PA,LA (D-73866/R-73566)",25000,enbridge,TE
70034,"Philadelphia Gas Works - Levick St., PA",24888,enbridge,TE
420213,UGI/TGP MANSFIELD PA TIOGA,23721,km,TGP
420067,EGTS/TGP PETERSBURG OH MAHONING,23500,km,TGP
606350,SEACOAST/SNG CYPRESS CLAY,23000,km,SNG
420109,NSTAR/TGP WORCESTER MA WORCHESTER,22777,km,TGP
420042,ETNG/TGP EAST LOBELVILLE TN PERRY,21896,km,TGP
420350,AGT/TGP LINCOLN MA TIE OVER WORCHES,21846,km,TGP
420526,HONEOYE/TGP UDP HONEOYE NEW YORK ON,20966,km,TGP
44657,TRES PAL/NGPL TRES PALACIOS STORAGE,20383,km,NGPL
605450,BBTBAMA/SNG DUNCANVILLE TUSCALOOSA,20203,km,SNG
3083,EPNG/NGPL JAL LEA,20090,km,NGPL
905582,LONESTAR/NGPL LA,20010,km,NGPL
80762,CENTERPOINT FOWLER,20001,et,TGC
421068,KAISER/TGP WYCKOFF STORAGE STEUBEN,20000,km,TGP
73127,Paulsboro Refinery,20000,enbridge,TE
43491,KMTEJAS/NGPL NAC,20000,km,NGPL
420803,E KY PWR/TGP J K SMITH SALES CLARK,20000,km,TGP
420907,TVA/TGP JOHNSONVILLE HICKMAN,20000,km,TGP
420844,LGE/TGP CALVARY MARION,19990,km,TGP
70069,"UGI Utilities, Inc. (Columbia Gas) - Columbia, PA",19984,enbridge,TE
420289,ETNG/TGP GREENBRIER TN 2 (DUAL ROBE,19853,km,TGP
739200,ATMOS-MS/SNG COLUMBUS LOWNDES,19836,km,SNG
606360,EEC/SNG CYPRESS EFFINGHAM,19657,km,EEC
420126,CONN NG/TGP BRIDGEPORT CT FAIRFIELD,19613,km,TGP
420069,NFG/TGP MERCER PA MERCER,19430,km,TGP
70070,"UGI Utilities, Inc. (Columbia Gas) -Lancaster, PA",19288,enbridge,TE
412803,ARLSTOR/TGP GRAVEL RUN ARLINGTON ST,19174,km,TGP
420060,COL GAS/TGP DUNGANNON OH COLUMBIANA,18901,km,TGP
940002,SPIREAL/SNG TUSCALOOSA AREA TUSCALO,18825,km,SNG
420064,COL GAS/TGP CAMBRIDGE SALES GUERNSE,18740,km,TGP
420217,CONN NG/TGP PUTNAM LAKE CT FAIRFIEL,18427,km,TGP
410902,TRANSCAN/TGP UDP NIAGARA RIVER NIAG,18010,km,TGP
937700,PEOPLES/SNG NORMANDY DUVALL,18000,km,SNG
940022,SPIREAL/SNG MONTGOMERY AREA ELMORE,18000,km,SNG
70275,"Elizabethtown Gas Company - Elizabeth, NJ",17959,enbridge,TE
TRKAIC,AMEREN ILLINOIS,17814,et,TGC
72979,"PECO - Doylestown, Bucks Co., PA",17694,enbridge,TE
75919,"TRANSCO - BELLE MEADE, NJ (D70919/R76919)",17475,enbridge,TE
70065,"Texas Gas Transmission - Lisbon, LA (Delivery)",17251,enbridge,TE
420216,VALLEY/TGP TOWANDA PA BRADFORD,17015,km,TGP
73881,"Texas Gas - Lebanon Lateral, Warren Co., OH",16898,enbridge,TE
48381,E TX ELE/NGPL ETEC UNIT#1 SAN JACIN,16250,km,NGPL
907112,WISC ELE/NGPL KE,16201,km,NGPL
940017,DALTON/SNG DALTON AREA WHITFIELD,16019,km,SNG
55669,NEENERGY/TGP CADY BROOK STATION WOR,16000,km,TGP
48382,E TX ELE/NGPL ENTERGY UNIT#2 SAN JA,15869,km,NGPL
75524,"PINE PRAIRIE STORAGE-INJ/WD -EVANGELINE,LA (D73524/R73525)",15293,enbridge,TE
25250,IPLC/NGPL CDP,15181,km,NGPL
420293,CON ED/TGP PEARL RIVER NY ROCKLAND,15070,km,TGP
400485,HEBRON STORAGE INJECTION POTTER,15021,km,TGP
80706,ACADIAN - TRUNKLINE INTERCONNECT,15001,et,TGC
420383,GULFSTH/TGP KILN MISS EXCHANGE HANC,14974,km,TGP
840800,NAT CMNT/SNG ST.,14870,km,SNG
803900,IPC/SNG SELMA DALLAS,14768,km,SNG
421031,NEXERGAS/TGP COLBERT COLBERT,14700,km,TGP
72405,"PECO Energy - Hatfield, PA",14683,enbridge,TE
705500,AIR P&C/SNG ORLE,14500,km,SNG
940049,AGL/SNG SAVANNAH NORTH AREA CHATHAM,14217,km,SNG
49054,ATMOS-MS/TGP CARSON ROAD LOWNDES,14000,km,TGP
73304,"Alleghney Energy, Chambersburg-Franklin Co., PA (Del)",14000,enbridge,TE
55172,MSTE CO/SNG JOINTLY OWNED BOARD #3,13809,km,SNG
420275,HUDSON/TGP CEDAR HILL NY ALBANY,13660,km,TGP
400467,CLARKSVL/TGP CLARKSVILLE TN CHEATHA,13370,km,TGP
420087,EGTS/TGP COCHRANTON PA CRAWFORD,13064,km,TGP
420509,NSTAR/TGP HOPKINTON MIDDLESEX,12969,km,TGP
93058,SABINE HENRY HUB LOW PRESSURE,12666,et,TGC
25400,MIDWSTRN/NGPL HERSCHER KANKAKEE,12500,km,NGPL
420361,PELICAN/TGP YSCLOSKEY LA ST BERNARD,12500,km,TGP
940050,AGL/SNG SAVANNAH SOUTH AREA CHATHAM,12292,km,SNG
73280,Duke Energy Kentucky,12000,enbridge,TE
70062,"Nat Gas & Oil - Somerset, OH",11997,enbridge,TE
420135,NARNGST/TGP PAWTUCKET RI PROVIDENCE,11950,km,TGP
44404,PINE PRA/KMLP AC,11893,km,KMLP
420102,BERKSHR/TGP PITTSFIELD MA BERKSHIRE,11722,km,TGP
659700,SPIREAL/SNG ANNISTON AREA CALHOUN,11611,km,SNG
940039,CARTERSV/SNG CARTERSVILLE AREA FLOY,11493,km,SNG
905570,ONEOKWES/NGPL CA,11200,km,NGPL
75533,"CAMERON INTERSTATE P/L LLC- BEAUREGARD PSH., LA- (73533/73534)",10998,enbridge,TE
420285,AGT/TGP MENDON MASS TIE OVER WORCHE,10995,km,TGP
41074,BHSC/NGPL CDP,10975,km,NGPL
960021,ALBANY/SNG ALBANY #1-SGA DOUGHERTY,10945,km,SNG
291239,EGT @ NT-2,10671,et,GR
420206,GRANSTGT/TGP GRANITE MA ESSEX,10633,km,TGP
420133,LIBERTYU/TGP MANCHESTER NH HILLSBOR,10523,km,TGP
54003,BP ENERG/TGP US METHANOL KANAWHA,10500,km,TGP
658800,SYLACAUG/SNG AREA TALLADEGA,10481,km,SNG
70004,"Dominion Energy Transmission, Inc - Clarington, OH",10421,enbridge,TE
420434,YANK GAS/TGP LONG RIDGE CT FAIRFIEL,10390,km,TGP
75055,COLUMBIA GAS - DELMONT (BIDIR 73655/70055),10300,enbridge,TE
420204,NSTAR/TGP HUDSON MA MIDDLESEX,10286,km,TGP
420454,/TGP WAVERLEY TN PERRY,10141,km,TGP
81717,TETCO (BEAUREGARD PARISH),10000,et,GR
55899,OZARK/NGPL NOARK 2 LAWRENCE,10000,km,NGPL
900551,GULFSTH/NGPL DEEP LAKE CAMERON,10000,km,NGPL
420712,ENT MS/TGP POWER RIVERS SALES WASHI,10000,km,TGP
44776,ONE EART/NGPL ETHANOL PLANT MC LEAN,10000,km,NGPL
71528,"UGI UTIL (Columbia Gas) - Lancaster, PA",9966,enbridge,TE
70030,"Philadelphia Gas Works - Point Breeze,PA",9950,enbridge,TE
420129,CONN NG/TGP NEW BRITAIN CT HARTFORD,9876,km,TGP
843800,DECATUR/SNG MORG,9765,km,SNG
44452,PATRIOT/NGPL ETHANOL HENRY,9500,km,NGPL
47686,PAMPA/NGPL GRAY,9500,km,NGPL
420132,LIBERTYU/TGP NASHUA NH HILLSBOROUGH,9483,km,TGP
71485,"GULF SOUTH PIPELINE COMPANY - Gillis, LA",9402,enbridge,TE
54200,PEN/SNG CYP-CRAWFORD NASSAU,9355,km,SNG
960390,AGL/SNG VALDOSTA AREA LOWNDES,9098,km,SNG
72824,"Mid Louisiana - W. Feleciana Psh., LA",9024,enbridge,TE
70519,"UGI UTIL (Columbia Gas) - Dauphin Co., PA",8989,enbridge,TE
420411,ATMOS-MS/TGP HAMILTON MS LOWNDES,8900,km,TGP
75628,BRIDGELINE - TALLYHO (D72628/R76628),8896,enbridge,TE
420248,DELTA NG/TGP NICHOLASVILLE KY GARRA,8872,km,TGP
400484,EVRSRC/TGP AGAWAM MASS HAMPDEN,8853,km,TGP
420292,BERKSHR/TGP GREENFIELD MA HAMPSHIRE,8806,km,TGP
420208,DELTA NG/TGP BEREA KY MADISON,8119,km,TGP
71143,"UGI CENTRAL - Interboro Gas - Bellville, PA",8094,enbridge,TE
912200,AGL/SNG MARIETTA COBB,8046,km,SNG
800500,GA PACIF/SNG SUM,8000,km,SNG
53654,TRESPORT/TGP OLD BLOOMINGTON POWER,7961,km,TGP
420853,CONN NG/TGP EASTON SMS FAIRFIELD,7901,km,TGP
70057,"Public Service - South Plainfield, NJ",7856,enbridge,TE
420202,WEST TN/TGP SARDIS TN HENDERSON,7700,km,TGP
910600,AUSTELL/SNG AUSTELL #1 DOUGLAS,7499,km,SNG
80719,OBION ETHANOL PLANT - POET OBION,7498,et,TGC
3952,VALMSC/NGPL CART,7400,km,NGPL
43169,E ENERGY/NGPL ADAMS GAGE,7400,km,NGPL
421080,CABOT/TGP ST MARY CARBON BLACK: DIP,7197,km,TGP
917600,AGL/SNG THOMASTON UPSON,7170,km,SNG
49593,ATMOS-MS/SNG WEST POINT #2 CLAY,7033,km,SNG
55376,TARGAND/NGPL VANDELAY DELIVERY LEA,7000,km,NGPL
420200,NFG/TGP UNION CITY PA ERIE,7000,km,TGP
912900,TRUSSVIL/SNG AREA JEFFERSON,6977,km,SNG
70321,"UGI Utilities, Inc. (Columbia Gas) - Lebanon, PA",6927,enbridge,TE
292272,EGT @ LIM-3,6775,et,GR
73928,"Adelphia Gateway - Delivery -Bucks County, PA",6500,enbridge,TE
56481,NORTHMID/NGPL TITAN BECKHAM RD DEL,6500,km,NGPL
70035,"PECO Energy - Tilghman St. - Chester, PA",6414,enbridge,TE
420608,NJ NATGS/TGP NEW CLINTON ROAD NJ BE,6350,km,TGP
782400,KIM-CLRK/SNG AIK,6117,km,SNG
901028,IPLC/NGPL CDP CLINTON,6105,km,NGPL
10863,KMTEJAS/NGPL HAR,6100,km,NGPL
900107,CORNING/NGPL ADA,6065,km,NGPL
73205,"Middle Tn Nat Gas -Wilson, TN",6032,enbridge,TE
73226,"Jonesboro City, Water & Light - Greene, AR",6023,enbridge,TE
70081,"Columbia Gas - Sabina, OH",6000,enbridge,TE
839600,USS/SNG PIPE MILL JEFFERSON,6000,km,SNG
74058,"National Grid Metro NY, Goethals Rd., Staten Island, Richmond Co.,",5965,enbridge,TE
600060,LUPEACH/SNG COLUMBUS #2 HARRIS,5930,km,SNG
960410,BASF/SNG ATTAPULGUS DECATUR,5810,km,SNG
420035,DICKSON/TGP DICKSON TN DICKSON,5729,km,TGP
72944,"Public Service - Jamesburg - Middlesex Co., NJ",5476,enbridge,TE
940047,AGL/SNG MACON SOUTH AREA TWIGGS,5456,km,SNG
11435,P&G/NGPL CAPE GI,5409,km,NGPL
735600,ATMOS-MS/SNG NORTH CENTRAL GAS DIST,5408,km,SNG
960040,ANDRSVLE/SNG MULCOA AREA SUMTER,5150,km,SNG
47592,HAMVIL/TGP VILLAGE OF HAMILTON NY M,5112,km,TGP
70042,"Union Elec -Cape Girardeau, MO",5101,enbridge,TE
420758,NARNGST/TGP LINCOLN SMS PROVIDENCE,5062,km,TGP
936300,KRATON/SNG CHATH,5046,km,SNG
70077,"Columbia Gas - Hooker, OH",5013,enbridge,TE
82877,FLORIDA - TGC INTERCONNECT - GILLIS,5000,et,TGC
421062,ENTRGYLA/TGP PERRYVILLE POWER OUACH,5000,km,TGP
73310,"South Shore P/L (NE&T), Nueces Co., TX",5000,enbridge,TE
53830,TARGAND/NGPL SAN SIMON LEA,5000,km,NGPL
24004,U OF ILL/NGPL PIATT,5000,km,NGPL
400483,NFG/TGP PETTIS PA CRAWFORD,5000,km,TGP
600057,SPIREAL/SNG PLANT MILLER JEFFERSON,4984,km,SNG
420318,YANK GAS/TGP THOMPSONVILLE CT EXCH,4964,km,TGP
71987,"UGI UTIL - (Grantville) Hershey, PA",4923,enbridge,TE
960350,TALLAHAS/SNG LEO,4907,km,SNG
801000,SPIREAL/SNG ROCK-TENN MARENGO,4860,km,SNG
73076,"Atmos Energy - Columbia, TN",4771,enbridge,TE
420121,EVRSRC/TGP LAWRENCE MA ESSEX,4762,km,TGP
915900,AGL/SNG MACON-MILLEDGEVILLE #2 BALD,4727,km,SNG
73469,"Discovery-LaRose Station Interconnect, Lafourche Psh., LA",4671,enbridge,TE
73411,"Discovery Gas Transmission, LaFourche Parish, LA",4671,enbridge,TE
940040,CULLMAN/SNG CULLMAN-JEFFERSON AREA,4662,km,SNG
780200,DESOUTHC/SNG NORTH AUGUSTA AIKEN,4650,km,SNG
420221,NYSEG/TGP LOCKPORT NY NIAGARA,4607,km,TGP
940045,AGL/SNG CALHOUN-CHATSWORTH AREA CAL,4599,km,SNG
940020,AGL/SNG CEDARTOWN-ROCKMART AREA POL,4582,km,SNG
600165,SPIREAL/SNG ALABASTER #3 SHELBY,4549,km,SNG
420637,YANK GAS/TGP EAST GRANBY SALES HART,4513,km,TGP
600079,WARN ROB/SNG WARNER ROBINS #2 TWIGG,4475,km,SNG
790200,CHAT GAS/SNG HAM,4461,km,SNG
79951,TETCO LEBANON LATERAL TAKEAWAY POINT - MAINLINE,4452,enbridge,TE
420883,DELTAMS/TGP PORT BIENVILLE HANCOCK,4439,km,TGP
940018,AGL/SNG ATLANTA SUBURBS AREA FULTON,4431,km,SNG
420092,NFG/TGP LEWISTON NY NIAGARA,4355,km,TGP
54824,TRNSPEC/NGPL LOCKRIDGE PECOS,4205,km,NGPL
73718,"Columbia-Marietta, Lancaster Co., PA",4200,enbridge,TE
825500,MARSHALL/SNG MARSHALL COUNTY #2 JEF,4101,km,SNG
72637,Columbia Gas - Pickaway Co. OH,4000,enbridge,TE
420046,NEXERGAS/TGP RIPLEY MS TIPPAH,4000,km,TGP
654700,SPIREAL/SNG GADSDEN AREA ETOWAH,3965,km,SNG
940006,SPIREAL/SNG TALLADEGA AREA TALLADEG,3957,km,SNG
420125,YANK GAS/TGP NORWALK CT FAIRFIELD,3950,km,TGP
421025,EVRSRC/TGP WYETH GII ESSEX,3795,km,TGP
420809,ALERIS/TGP NEWPORT SALES TUSCARAWAS,3682,km,TGP
420410,ELIZTOWN/TGP SUSSEX NJ SUSSEX,3649,km,TGP
70122,"Cairo, Public",3561,enbridge,TE
960020,ALBANY/SNG ALBANY AREA DOUGHERTY,3555,km,SNG
73814,"Graymont - Pleasant Gap / Weaver Hill Road, Centre Co., PA",3500,enbridge,TE
56987,DPNMLLC/NGPL ANTHONY ROAD DEL LEA,3500,km,NGPL
71209,"Public Service - Wanaque, NJ",3423,enbridge,TE
71464,"Public Service - Hillsborough, NJ",3423,enbridge,TE
420025,DELTAMS/TGP OXFORD MS LAFAYETTE,3420,km,TGP
420379,DICKSON/TGP BURNS TN DICKSON,3361,km,TGP
900100,GREEN VA/NGPL UN,3320,km,NGPL
73539,"NET LP - Monument Pipeline - Harris County, TX",3295,enbridge,TE
738800,ATMOS-MS/SNG STARKVILLE OKTIBBEHA,3253,km,SNG
420062,COL GAS/TGP NEWCASTLE PA LAWRENCE,3241,km,TGP
420646,N ALAGAS/TGP CHEROKEE AL SALES 2 C,3197,km,TGP
73193,"Miss Riv Trans - Stoddard, MO",3153,enbridge,TE
56984,NORTHMID/NGPL ELI MARATHON RD DEL L,3100,km,NGPL
50512,NFG/TGP CROSBY DELIVERY MC KEAN,3044,km,TGP
50789,HICKORYR/TGP MOHAWK ROAD POWER PLT,3028,km,TGP
726900,CF IND/SNG YAZOO,3000,km,SNG
839500,USS/SNG WESTFIELD JEFFERSON,3000,km,SNG
71353,"Col. Gas - East Middletown, OH",3000,enbridge,TE
420314,NFG/TGP COCHRANTON PA CRAWFORD,3000,km,TGP
420807,ATMOS-MS/TGP PINE SPRINGS ROAD LEAK,2954,km,TGP
931000,THOMSON/SNG JEFF,2900,km,SNG
420641,BBTMISS/TGP ENDEVCO SUNRISE SALES F,2800,km,TGP
960500,OIL-DRI/SNG THOM,2800,km,SNG
73023,"UGI UTIL - Mt. Pleasant, Berks Co. , PA",2720,enbridge,TE
70119,"Chambersburg, PA",2713,enbridge,TE
420106,EVRSRC/TGP GRANITE NORTHAMPTON MA H,2661,km,TGP
909209,LIBERTY/NGPL CDP MISSOURI,2566,km,NGPL
71298,"E.Tennessee Gas - Mt. Pleasant, Giles Co. TN -DEL (B/D 76298)",2545,enbridge,TE
420766,ATMOS-MS/TGP NEW HOPE SALES LOWNDES,2540,km,TGP
420278,BERKSHR/TGP STOCKBRIDGE SALES BERKS,2492,km,TGP
55087,SPIREAL/SNG BESSEMER CALERA SOUTH A,2485,km,SNG
420910,NARNGST/TGP SMITHFIELD DELIVERY PRO,2474,km,TGP
420831,ARDAGHGR/TGP BALL GLASS SALES MC KE,2433,km,TGP
420103,BERKSHR/TGP NORTH ADAMS MA BERKSHIR,2423,km,TGP
420892,DICKSON/TGP DICKSON CNTY DICKSON,2358,km,TGP
843500,DEKALB-C/SNG DEKALB-CHEROKEE #2 ETO,2289,km,SNG
36129,ONG/NGPL MADILL #1 MARSHALL,2273,km,NGPL
420112,FITCHBRG/TGP FITCHBURG MA WORCHESTE,2243,km,TGP
72798,"Hamilton, OH",2237,enbridge,TE
420401,HOLYOKE/TGP HOLYOKE MA 2 HAMPDEN,2200,km,TGP
70079,"Atmos Energy Corporation- Jim Hill, MO",2180,enbridge,TE
80055,"METROPOLIS, IL - LIBERTY ENERGY (MIDSTATES)",2150,et,TGC
910800,AGL/SNG FULTON,2101,km,SNG
910100,AGL/SNG YATES JUNCTION DOUGLAS,2101,km,SNG
420736,CALGON/TGP PEARL RIVER PLANT HANCOC,2096,km,TGP
420307,BBT ALTN/TGP BARTON AL COLBERT,2072,km,TGP
420028,ATMOS KY/TGP HARRODSBURG KY BOYLE,2060,km,TGP
960540,PCS/SNG WHITE SPRINGS NEW HAMILTON,2042,km,SNG
56793,NORTHMID/NGPL PELICAN NM-128 DEL LE,2000,km,NGPL
70051,"PEOPLES NAT - Somerset, PA",2000,enbridge,TE
420832,MONCHEMK/TGP DOE RUN PIPELINE GREEN,2000,km,TGP
73894,"Dominion Energy Transmission, Inc - Taylors Ridge Road",2000,enbridge,TE
73871,"Dominion Energy Transmission, Inc - TL 558/WV Rt. 2, MARSHALL CO.,",2000,enbridge,TE
603100,TRNSCO/SNG FROST LIVINGSTON,2000,km,SNG
80068,"TOWN OF NEWBERN, TN",2000,et,TGC
420306,COL GAS/TGP PITTSBURGH TERMINAL PA,1991,km,TGP
53655,VPP II/TGP OLD BLOOMINGTON POWER 2,1990,km,TGP
802900,IPC/SNG PERRY,1979,km,SNG
914500,OGLETHRP/SNG PLANT SEWELL CREEK POL,1979,km,SNG
73154,"Peco Energy Company - Hershey Mills, Chester Co., PA",1953,enbridge,TE
420739,SHELL/TGP HARRISON CO GEN SALES NIA,1946,km,TGP
420075,NFG/TGP WATTSBURG PA ERIE,1939,km,TGP
600077,AGL/SNG DALLAS #2 COBB,1923,km,SNG
931200,WRENS/SNG WRENS JEFFERSON,1919,km,SNG
940005,SPIREAL/SNG LINCOLN AREA ST. CLAIR,1904,km,SNG
940044,HUNTSVIL/SNG HUNTSVILLE AREA LIMEST,1879,km,SNG
905500,ADAIRVIL/SNG FLO,1833,km,SNG
421081,MIDDLETN/TGP MIDDLETON TN: DIP 71 0,1800,km,TGP
910200,AGL/SNG NEWNAN JUNCTION DOUGLAS,1800,km,SNG
73037,"Mississippi Valley - Clay Co., MS",1792,enbridge,TE
72863,"Delmarva Power & Light - New Castle, DE",1729,enbridge,TE
71363,"Columbia Gas of PA. - Pleasant Gap, PA",1725,enbridge,TE
73723,"IMTT-Bayonne, Hudson Co, NJ",1700,enbridge,TE
39548,CIPCO/NGPL CENTRAL IOWA POWER CO-OP,1700,km,NGPL
50776,VERSADO/NGPL FUEL GAS LEA,1700,km,NGPL
70418,"Gloster, MS",1700,enbridge,TE
9252,NEB CITY/NGPL CDP,1700,km,NGPL
72664,"Itawamba Gas -Itawamba Co., MS",1693,enbridge,TE
960250,AGL/SNG MONTEZUMA SUMTER,1645,km,SNG
960170,DOUGLAS/SNG IRWI,1612,km,SNG
744800,ATMOS-MS/SNG MERIDIAN SOUTH LAUDERD,1582,km,SNG
940056,SPIREAL/SNG PELL CITY AREA ST. CLAI,1563,km,SNG
56383,CLAXTON/SNG CLAXTON #2 EFFINGHAM,1560,km,SNG
823500,CULLMAN/SNG CULLMAN-JEFFERSON #3 JE,1534,km,SNG
940028,DUBLIN/SNG DUBLIN AREA BALDWIN,1517,km,SNG
420033,PORTLAND/TGP PORTLAND TN SUMNER,1500,km,TGP
832900,ARGOS/SNG ARGOS CEMENT LLC SHELBY,1500,km,SNG
56884,CHEVRON/NGPL FLOWNATION SHELL RD DE,1500,km,NGPL
73168,"Willamette Industries - Bienville Parish, LA",1500,enbridge,TE
71299,"East Tenn Gas - Hartsville, TN",1500,enbridge,TE
49554,BBTMIDLA/TGP NORTH PEOPLES RD FRANK,1499,km,TGP
79051,OHIO PIPELINE ENERGY NETWORK (LATERAL),1499,enbridge,TE
82045,BYHALIA - FARLEY ROAD (311),1494,et,TGC
420063,COL GAS/TGP UNIONVILLE PA BEAVER,1493,km,TGP
47872,ATMOS TL/TGP CHAUVIN OUACHITA,1477,km,TGP
79970,HEAD OF MANHATTAN EXTENSION - MAINLINE,1456,enbridge,TE
901153,CNTRPT/NGPL SPRING HARRIS,1450,km,NGPL
420038,MOREHEAD/TGP MOREHEAD KY ROWAN,1400,km,TGP
905400,SUMMERVL/SNG TRION-LAFAYETTE FLOYD,1377,km,SNG
73062,"Elizabethtown Gas Company - Union Co., NJ",1355,enbridge,TE
420840,LEXINGTN/TGP WEST LEXINGTON SALES C,1334,km,TGP
420542,PEOPLES/TGP PULASKI SALES MERCER,1325,km,TGP
420193,EVRSRC/TGP EAST LONGMEADOW MA HAMPD,1302,km,TGP
47591,NG ADVAN/TGP TOWN OF PEMBROKE MERRI,1300,km,TGP
70486,"UGI UTIL (Columbia Gas) - Womelsdorf, PA",1296,enbridge,TE
421058,WESTFLD/TGP SOUTHWICK : DIP 259C H,1250,km,TGP
73105,"Dayton Pwr & Lt - Clinton, OH CenterPoint Energy",1247,enbridge,TE
420049,COL GAS/TGP NORTH MEANS KY MONTGOME,1240,km,TGP
53872,AGL/SNG RICHMOND HILL BRYAN,1228,km,SNG
56860,NORTHMID/NGPL FLIGHT BARRIO RD DEL,1200,km,NGPL
600260,PEN/SNG LIVEOAK SUWANNEE,1200,km,SNG
420236,PIKE/TGP OAK HILL OH JACKSON,1200,km,TGP
937200,AGL/SNG BASS JUNCTION BIBB,1200,km,SNG
48150,66TH/TGP HANSCOM AIR FORCE BASE MID,1200,km,TGP
56794,NORTHMID/NGPL SIEGE DELAWARE BSN RD,1200,km,NGPL
420036,SPRNGFLD/TGP SPRINGFIELD TN ROBERTS,1170,km,TGP
960110,CORDELE/SNG AREA CRISP,1166,km,SNG
75614,BOARDWALK STORAGE COMPANY LLC STORAGE -INJ/WD,1162,enbridge,TE
73350,CANTON MUNICIPAL UTILITIES,1145,enbridge,TE
70907,Duke Energy Ohio Inc. Millville,1141,enbridge,TE
420765,ATMOS-MS/TGP ABERDEEN SALES MONROE,1125,km,TGP
934400,CLAXTON/SNG EFFI,1117,km,SNG
73200,Columbia Gas - Franklin Co. PA (Delivery),1100,enbridge,TE
420426,LIBERTYU/TGP LACONIA NH MERRIMACK,1092,km,TGP
11186,GATEWAY/NGPL TYSON MILLER,1079,km,NGPL
960190,FITZGRLD/SNG BEN,1049,km,SNG
48273,BHSC/NGPL BEATRICE GAGE,1044,km,NGPL
933600,STATESBO/SNG SCR,1040,km,SNG
420313,CONN NG/TGP TRUMBULL CT FAIRFIELD,1025,km,TGP
420462,DELTA NG/TGP DELTA FARMERS KY ROWAN,1020,km,TGP
420335,UGI UT/TGP COAL HILL PA VENANGO,1005,km,TGP
960378,TIFTON/SNG AREA TIFT,1004,km,SNG
25717,NORBORD/NGPL MAR,1001,km,NGPL
420450,ELIZTOWN/TGP VERNON NJ SUSSEX,1000,km,TGP
80062,"CITY OF HICKMAN, KY",1000,et,TGC
72877,"Denbury Onshore, LLC",1000,enbridge,TE
940019,AGL/SNG CHATTANOOGA LINE N. AREA GO,1000,km,SNG
940021,SPIREAL/SNG FAIRFAX-SHAWMUT AREA CH,951,km,SNG
420024,UTILMGMT/TGP SENATOBIA MS PANOLA,939,km,TGP
HARDM,HARDEMAN - FAYETTE UTILITY DISTRICT,927,et,TGC
940035,SPIREAL/SNG JASPER AREA WALKER,917,km,SNG
915700,WARN ROB/SNG WARNER ROBINS #3 - MGA,900,km,SNG
842600,SCOTTSBO/SNG JEF,892,km,SNG
10751,CROSROAD/NGPL LA,845,km,NGPL
420281,CONOCOPH/TGP MCEWEN TN DICKSON,840,km,TGP
43043,JO CE/NGPL SAVANNA HENRY,814,km,NGPL
48923,DELTAMS/TGP EAST OXFORD CITY GATE L,801,km,TGP
913900,AGL/SNG TALBOT,801,km,SNG
50689,CAMILLA/SNG AREA MITCHELL,800,km,SNG
71993,"Cin Gas & Elec -Butler Co., OH",800,enbridge,TE
50690,THMASVIL/SNG AREA THOMAS,789,km,SNG
LKCNT,LAKE COUNTY UTILITY DISTRICT,783,et,TGC
72367,"Miss. Valley Gas - Hinds Co., MS",778,enbridge,TE
420934,E OH GAS/TGP GILMORE SALES TUSCARAW,765,km,TGP
421042,ELIZ NG/TGP EVANGELINE SALES EVANGE,725,km,TGP
42609,HERETHNL/NGPL DE,722,km,NGPL
39763,ONG/NGPL ARDMORE CARTER,722,km,NGPL
73878,"Goliad Midstream Energy/City of Magnolia,TX-Enderli Street,Montgom",700,enbridge,TE
50070,UPSFUEL/SNG SANDY CREEK FULTON,700,km,SNG
915204,MSTE CO/SNG BYRON #2 BLECKLEY,698,km,SNG
25751,3M/NGPL PULASKI,680,km,NGPL
960130,DAWSON/SNG TERRE,678,km,SNG
914800,FT VALEY/SNG CRA,671,km,SNG
420652,LSTOCKNG/TGP WYALUSING SALES BRADFO,665,km,TGP
73901,"Gas Utilities District #1 Angola Del., State Hwy 10, W.Feliciana P",663,enbridge,TE
420836,HENDERSN/TGP HENDERSON 2 MC NAIRY,650,km,TGP
5382,WTG/NGPL HUTCHIN,648,km,NGPL
960510,PKG CORP/SNG LOW,644,km,SNG
73107,"Horton Hwy Dist #2 - Maury, TN",636,enbridge,TE
80080,"PARCHMAN, MS - ENTEX",633,et,TGC
960260,MOULTRIE/SNG AREA COLQUITT,629,km,SNG
167,SALEM/NGPL CLINT,627,km,NGPL
960440,PILGRIMS/SNG SUW,613,km,SNG
900105,LENOX/NGPL ADAMS,605,km,NGPL
846200,JACKSONV/SNG CAL,605,km,SNG
960060,BAINBRDG/SNG AREA DECATUR,602,km,SNG
420223,SAVANNAH/TGP SAVANNAH TN HARDIN,600,km,TGP
420047,NEWALBNY/TGP NEW ALBANY MS UNION,600,km,TGP
70295,"Anna, IL",600,enbridge,TE
74187,"DEFS - Guadalupe Delivery - Lavaca Co., TX",599,enbridge,TE
70573,"Batesville, IN",585,enbridge,TE
73109,"Red Bay #2, Franklin Co. Al.",568,enbridge,TE
600068,TRION/SNG LAFAYETTE FLOYD,566,km,SNG
902923,GRAPHIC/NGPL CAS,560,km,NGPL
805100,SPIREAL/SNG MONTGOMERY #2 ELMORE,556,km,SNG
960430,CLARIANT/SNG GAD,550,km,SNG
71046,"Harrisburg, AR",550,enbridge,TE
10603,SUMUTI/NGPL #1 LONOKE,549,km,NGPL
70107,Summit Utilities Arkansas Inc Cabot AR,548,enbridge,TE
80747,OZINGA DAIRY RNG DELIVERY,545,et,TGC
420429,BOONEVIL/TGP BOONEVILLE MS TIPPAH,544,km,TGP
960270,NASHVILL/SNG BER,541,km,SNG
400463,SCOTTVIL/TGP SCOTTSVILLE KY ALLEN,540,km,TGP
420010,ATMOS KY/TGP CAMPBELLSVILLE KY TAYL,530,km,TGP
80060,"CITY OF ARLINGTON, KY",530,et,TGC
935300,IMPR-SAV/SNG SUGAR CHATHAM,507,km,SNG
70441,"Grayville, IL",504,enbridge,TE
75078,"GULF SOUTH - CASTOR, LA-(D70078/R76078)",502,enbridge,TE
800800,LIVINGST/SNG SUM,500,km,SNG
420792,UNION OG/TGP HURRICANE SALES PUTNAM,500,km,TGP
73388,"Montgomery Gas Transmission, Inc. - Montgomery Co., TX (DEL)",499,enbridge,TE
421054,CPTENTEX/TGP BRIDGELAND: DIP 20N-10,498,km,TGP
421011,CNTRPT/TGP IMPERIAL OAKS MONTGOMERY,498,km,TGP
421052,CNTRPT/TGP SKINNER: DIP 20M-141 HAR,498,km,TGP
421028,CNTRPT/TGP DOWDELL ROAD HARRIS,498,km,TGP
72967,"Atmos Energy -Monroe, MS",498,enbridge,TE
80075,"TOWN OF BYHALIA, MS",498,et,TGC
900181,PERRYVLL/NGPL CA,485,km,NGPL
421053,GRAYSON/TGP GRAYSON KY 2 : DIP GRAY,481,km,TGP
420483,CORINTH/TGP CORINTH MS 2 ALCORN,480,km,TGP
421082,CEIP/TGP MOORHEAD ROAD: DIP 23B 101,466,km,TGP
70098,"Fulton, MS",450,enbridge,TE
72004,"PECO Energy - Planebrook Chester Co., PA",446,enbridge,TE
909300,BOAZ/SNG AREA ETOWAH,446,km,SNG
420145,UTILMGMT/TGP BATESVILLE MS PANOLA,445,km,TGP
643201,TRNSCO/SNG JONESBORO CLAYTON,444,km,SNG
740500,CMU/SNG CANTON MADISON,427,km,SNG
70939,"Indiana Gas - French Lick, IN",425,enbridge,TE
940027,CORDOVA/SNG CORDOVA AREA WALKER,425,km,SNG
916600,DUBLIN/SNG DUBLIN #1 BALDWIN,423,km,SNG
ALPHA,AOC,423,et,TGC
772301,Hackberry City Gate,419,gasnom,CAMERON
420654,SPRNGFLD/TGP CROSS PLAINS SALES ROB,415,km,TGP
420653,SPRNGFLD/TGP ROCK SPRINGS SALES ROB,415,km,TGP
400462,ATMOS KY/TGP DANVILLE KY BOYLE,413,km,TGP
960030,AMERICUS/SNG AREA SUMTER,408,km,SNG
909444,LIBERTY/NGPL CDP NORTH,404,km,NGPL
960120,CUTHBERT/SNG RAN,401,km,SNG
420054,BOLIVAR/TGP BOLIVAR TN HARDEMAN,401,km,TGP
844600,HARTSELL/SNG MOR,400,km,SNG
420849,SELMER/TGP SELMER TN SALES MC NAIRY,400,km,TGP
420848,WAKEFLD/TGP WAKEFIELD SALES ESSEX,400,km,TGP
840400,RAGLAND/SNG BRICK ST CLAIR,400,km,SNG
960590,PEOPLES/SNG BAKER NASSAU,400,km,SNG
6295,CNTRPT/NGPL WESTON LAKES FORT BEND,397,km,NGPL
420055,PARSONS/TGP PARSONS TN DECATUR,396,km,TGP
48813,ATMOS TL/TGP GOODHOPE OUACHITA,394,km,TGP
940029,FULTNDAL/SNG FULTONDALE AREA JEFFER,389,km,SNG
80057,"CITY OF LA CENTER, KY",388,et,TGC
420030,ATMOS KY/TGP LEBANON KY MARION,385,km,TGP
80042,"VILLAGE OF BLUFORD, IL",377,et,TGC
960150,DOERUN/SNG COLQU,377,km,SNG
420373,TRNSCO/TGP KINDER LA EXCH (BI 1,373,km,TGP
420915,NEXERGAS/TGP PORT IBERIA SALES IBER,350,km,TGP
72990,"MVG - Madison Co., MS",349,enbridge,TE
420830,BOLIVAR/TGP BOLIVAR TN 2 MC NAIRY,349,km,TGP
819000,PICKENS/SNG PICK,343,km,SNG
698300,LUPEACH/SNG COLUMBUS AREA PHENIX RU,342,km,SNG
80009,"CITY OF RENSSELAER, IN",340,et,TGC
80012,"VILLAGE OF MILFORD, IL",331,et,TGC
735100,ATMOS-MS/SNG CARTHAGE ATTALA,325,km,SNG
80061,"CITY OF CLINTON, KY",319,et,TGC
80058,"CITY OF WICKLIFFE, KY",315,et,TGC
47140,CNTRPT/NGPL KATY MILLS HARRIS,313,km,NGPL
420056,LEXINGTN/TGP LEXINGTON TN DECATUR,309,km,TGP
905800,LAFAYETT/SNG FLO,308,km,SNG
960160,DONALSON/SNG SEM,303,km,SNG
73932,"Delta Natural Gas, Maple Grove Tap, Madison County, KY",300,enbridge,TE
70101,Lawrenceburg Gas - TN,300,enbridge,TE
72587,"Big Cajun Electric, Coupee Psh., LA",300,enbridge,TE
70473,Texana Midstream Company LP,300,enbridge,TE
420694,WESTL CE/TGP MISSISSIPPI TRANSPORT,300,km,TGP
420860,RUSSLVIL/TGP RUSSELLVILLE AL SALES,299,km,TGP
70095,"Nat Gas - Caldwell, OH",299,enbridge,TE
823400,ONEONTA/SNG JEFF,297,km,SNG
53486,AIRLIQAT/TGP TIMBERLANE BIOGAS BUYB,280,km,TGP
80029,"VILLAGE OF GREENUP, IL",279,et,TGC
70583,"Midwest Nat. -North Vernon, IN",275,enbridge,TE
960100,COLQUITT/SNG MIL,268,km,SNG
420750,NARNGST/TGP CRANSTON SALES PROVIDEN,262,km,TGP
960080,CAIRO/SNG GRADY,260,km,SNG
960400,VIENNA/SNG DOOLY,258,km,SNG
80059,"CITY OF BARDWELL, KY",257,et,TGC
960070,BLAKELY/SNG AREA EARLY,255,km,SNG
73106,Federal Bureau of Prison - Yazoo Co. MS,255,enbridge,TE
420705,CORINTH/TGP NORTH CORINTH MS ALCORN,254,km,TGP
809200,UNION SP/SNG MAC,250,km,SNG
811500,GNRLSHAL/SNG DIXIE BRICK RUSSELL,250,km,SNG
420943,JAMESTWN/TGP NORNEW ENERGY SUPPLY C,250,km,TGP
940043,AGL/SNG EAST SOUTH MAIN ZONE 3 AREA,250,km,SNG
811700,GNRLSHAL/SNG BRICKYARD RUSSELL,250,km,SNG
420941,ANR/TGP TGP ANR GREENVILLE INTERCON,244,km,TGP
420760,NATGASKY/TGP BARREN CNTY SMS BARREN,244,km,TGP
933800,SYLVANIA/SNG SCR,242,km,SNG
53967,TARGAND/NGPL CRITTENDON WINKLER,240,km,NGPL
420091,NE OH NG/TGP LEESVILLE OH CARROLL,230,km,TGP
848200,JENKINS/SNG JORDAN BRICK PLANT-MOOD,229,km,SNG
420241,HOHENWLD/TGP HOHENWALD TN LEWIS,225,km,TGP
907860,LIBERTY/NGPL CDP SOUTH,225,km,NGPL
50152,CALERA/SNG AREA SHELBY,223,km,SNG
80738,JIMMY DEAN PLANT,223,et,TGC
960010,ADEL/SNG COOK,223,km,SNG
900155,SULLIVAN/NGPL MO,215,km,NGPL
905317,TARGA MC/NGPL ENVILLE PLT LOVE,210,km,NGPL
817400,SPIREAL/SNG BRENT TUSCALOOSA,201,km,SNG
420276,BLDWYN/TGP BALDWYN MS TIPPAH,201,km,TGP
70579,"Columbia Gas of PA. - Rockwood, PA",200,enbridge,TE
72942,"Columbia Gas (N.W.L. Corp.) - Fayette Co., PA",200,enbridge,TE
55705,GATEWAY/NGPL BANTAM HEMPSTEAD,200,km,NGPL
48741,CONSTGEN/TGP HANDSOME LAKE DELIVERY,200,km,TGP
25104,MAPL/NGPL OCHILT,200,km,NGPL
600066,LAGRANGE/SNG LAGRANGE #2 TROUP,200,km,SNG
740950,DENBURY/SNG MADI,200,km,SNG
819600,GORDO/SNG PICKEN,200,km,SNG
40300,HILCORP/NGPL CAM,199,km,NGPL
420364,D2ENERGY/TGP MILLEDGEVILLE TN CHEST,198,km,TGP
600067,TALLAPOO/SNG TALLAPOOSA HARALSON,198,km,SNG
420761,D2ENERGY/TGP ADAMSVILLE TN MC NAIRY,198,km,TGP
420378,HRDFAYET/TGP MOSCOW TN HARDEMAN,198,km,TGP
82760,KENTUCKY TENNESSEE CLAY CO,194,et,TGC
420222,CENTRVIL/TGP CENTERVILLE TN HICKMAN,187,km,TGP
420643,CENTRVIL/TGP BATES CROSSING HICKMAN,186,km,TGP
70109,Summit Utilities Arkansas Light AR,183,enbridge,TE
781200,KY-TENN/SNG KY-TENN CLAY #1 AIKEN,180,km,SNG
412864,BLU/TGP LAKE LOOMIS DEHY: RIP 320T,178,km,TGP
900172,NASHVILL/NGPL WA,175,km,NGPL
56339,BTOHLLC/NGPL UPS CNG HODGKINS COOK,175,km,NGPL
420058,BBT ALTN/TGP CORINTH MS ALCORN,174,km,TGP
421026,OAKLAND/TGP YALOBUSHA SALES YALOBUS,170,km,TGP
420442,COKINOS/TGP RASMUSSEN FARM TX WHART,170,km,TGP
154,BETHANY/NGPL MOU,170,km,NGPL
70940,"Indiana Gas Co. - Westport, IN",168,enbridge,TE
70937,"Consumers Gas Co. - Omaha, IL",167,enbridge,TE
932800,LOUISVIL/SNG BUR,161,km,SNG
420424,HESS/TGP BELLINGHAM MA NORFOLK,160,km,TGP
70323,"PEOPLES NAT - Claysburg, PA",160,enbridge,TE
960300,QUINCY/SNG GADSD,159,km,SNG
960140,DEC CNTY/SNG DEC,154,km,SNG
11303,SUMUTI/NGPL #2 LONOKE,152,km,NGPL
70429,"Tompkinsville, KY",152,enbridge,TE
70468,"Columbia Gas - Corwin, OH",150,enbridge,TE
933000,WAYNESBO/SNG BUR,150,km,SNG
420317,WAYNEBOR/TGP WAYNESBORO TN WAYNE,150,km,TGP
73508,"Atmos Energy/Roxie-Fayette Delivery-Franklin Co., MS",150,enbridge,TE
73329,"CGT/NiSource-KY - Clark Co., KY",150,enbridge,TE
70941,"Lawrenceburg Gas, IN",150,enbridge,TE
71439,"Indiana Gas Co. - Dubois, IN",150,enbridge,TE
940030,GRAYSVIL/SNG GRAYSVILLE AREA JEFFER,147,km,SNG
930200,SPARTA/SNG WASHI,143,km,SNG
916200,MNTICELO/SNG JON,143,km,SNG
902000,HOGANSVI/SNG TRO,142,km,SNG
46896,XTO ENER/NGPL FUEL CARTER,140,km,NGPL
71436,"Cleco Energy - Chireno #2, TX (Delivery)",139,enbridge,TE
790750,MARGLEN/SNG FLOY,139,km,SNG
960340,SYLVESTE/SNG WOR,139,km,SNG
73153,"PECO -- Brookhaven, PA",133,enbridge,TE
71293,"Loretto, TN",130,enbridge,TE
600257,MILLEN/SNG MILLEN AREA JENKINS,125,km,SNG
420406,ELIZ NG/TGP ELIZABETH LA EMERGENCY,125,km,TGP
420026,HOLYSPRG/TGP HOLLY SPRINGS MS MARSH,124,km,TGP
901154,CNTRPT/NGPL EAST BERNARD,124,km,NGPL
73131,"Delta Nat Gas - Madison Co, KY",120,enbridge,TE
80040,"CITY OF FAIRFIELD, IL",120,et,TGC
70018,"Indiana Gas - Seymour, IN",117,enbridge,TE
70089,"Consumers Gas Co. - Carmi, IL",117,enbridge,TE
70428,"Edmonton, KY",117,enbridge,TE
420158,COKINOS/TGP RAUN FARM TX WHARTON,116,km,TGP
54378,CAMBRIAA/TGP SHELBY CRUSHED STONE N,115,km,TGP
46273,NAVITAS/NGPL LATERAL DELIVERY LOVE,114,km,NGPL
960310,QUITMAN/SNG BROO,111,km,SNG
420295,SUMUTI/TGP MONTROSE AR CHICOT,109,km,TGP
420704,CLDNIA N/TGP CALEDONIA MS LOWNDES,108,km,TGP
420661,LINDEN/TGP LICK CREEK SALES PERRY,105,km,TGP
914200,LUPEACH/SNG TALB,105,km,SNG
815500,LANETT/SNG CHAMB,104,km,SNG
80046,"CITY OF MCLEANSBORO, IL",102,et,TGC
70539,"S.I.G. & Elec -Ft. Branch, IN",100,enbridge,TE
71256,"Liberty, KY",100,enbridge,TE
70316,"Hartsville Gas - Trousdale, TN",100,enbridge,TE
73461,"Universal Natural Gas/Interconnect - Montgomery Co., TX (DEL)",100,enbridge,TE
80034,XENIA - LIBERTY ENERGY (MIDSTATES),100,et,TGC
80065,"TOWN OF TROY, TN",100,et,TGC
71463,"Tamms, IL",100,enbridge,TE
844500,CHILDERS/SNG CHILDERSBURG #2 TALLAD,100,km,SNG
420419,ELIZ NG/TGP HEBERT FARM LA JEFFERSO,100,km,TGP
940046,SPIREAL/SNG REFORM AREA PICKENS,100,km,SNG
70104,"Lafayette, TN",100,enbridge,TE
70100,"Red Bay, AL",100,enbridge,TE
420390,NFG/TGP TOWNVILLE PA CRAWFORD,100,km,TGP
420788,DICKSON/TGP KINGSTON SPRINGS SALES,100,km,TGP
909406,BHSC/NGPL G CDP,100,km,NGPL
741200,BAY SPGS/SNG JAS,99,km,SNG
940032,TALLASSE/SNG TALLASSEE AREA ELMORE,99,km,SNG
808400,DADEVILL/SNG TAL,99,km,SNG
844400,CHILDERS/SNG CHILDERSBURG #1 TALLAD,99,km,SNG
82032,"CITY OF SPLENDORA, TX",99,et,TGC
846400,PIEDMONT/SNG CAL,99,km,SNG
10704,MCLEOD/NGPL IRRIGATION HUTCHINSON,99,km,NGPL
420328,ATMOS-MS/TGP HARDY STA MS GRENADA,99,km,TGP
71424,"New Roads, LA",98,enbridge,TE
913800,OGLETHRP/SNG TAL,97,km,SNG
916400,EATONTON/SNG GRAY JONES,96,km,SNG
960050,ASHBURN/SNG TURN,92,km,SNG
70313,"Columbia, KY",91,enbridge,TE
600064,"WEST PT/SNG WEST POINT, GA TROUP",90,km,SNG
71190,"Poseyville, IN",90,enbridge,TE
82035,CROSSROADS - NIPSCO,86,et,TGC
420219,WALNUT/TGP WALNUT MS HARDEMAN,85,km,TGP
960230,LUMPKIN/SNG STEW,84,km,SNG
80079,"CRENSHAW, MS - ATMOS ENERGY",79,et,TGC
960220,JASPER/SNG HAMIL,78,km,SNG
80072,"TOWN OF MASON, TN",77,et,TGC
420486,CENTRVIL/TGP CENTERVILLE ONLY TN SA,76,km,TGP
420862,CENTRVIL/TGP SHIPPS BEND SALES HICK,76,km,TGP
420706,TEAC/TGP CLIFTON SALES WAYNE,75,km,TGP
56392,LESRENEW/TGP BEECH HOLLOW BIOGAS BU,75,km,TGP
421016,CENTRVIL/TGP TURNEY PRISON HICKMAN,75,km,TGP
80066,"TOWN OF OBION, TN",75,et,TGC
900175,PICKNEY/NGPL PER,75,km,NGPL
70398,"Bernie, MO",75,enbridge,TE
54805,ENENBLLC/NGPL HARRINGTON TRAILS CG,74,km,NGPL
71426,"Mantachie Gas Dist -Fulton, MS",72,enbridge,TE
81560,EMER. SALE - LEWIS OPERATING,71,et,TGC
55964,AHMLFG/TGP RUMPKE BIOGAS BUYBACK DE,70,km,TGP
73150,Summit Utilities Arkansas Inc Pulaski Co AR,70,enbridge,TE
420290,OLIVHILL/TGP OLIVE KY CARTER,66,km,TGP
11087,MONTEZUM/NGPL CDP,66,km,NGPL
420142,DELTAMS/TGP RULEVILLE MS SUNFLOWER,66,km,TGP
72856,"Onalaska Water & Gas Corporation - Polk County, TX",65,enbridge,TE
80033,"VILLAGE OF CLAY CITY, IL",65,et,TGC
72828,"RBS Gas Util. - Macon Co., TN",65,enbridge,TE
80035,"CITY OF FLORA, IL",65,et,TGC
420021,DELTAMS/TGP SUMNER MS TALLAHATCHIE,65,km,TGP
72996,"Edmonton #2 - Metcalfe Co., KY",65,enbridge,TE
900072,WELLMAN/NGPL WAS,64,km,NGPL
70532,"Atmos Energy Corporation- Benton, MO",63,enbridge,TE
80743,KINDER SAND DRYING PLANT,62,et,TGC
56972,COKENRG/TGP SANDIES CRK FARM DEL WH,60,km,TGP
70093,"Jasper, IN",60,enbridge,TE
600059,SUMITON/SNG JEFF,59,km,SNG
420143,DELTAMS/TGP DREW MS SUNFLOWER,59,km,TGP
420141,DELTAMS/TGP SHAW MS SUNFLOWER,59,km,TGP
420023,DELTAMS/TGP CROWDER MS QUITMAN,59,km,TGP
420022,DELTAMS/TGP LAMBERT MS QUITMAN,59,km,TGP
73257,"Knox Energy Cooperative Association, Inc.",57,enbridge,TE
732800,DENBURY/SNG SOHIO PUMPING STATION Y,56,km,SNG
725100,SE UTILS/SNG WAL,55,km,SNG
710200,ATMOS TL/SNG CARVILLE IBERVILLE,55,km,SNG
71366,"Osgood, IN",54,enbridge,TE
71141,"Assoc Natural Gas - Bernie, MO",52,enbridge,TE
960210,HAVANA/SNG GADSD,52,km,SNG
900156,FINDLAY/NGPL MOU,51,km,NGPL
420447,PELICANG/TGP HARRISONBURG LA CATAHO,51,km,TGP
70299,"Florence, AL",50,enbridge,TE
70099,Belmont MS,50,enbridge,TE
903686,WTG/NGPL STINNETT HUTCHINSON,50,km,NGPL
821400,MULGA/SNG JEFFER,50,km,SNG
420687,ELIZ NG/TGP ALLEN PARISH PRISON SAL,50,km,TGP
72533,"T & F Exploration, LP., MM - Somerset Co., PA",50,enbridge,TE
780300,DESOUTHC/SNG PLANT URQUHART AIKEN,50,km,SNG
72930,"PECO Energy - Eddystone, Delaware Co., PA",50,enbridge,TE
734000,DENBURY/SNG MCGOWAN #1 YAZOO,50,km,SNG
728000,ATMOS-MS/SNG PICKENS YAZOO,50,km,SNG
71287,"Gas Util Dist #2 - Lottie, LA",50,enbridge,TE
420708,ELIZ NG/TGP GRANT LA SALES ALLEN,50,km,TGP
70582,"Midwest Nat. - Brownstown, IN",50,enbridge,TE
71170,"Midwest Nat. Gas - Medora, IN",50,enbridge,TE
420629,ELIZ NG/TGP OAKDALE DETENTION SALES,50,km,TGP
70421,"Flora, MS",50,enbridge,TE
733400,DENBURY/SNG PENNZOIL - PERRY TAP YA,50,km,SNG
960380,UNADILLA/SNG AREA DOOLY,49,km,SNG
909442,AMUE/NGPL CDP,49,km,NGPL
900390,FORDCNTY/NGPL FO,49,km,NGPL
908087,ONG/NGPL MARIETTA LOVE,49,km,NGPL
907830,CNTRPT/NGPL SPLENDORA MONTGOMERY,49,km,NGPL
420140,UTILMGMT/TGP LOBELVILLE TN PERRY,49,km,TGP
420793,ELIZ NG/TGP J R FRANKS 1 VERNON,48,km,TGP
72827,"City Of Fulton - Itawamba Co., MS",45,enbridge,TE
806000,SPIREAL/SNG RUSSELL MILLS ELMORE,44,km,SNG
960620,CHESAPEA/SNG CENTRAL FLA GAS SUWANN,42,km,SNG
49574,WHITEWTR/NGPL WAHA CONNECTOR WARD,41,km,NGPL
420448,RIDGETOP/TGP RIDGETOP TN ROBERTSON,40,km,TGP
420146,FOURSQGS/TGP HEMPHILL TX SABINE,40,km,TGP
960280,OCILLA/SNG IRWIN,40,km,SNG
71288,"Gas Util Dist #2 - New Roads, LA",39,enbridge,TE
72536,"Kentucky Energy - Metcalfe, KY",37,enbridge,TE
405367,TGP/SNG BEAR CREEK INJECTION BIENVI,36,km,TGP
420719,SPIREMS/TGP CAMP SHELBY FORREST,36,km,TGP
420152,ASHLNDMS/TGP ASHLAND MS BENTON,35,km,TGP
902200,GRANTVIL/SNG COW,35,km,SNG
80067,GIBSON COUNTY UTILITY DISTRICT,35,et,TGC
80037,"VILLAGE OF CISNE, IL",32,et,TGC
56386,QCLRNGLL/NGPL PINE CREEK BIOGAS BUY,30,km,NGPL
71469,"Atmos Energy Corporation - Qulin, MO",30,enbridge,TE
734300,DENBURY/SNG MCGOWAN #2 YAZOO,30,km,SNG
74059,BUG CO NAT- Brooklyn Union Gas Company (National Grid NY),28,enbridge,TE
80052,"CITY OF VIENNA, IL",28,et,TGC
71362,"Jonesboro, IL",26,enbridge,TE
80759,TGC DELIVERY - ARCHAEA RNG PROJECT: NW TENN,25,et,TGC
420279,ATMOS TL/TGP CROWVILLE LA FRANKLIN,25,km,TGP
56387,HOOKSGAS/NGPL PRESSWOOD FM 2090 DEL,25,km,NGPL
71240,"Enfield, IL",25,enbridge,TE
821900,BROOKSID/SNG JEF,25,km,SNG
740700,DENBURY/SNG PENNZOIL RANKIN,25,km,SNG
73196,"Delta Nat Gas, I-75 tap, Madison Co., KY",25,enbridge,TE
901151,CNTRPT/NGPL GLEN FLORA WHARTON,25,km,NGPL
80032,"VILLAGE OF LOUISVILLE, IL",24,et,TGC
960180,EDISON/SNG CALHO,24,km,SNG
834800,DORA/SNG WALKER,23,km,SNG
80044,"VILLAGE OF BELLE RIVE, IL",23,et,TGC
70108,Summit Utilities Arkansas Inc Beebe AR,23,enbridge,TE
80043,"VILLAGE OF WAYNE CITY, IL",22,et,TGC
802800,WILCOX/SNG PERRY,21,km,SNG
80053,CAIRO PUBLIC UTILITY CO,21,et,TGC
420755,ATMOS TL/TGP LASALLE PARISH NEBO SA,20,km,TGP
73238,"MISS VALLEY GAS #2 - HINDS CO., MS.",20,enbridge,TE
420485,COLLINWD/TGP COLLINWOOD TN WAYNE,20,km,TGP
73887,"Alegacy/CNG Industrial Campus-Bus US 290-Waller Co.,TX",20,enbridge,TE
421010,LVILBRIK/TGP GRAHN BRICKYARD CARTER,20,km,TGP
420726,DELTAMS/TGP LAUREL SALES 2 JONES,20,km,TGP
80045,"VILLAGE OF DAHLGREN, IL",20,et,TGC
731000,TCHULA/SNG HOLME,19,km,SNG
80028,"VILLAGE OF TOLEDO, IL",19,et,TGC
70478,"New Harmony, IL",18,enbridge,TE
71425,"Morganza, LA",18,enbridge,TE
420296,FORSTHIL/TGP FOREST HILL LA RAPIDES,17,km,TGP
900124,PAWNEE/NGPL MIDWEST ENERGY PAWNEE,17,km,NGPL
11272,LD OLAKE/NGPL DEKALB SWINE BEAVER,16,km,NGPL
656200,WASH PAR/SNG AREA WASHINGTON,16,km,SNG
70092,"Norris City, IL",15,enbridge,TE
703500,ATMOS TL/SNG UDP TRANS LOUISIANA GA,15,km,SNG
600058,WEST JEF/SNG WEST JEFFERSON,15,km,SNG
420369,COKINOS/TGP WIGGINTON FARM TX WHART,15,km,TGP
420441,ATMOS TL/TGP TRANSYLVANIA LA EAST C,15,km,TGP
900071,BRIGHTON/NGPL WA,13,km,NGPL
420183,COKENRG/TGP KRENEK FARM TX WHARTON,13,km,TGP
39855,HORIZON/NGPL SOUTH GRUNDY,12,km,NGPL
420190,COKINOS/TGP SULAK FARM TX WHARTON,12,km,TGP
71221,"Mississippi Gas Corp. - Reeves, LA",12,enbridge,TE
71241,"Utica, MS",12,enbridge,TE
420479,COKINOS/TGP CATTLE TX FARM WHARTON,11,km,TGP
80085,"KILBOURNE, LA - ATMOS ENERGY",10,et,TGC
72871,Summit Utilities Arkansas Inc Bodcaw AR,10,enbridge,TE
420428,NFG/TGP SHERMAN NEW YORK CHAUTAUQUA,10,km,TGP
736500,ATMOS-MS/SNG MACON NOXUBEE,10,km,SNG
737200,ATMOS-MS/SNG DEKALB KEMPER,10,km,SNG
744900,ATMOS-MS/SNG MERIDIAN NORTH LAUDERD,10,km,SNG
737500,ATMOS-MS/SNG NAVAL AIR STATION LAUD,10,km,SNG
738300,ATMOS-MS/SNG ARTESIA LOWNDES,10,km,SNG
41590,TXGASSRV/NGPL SABINE JEFFERSON,10,km,NGPL
600052,ATMOS-MS/SNG DURANT HOLMES,10,km,SNG
71020,"TE Princeton - Princeton, IN",10,enbridge,TE
71242,"Cen Il Pub Serv -Goreville, IL",10,enbridge,TE
420475,VINA/TGP VINA AL FRANKLIN,10,km,TGP
73900,"Town of Centreville, Wilkinson Co., MS",10,enbridge,TE
71297,"Weir, Choctaw Co., MS",10,enbridge,TE
82717,CHAMPAIGN LATERAL FARM TAPS - LIBERTY ENERGY (MIDSTATES),10,et,TGC
420530,DELTA LA/TGP GLENMORA LA EXCH RAPID,10,km,TGP
731100,ATMOS-MS/SNG LEXINGTON HOLMES,10,km,SNG
734900,ATMOS-MS/SNG KOSCIUSKO ATTALA,10,km,SNG
735500,ATMOS-MS/SNG NOXAPATER WINSTON,10,km,SNG
73041,"Four Square Gas Co., Inc. (Chireno #3) - Shelby Co., TX",10,enbridge,TE
729000,ATMOS-MS/SNG GOODMAN HOLMES,10,km,SNG
70983,"Knox Energy Cooperative - Powhatan Point, OH",10,enbridge,TE
900180,FROHNA/NGPL PERR,9,km,NGPL
72874,"St. Joseph - Lawrence Co., TN",8,enbridge,TE
37329,LEE CTY/NGPL POWER PLANT LEE,8,km,NGPL
900122,KGS/NGPL GLASCO CLOUD,8,km,NGPL
72597,Summit Utilities Arkansas Inc McRae Junct White AR,8,enbridge,TE
900127,CORN/NGPL WASHIT,8,km,NGPL
70548,"Starks Utilities - Starks, LA",8,enbridge,TE
960290,PELHAM/SNG MITCH,7,km,SNG
70442,"Crossville, IL",7,enbridge,TE
73348,"TREMONT DELIVERY, ITAWAMBA CO., MS",7,enbridge,TE
960330,SHELLMAN/SNG RAN,6,km,SNG
80048,"VILLAGE OF PITTSBURG, IL",6,et,TGC
420215,DELTAMS/TGP COFFEEVILLE MS YALOBUSH,5,km,TGP
420150,ATMOS TL/TGP ROBLINE LA NATCHITOCHE,5,km,TGP
71028,"Col Gas (DPL) -Bowersville, OH",5,enbridge,TE
420817,ATMOS TL/TGP SABINE SALES SABINE,5,km,TGP
73977,Vectren Energy (CenterPoint) Lewisburg Delivery - Shields Road - P,5,enbridge,TE
70552,"TE Todhunter - Todhunter, OH",5,enbridge,TE
420820,ATMOS-MS/TGP COLUMBUS AFB EXCH LOWN,5,km,TGP
900179,GR TOWER/NGPL JA,3,km,NGPL
72636,"PECO Energy - Montgomery Co., PA",3,enbridge,TE
71402,"Creal Springs, IL",3,enbridge,TE
900123,MWE/NGPL WILSON ELLSWORTH,3,km,NGPL
935100,GCF US/SNG PT WENTWORTH CHATHAM,2,km,SNG
73247,"COLUMBIA UTILITIES - ADAIR CO., KY",2,enbridge,TE
783500,ACT MIN/SNG AIKE,1,km,SNG
844900,SO CO/SNG CALHOU,1,km,SNG
915001,COCHRAN/SNG BIBB,1,km,SNG
900126,SPEARVIL/NGPL FO,1,km,NGPL
420162,COKINOS/TGP RAUN FARM 2 TX COLORAD,1,km,TGP
935900,OWENS CO/SNG FIBERGLAS CHATHAM,1,km,SNG
600251,TRANS LA/SNG LAKE PROVIDENCE M/S EA,1,km,SNG
81716,PATTERSON @ ANR,1,et,TGC
70315,"Smyrna, TN",1,enbridge,TE
780500,DIXIE CL/SNG AIK,1,km,SNG
3201,KN-MEP Header GR,1,et,GR
732300,ERGN REF/SNG WAR,1,km,SNG
907400,CALHOUN/SNG GORD,1,km,SNG
73159,"Lafayette #2 - Macon Co., TN",1,enbridge,TE
82041,WEST PADUCAH - ATMOS ENERGY,1,et,TGC
746600,TEXICAN/SNG SMC FARM TAPS SMITH,1,km,SNG
819800,NWALA/SNG TUSCALOOSA TUSCALOOSA,1,km,SNG
80601,CHAMPAIGN TRANSPORT - PEOPLES,1,et,TGC
960630,ACT MIN/SNG DECA,1,km,SNG
47760,SIENERGY/NGPL TAMARRON FORT BEND,1,km,NGPL
82869,INDIAN VILLAGE LIFT GAS,1,et,TGC
960200,FT GAINS/SNG CLA,1,km,SNG
71331,"Thebes, IL",1,enbridge,TE
915201,COCHRAN/SNG COCHRAN #2 BLECKLEY,1,km,SNG
82581,"CITY OF SENATOBIA, MS",1,et,TGC
80715,SABINE @ LAKE CHARLES - SABINE PIPELINE,1,et,TGC
70430,"Pulaski, TN",1,enbridge,TE
80497,IRR. TX - GAIL MORTON FARMS #2,1,et,TGC
420713,DELTAMS/TGP STENNIS SALES HANCOCK,1,km,TGP
80717,TGC @ HENRY HUB - JEFFERSON ISLAND STORAGE & HUB,1,et,TGC
71217,"TE - LBI Instrument Gas - Greensburg, PA",1,enbridge,TE
70063,"Huntingburg, IN",1,enbridge,TE
960600,SOWEGA/SNG MITCH,1,km,SNG
420898,NEXERGAS/TGP TOMBALL SALES NORTH MO,1,km,TGP
960320,RICHLAND/SNG STE,1,km,SNG
915003,PERRY/SNG BIBB,1,km,SNG
71081,"Community Gas - Cynthiana, IN",1,enbridge,TE
915002,HAWKINSV/SNG BIB,1,km,SNG
70033,"PECO Energy - Cromby Generation, PA",1,enbridge,TE
420714,DELTAMS/TGP LAUREL SALES JONES,1,km,TGP
915202,HAWKINSV/SNG HAWKINSVILLE #2 BLECKL,1,km,SNG
420320,ATMOS-MS/TGP SHUQUALAK MS NOXUBEE,1,km,TGP
80039,"VILLAGE OF JEFFERSONVILLE, IL",1,et,TGC
915203,PERRY/SNG PERRY #2 BLECKLEY,1,km,SNG
80744,KATY - HOUSTON PIPELINE DELIVERY,1,et,TGC
80014,POTOMAC - MIDWESTERN,1,et,TGC
910700,AUSTELL/SNG AUSTELL #2 COBB,1,km,SNG
82860,CYPRESS HOOKS - HOOKS GAS PIPELINE,1,et,TGC
782900,GVILE FB/SNG AIK,1,km,SNG
80151,IRR. TX - P.E. PEARSON,1,et,TGC
420147,NEXERGAS/TGP WOODVILLE TX TYLER,1,km,TGP
71435,"Cleco Energy - Chireno #1, TX (Delivery)",1,enbridge,TE
819500,NWALA/SNG PICKEN,1,km,SNG
960041,ANDRSVLE/SNG ANDERSONVILLE # 1 SUMT,1,km,SNG
70480,"Horton Highway - Triune, TN",1,enbridge,TE
80153,IRR. TX - KEITH COX,1,et,TGC
421075,LINDYPAV/TGP BIG BEAVER: DIP 217A 1,1,km,TGP
917300,OGLETHRP/SNG PLANT SMARR MONROE,1,km,SNG
73171,"East Cape Girardeau, IL",1,enbridge,TE
916300,SO CO/SNG PLANT ADDISON UPSON,1,km,SNG
816800,HUNT/SNG TUSCALO,1,km,SNG
80442,GULF SOUTH PIPELINE @ CENTERVILLE,1,et,TGC
801900,CEMEX/SNG MARENG,1,km,SNG
54920,THREE/NGPL THREE RIVERS GRUNDY,0,km,NGPL
53785,OASIS/NGPL SAGEBRUSH WARD,0,km,NGPL
55254,LAFRONT/NGPL BLACK MARLIN LAMAR PP,0,km,NGPL
55991,TERCOUNT/NGPL FAIRGROUNDS RNG BUYBA,0,km,NGPL
55878,IOWAWAST/NGPL LOESS HILLS BIOGAS BU,0,km,NGPL
72904,"Vectren Ohio - Glen Karn, OH CenterPoint Energy(PEPL 02831)",0,enbridge,TE
72910,"CW-DTI (I-O) & LEBANON, OH",0,enbridge,TE
72890,"Louisiana Intrastate Gas - Iberville Psh., LA (DEL)",0,enbridge,TE
72911,"Col. Gas (I-O) & Lebanon, OH",0,enbridge,TE
72926,"Kent. Util. - Garrard Co., KY",0,enbridge,TE
54796,AGUABLAN/NGPL LOCKRIDGE WAHA PECOS,0,km,NGPL
900004,NICORGAS/NGPL MC HENRY MC HENRY,0,km,NGPL
900005,NICORGAS/NGPL WOODSTOCK MC HENRY,0,km,NGPL
73090,Venice-Delivery into Plant,0,enbridge,TE
900006,NICORGAS/NGPL RICHMOND MC HENRY,0,km,NGPL
73079,"Smyrna #3 - Rutherford Co., TN",0,enbridge,TE
73025,"Atmos Energy, TN (B/D 76025)",0,enbridge,TE
73170,"AK Steel - Warren Co., OH",0,enbridge,TE
72956,"Mid Tn Gas Dist - Wilson, TN",0,enbridge,TE
48530,GULFSTH/NGPL COASTAL BEND WHARTON,0,km,NGPL
420227,COKINOS/TGP KING FARM LA JEFFERSON,0,km,TGP
420009,ATMOS KY/TGP GREENSBURG KY GREEN,0,km,TGP
420019,TEX GAS/TGP GLASGOW KY BARREN,0,km,TGP
420037,CRANBERY/TGP LANE BRANCH WV KANAWHA,0,km,TGP
420044,EGTS/TGP BROAD RUN CORNWELL KANAWHA,0,km,TGP
420045,COL GAS/TGP MAVITY KY BOYD,0,km,TGP
420315,UGI UT/TGP PORT ALLEGANY PA MC KEAN,0,km,TGP
420319,UGI UT/TGP MILFORD PA PIKE,0,km,TGP
420254,LIBERTYU/TGP HOOKSETT NH MERRIMACK,0,km,TGP
420259,NSTAR/TGP FARNUMSVILLE MA WORCHESTE,0,km,TGP
71473,"Mississippi Gas - LeBlanc, LA",0,enbridge,TE
420332,COKINOS/TGP NITSCH FARM TX WHARTON,0,km,TGP
420338,ATMOS KY/TGP PERRYVILLE KY BOYLE,0,km,TGP
420339,PSEG/TGP WEST MILFORD NJ PASSAIC,0,km,TGP
420294,TGP/SNG PUGH MISSISSIPPI EXCH LOWND,0,km,TGP
71076,"New Jersey Natural - Hanover, NJ",0,enbridge,TE
71189,"UGI CENTRAL - Valley Gas - Martinsburg, PA",0,enbridge,TE
71196,"Public Service - Bound Brook, NJ",0,enbridge,TE
71210,"AGT-WANAQUE INTERCONNECT. (PASSAIC,NJ)",0,enbridge,TE
71455,"UGI CENTRAL - Huntingdon Gas - Mapleton, PA",0,enbridge,TE
71461,"UGI UTIL (Columbia Gas) - Rich Hill, PA",0,enbridge,TE
71401,"United Cities - Galatia, IL",0,enbridge,TE
420277,UGI UT/TGP HONESDALE PA SALES WAYNE,0,km,TGP
900070,IPLC/NGPL W CHESTER WASHINGTON,0,km,NGPL
70096,"UGI CENTRAL - Shippensburg - Oxford, PA",0,enbridge,TE
70308,"UGI CENTRAL - Lewistown - Juniata Co., PA",0,enbridge,TE
70471,"Dominion Transmission Inc - Woodsfield, OH",0,enbridge,TE
70419,"Meadville, MS",0,enbridge,TE
70420,"Bude, MS",0,enbridge,TE
70449,"Public Service - Central Works, NJ",0,enbridge,TE
70457,"Lawrenceburg, TN",0,enbridge,TE
70458,"PEOPLES NAT - Ebensburg, PA",0,enbridge,TE
70463,"UGI CENTRAL - Counties Gas Co. - Mifflin Co., PA",0,enbridge,TE
70584,"Elizabethtown Gas Company - Ringoes, NJ",0,enbridge,TE
71075,"Elizabethtown Gas Company - Perth Amboy, NJ",0,enbridge,TE
70517,"PECO - Alan Wood Steel, PA",0,enbridge,TE
70521,"Duke Energy Ohio, Inc. Dicks Creek",0,enbridge,TE
70524,"Atmos Energy - Amory, MS",0,enbridge,TE
900050,AMER IL/NGPL SHERRARD ROCK ISLAND,0,km,NGPL
900051,MIDAMER/NGPL TYLR RDGE ROCK ISLAND,0,km,NGPL
900052,MIDAMER/NGPL ANDALUSIA ROCK ISLAND,0,km,NGPL
71144,"UGI CENTRAL - Twin Gas - Bedford, PA",0,enbridge,TE
70949,"Public Service - Hanover, NJ",0,enbridge,TE
71219,Columbia Gas of Pa. - York co. Pa.,0,enbridge,TE
71220,"PECO Energy - E. Greenville, PA",0,enbridge,TE
71043,"Union Electric - Vanduser, MO",0,enbridge,TE
70859,"Gulf South Pipeline, LP - Huntsville, TX (Delivery)",0,enbridge,TE
900026,NICORGAS/NGPL MORRIS GRUNDY,0,km,NGPL
900007,WISC ELE/NGPL GENOA CITY #2 MC HENR,0,km,NGPL
900008,WISC ELE/NGPL GENOA CITY #1 MC HENR,0,km,NGPL
900009,NICORGAS/NGPL HEBRON MC HENRY,0,km,NGPL
900011,NICORGAS/NGPL BELVIDERE BOONE,0,km,NGPL
900012,NICORGAS/NGPL ROCKFORD WINNEBAGO,0,km,NGPL
900016,NICORGAS/NGPL OREGON OGLE,0,km,NGPL
900018,NICORGAS/NGPL DIXON LEE,0,km,NGPL
900019,NICORGAS/NGPL SOUTH DIXON LEE,0,km,NGPL
900021,NICORGAS/NGPL ROCK FALLS LEE,0,km,NGPL
900022,NICORGAS/NGPL TAMPICO WHITESIDE,0,km,NGPL
71671,"PEOPLES NAT - Rager Mountain, PA",0,enbridge,TE
900028,NICORGAS/NGPL WEDRON LA SALLE,0,km,NGPL
900029,NICORGAS/NGPL OTTAWA LA SALLE,0,km,NGPL
900030,AMER IL/NGPL LA SALLE #2 LA SALLE,0,km,NGPL
900032,AMER IL/NGPL LA SALLE #4 LA SALLE,0,km,NGPL
900033,AMER IL/NGPL LADD BUREAU,0,km,NGPL
72908,"Duke Energy Ohio Inc. Springboro, Franklin, OH",0,enbridge,TE
72909,"Dayton Pwr & Lt - Red Lion, OH CenterPoint Energy",0,enbridge,TE
72648,"So. Ind. Gas & El. -Posey, IN",0,enbridge,TE
72672,"Lebanon #2 - Wilson Co., TN",0,enbridge,TE
72745,"PECO Energy - Collegeville, PA.",0,enbridge,TE
49222,"CFS-STX/NGPL MESTENA GRANDE 8"" JIM",0,km,NGPL
71423,"New Jersey Natural - Montville, NJ",0,enbridge,TE
71682,"Philadelphia Gas Works Penrose (Eastwick)-Philadelphia, PA",0,enbridge,TE
71704,"Gulf South Pipeline Company, LP - Darnell, LA (Delivery)",0,enbridge,TE
71430,"United Cities -Nolensville, TN",0,enbridge,TE
71438,"UGI CENTRAL - Dauphin Co. Gas - Annville, PA",0,enbridge,TE
72206,"Cypress Gas Pipeline Co.- W. Baton Rouge Psh., LA",0,enbridge,TE
72210,"New Jersey Natural - Jamesburg, NJ",0,enbridge,TE
72263,"Public Service - Woodbridge,NJ",0,enbridge,TE
71497,"GULF SOUTH PIPELINE COMPANY, LLC - Canton, MS",0,enbridge,TE
71512,"Cen Il Pub Serv -Broughton, IL",0,enbridge,TE
70984,"Columbia Gas - New Holland, OH",0,enbridge,TE
71745,"Dominion Energy Transmission, Inc -Chambersburg, PA",0,enbridge,TE
900025,NICORGAS/NGPL GENESEO HENRY,0,km,NGPL
72026,"NGO (Miller) - Butler Co., OH",0,enbridge,TE
72190,"Kennett - Dunklin Co., MO",0,enbridge,TE
900013,NICORGAS/NGPL SYCAMORE DE KALB,0,km,NGPL
900014,NICORGAS/NGPL KINGS OGLE,0,km,NGPL
900015,NICORGAS/NGPL ROCHELLE OGLE,0,km,NGPL
72382,"Houston Pipe Line Co.-Enerfin Lyondell Sys./ Harris Co., TX",0,enbridge,TE
56989,AMERESCO/NGPL DUTCH RNG BUYBACK 310,0,km,NGPL
900001,NO SHORE/NGPL GRAYSLAKE LAKE,0,km,NGPL
900002,NICORGAS/NGPL VOLO LAKE,0,km,NGPL
900003,NICORGAS/NGPL BARRINGTON LAKE,0,km,NGPL
900024,NICORGAS/NGPL PROPHETSTOWN HENRY,0,km,NGPL
71814,"Alcoa-Lavaca Pipeline - Calhoun, TX (Delivery)",0,enbridge,TE
7866,NO SHORE/NGPL TONNE RD COOK,0,km,NGPL
7869,PGLC/NGPL STEEL MET COOK,0,km,NGPL
10571,"NGPL/NGPL MANLOVE, PGLC COOK",0,km,NGPL
10599,PGLC/NGPL MARBLEHEAD DMSTC FL COOK,0,km,NGPL
10653,CENTANA/NGPL #3 JEFFERSON,0,km,NGPL
10654,NICORGAS/NGPL NALCO DU PAGE,0,km,NGPL
10701,ACME/NGPL HOT SP,0,km,NGPL
10769,ATMOS-TX/NGPL LA,0,km,NGPL
79114,LATERAL 10-R - DENA WASHINGTON CO. POWER PLANT - MAINLINE,0,enbridge,TE
79123,LATERAL 2-V - RELIANT ENERGY HUNTERSTOWN - MAINLINE,0,enbridge,TE
79152,HOT SPRING LATERAL (MAINLINE),0,enbridge,TE
79168,CAMERON EXTENSION MAINLINE,0,enbridge,TE
79172,GATOR EXPRESS ACCOUNTING METER,0,enbridge,TE
420167,COKINOS/TGP WOODS FARM TX FORT BEND,0,km,TGP
79668,"EQUITABLE - CRAYNE, PA CUSTODY TRANSFER POINT",0,enbridge,TE
79669,"CARNEGIE - WAYNESBURG, PA CUSTODY TRANSFER POINT",0,enbridge,TE
79921,COMPRESSOR STATION 21A (UNIONTOWN) - MAINLINE,0,enbridge,TE
79923,COMPRESSOR STATION 23 (CHAMBERSBURG),0,enbridge,TE
79954,IRONWOOD LATERAL ACCTG PT - MAINLINE,0,enbridge,TE
79974,M1 30 INCH CUSTODY TRANSFER POINT,0,enbridge,TE
79978,NUECES CONNECTOR (MAINLINE),0,enbridge,TE
79993,"NEXUS INTERCONNECT WITH TETLP,OPEN LATERAL,AT HEAD OF OPEN LATERAL",0,enbridge,TE
772295,Cameron-Gillis Hub Pipeline,0,gasnom,CAMERON
772290,Florida Gas Transmission,0,gasnom,CAMERON
772292,Tennessee,0,gasnom,CAMERON
772293,Texas Eastern,0,gasnom,CAMERON
772294,Transco,0,gasnom,CAMERON
80023,PEPL @ BOURBON - TGC,0,et,TGC
79662,DELMONT DISCHARGE CUSTODY TRANSFER POINT,0,enbridge,TE
36779,AMUE/NGPL KINMUNDY PLANT FAYETTE,0,km,NGPL
36879,MAINLINE/NGPL GRAND TOWER JACKSON,0,km,NGPL
36880,AMUE/NGPL PICKNEYVILLE PERRY,0,km,NGPL
37026,AECC/NGPL WRIGHTSVILLE PLT PULASKI,0,km,NGPL
37281,PGLC/NGPL MANLOVE CHAMPAIGN,0,km,NGPL
37371,PGLC/NGPL C/S MANLOVE PIATT,0,km,NGPL
37435,AURORA/NGPL LSP DU PAGE,0,km,NGPL
75660,"UGI APPALACHIA -DRY RIDGE-GREENE CO.,PA(D)73660/(R)73661",0,enbridge,TE
75661,"EGYPTIAN GAS - WHITE CO., IL-(D72661/R",0,enbridge,TE
75688,REGENCY GAS - BIENVILLE PA. LA-(D72688/R76688),0,enbridge,TE
75709,UGI - LNG TEMPLE (BI-DIR 73709/76709),0,enbridge,TE
75720,"NATIONAL FUEL-HOLBROOK GREENE CO., PA (D73720/R76720)",0,enbridge,TE
75872,"CENTANA INTRA P/L, STORAGE - JEFFERSON, CO. (72872",0,enbridge,TE
75891,GULF SOUTH/COASTAL BEND DELIVERY CR 206 (D-73891/R76891),0,enbridge,TE
6231,KMTEJAS/NGPL EDNA JACKSON,0,km,NGPL
75917,TETLP/POMELO INTERCONNECT WITH VCP (DEL 73916/REC 73917),0,enbridge,TE
75973,"LLOX/MUD LAKE, JEFFERSON PARISH, LA (D 73974/R73973)",0,enbridge,TE
79109,"LATERAL 10-S - RELIANT ENERGY - CHOCTAW CO., MS - MAINLINE",0,enbridge,TE
4189,NIPSCO/NGPL 134TH ST COOK,0,km,NGPL
4219,NICORGAS/NGPL COM ED #9 WILL,0,km,NGPL
4226,NICORGAS/NGPL METRO SAN DIST COOK,0,km,NGPL
4818,WILDORAD/NGPL RA,0,km,NGPL
4879,AMER IL/NGPL MATTOON DOUGLAS,0,km,NGPL
5003,OASIS/NGPL WARD,0,km,NGPL
5381,PHILLIPS/NGPL HERRING HUTCHINSON,0,km,NGPL
5418,SSC GPL/NGPL FOR,0,km,NGPL
5593,BHSC/NGPL LINCOLN OTOE,0,km,NGPL
6100,ANR/NGPL SOUTH WOODSTOCK MC HENRY,0,km,NGPL
6216,KMTP/NGPL HAGIST RANCH DUVAL,0,km,NGPL
75897,"PEOPLES GAS - BEAVER RUN ROAD, DELMONT, PA (R 76897/D 73897)",0,enbridge,TE
4151,PGLC/NGPL ORAM RD EMERG INTER WILL,0,km,NGPL
4153,PGLC/NGPL 138TH ST COOK,0,km,NGPL
4156,PGLC/NGPL O'HARE #1 COOK,0,km,NGPL
44398,COL GULF/KMLP EV,0,km,KMLP
113,MIDAMER/NGPL MALVERN MILLS,0,km,NGPL
81720,OLLA - GULF SOUTH,0,et,TGC
82030,VALERO MKS LOGISTICS,0,et,TGC
44397,TRNSCO/KMLP EVAN,0,km,KMLP
82036,LAFARGE - LIBERTY ENERGY (MIDSTATES),0,et,TGC
82037,HONEYWELL - LIBERTY ENERGY (MIDSTATES),0,et,TGC
82044,CLECO RODEMAKER INTERCONNECT,0,et,TGC
82050,SHELBY COUNTY GENERATION STATION,0,et,TGC
13793,East TX EGT,0,et,GR
82055,MARION GENERATING STATION - SIPC,0,et,TGC
292475,Performance Proppants,0,et,GR
292616,EGT Monument,0,et,GR
292621,EGT RIGS,0,et,GR
420119,BOSTN/TGP GLOUCESTER MA ESSEX,0,km,TGP
420122,BOSTN/TGP HAVERHILL MA ESSEX,0,km,TGP
420123,CONN NG/TGP GREENWICH CT FAIRFIELD,0,km,TGP
420124,YANK GAS/TGP STAMFORD CT FAIRFIELD,0,km,TGP
420127,YANK GAS/TGP DERBY CT FAIRFIELD,0,km,TGP
420128,YANK GAS/TGP WALLINGFORD CT NEW HAV,0,km,TGP
420130,YANK GAS/TGP WINSTED CT LITCHFIELD,0,km,TGP
420131,YANK GAS/TGP TORRINGTON CT LITCHFIE,0,km,TGP
420136,BOSTN/TGP READING MA MIDDLESEX,0,km,TGP
420138,BOSTN/TGP WENHAM MA ESSEX,0,km,TGP
420139,BOSTN/TGP TEWKSBURY MA MIDDLESEX,0,km,TGP
291856,EGT Delhi,0,et,GR
82056,SEED INTERCONNECT - PIONEER HI-BRED,0,et,TGC
82058,RACCOON CREEK - UNION ELECTRIC DBA AMEREN MISSOURI,0,et,TGC
82753,GULF PLAINS - DCP OPERATING,0,et,TGC
82816,TGC DELIVERY @ KATY STORAGE - KSTLP,0,et,TGC
44392,TEX GAS/KMLP ACA,0,km,KMLP
808762,Acadian Red River GR,0,et,GR
1790,OXY/NGPL FUEL GAS #2 EDDY,0,km,NGPL
1791,DCP OPER/NGPL FUEL GAS EDDY,0,km,NGPL
2927,KMTEJAS/NGPL MON,0,km,NGPL
2965,NICORGAS/NGPL FARMER CITY PIATT,0,km,NGPL
3063,KGS/NGPL FORD,0,km,NGPL
44395,ANR/KMLP ACADIA,0,km,KMLP
115,MIDAMER/NGPL PACIFIC JCT MILLS,0,km,NGPL
93069,"MEMPHIS LIGHT, GAS & WATER DIVISION NORTH & SOUTH",0,et,TGC
4143,NICORGAS/NGPL RIVERDALE COOK,0,km,NGPL
93074,TEXAS EASTERN LICK CREEK,0,et,TGC
TVALC,LAGOON CREEK - TVA,0,et,TGC
13546,TGC GR,0,et,GR
4100,NICORGAS/NGPL STREAMWOOD COOK,0,km,NGPL
4101,NICORGAS/NGPL HAMMES AVE WILL,0,km,NGPL
4186,NIPSCO/NGPL HEGEWISCH COOK,0,km,NGPL
4187,NIPSCO/NGPL LANSING COOK,0,km,NGPL
4111,NICORGAS/NGPL GOUGAR ROAD WILL,0,km,NGPL
4115,NICORGAS/NGPL CENTRAL AVE COOK,0,km,NGPL
4124,NICORGAS/NGPL WEST CHICAGO DU PAGE,0,km,NGPL
4130,NICORGAS/NGPL CHICAGO HEIGHTS COOK,0,km,NGPL
4131,NICORGAS/NGPL PARK RIDGE COOK,0,km,NGPL
118,NEB CITY/NGPL OT,0,km,NGPL
148,AMER IL/NGPL DELAND PIATT,0,km,NGPL
93073,PERRYVILLE IN & OUT - ENABLE GAS TRANSMISSION (ACCTG),0,et,TGC
73507,"PECO- Skippack Delivery - Montgomery, PA.",0,enbridge,TE
73618,Kinder Morgan Tejas- Barney Davis,0,enbridge,TE
73628,"Acadian/False River - Baton Rouge, LA",0,enbridge,TE
73642,ENI MC 365 Buy Back Meter,0,enbridge,TE
73653,TEPPCO/Beaumont Vapor Recovery,0,enbridge,TE
73667,"Hot Spring Power Plant, Hot Spring Co, AR",0,enbridge,TE
40250,AMUE/NGPL GOOSE CREEK POWER PLT PIA,0,km,NGPL
73684,ETX-Enbridge/Wells Landing - Polk,0,enbridge,TE
73694,Sweeny Plant-Conoco Pipeline,0,enbridge,TE
73711,"NTE Middletown Energy Center, Butler CO, OH",0,enbridge,TE
73721,"PSEG-Bayonne, Hudson Co., NJ",0,enbridge,TE
37585,AECC/NGPL FULTON POWER PLANT HEMPST,0,km,NGPL
900069,IPLC/NGPL KALONA WASHINGTON,0,km,NGPL
36778,GIBSCTY/NGPL UEDC GIBSON CITY PLANT,0,km,NGPL
420185,COKINOS/TGP OTTIS FARM TX JACKSON,0,km,TGP
420191,BOSTN/TGP SPENCER MA WORCHESTER,0,km,TGP
420086,EGTS/TGP PHELPS NY ONTARIO,0,km,TGP
420088,NFG/TGP MAYVILLE NEW YORK CHAUTAUQU,0,km,TGP
420089,UGI UT/TGP WEST BINGHAM PA POTTER,0,km,TGP
420104,WESTFLD/TGP WESTFIELD MA HAMPDEN,0,km,TGP
3644,KMTEJAS/NGPL BECKVILLE PANOLA,0,km,NGPL
3697,IPC/NGPL PINE BLUFF SALINE,0,km,NGPL
3734,WISC ELE/NGPL LA,0,km,NGPL
420115,BOSTN/TGP ARLINGTON MA MIDDLESEX,0,km,TGP
420116,BOSTN/TGP REVERE MA MIDDLESEX,0,km,TGP
420117,BOSTN/TGP LYNN MA ESSEX,0,km,TGP
420118,BOSTN/TGP BEVERLY SALEM MA ESSEX,0,km,TGP
412865,NFG/TGP EAST AURORA NEW YORK ERIE,0,km,TGP
420173,UGI UT/TGP MARIENVILLE PA FOREST,0,km,TGP
73233,Duke Energy Indiana,0,enbridge,TE
73136,"PECO Energy - MONTGOMERY CO., PA (Center Point)",0,enbridge,TE
73141,"MISSISSIPPI CHEMICAL - Yazoo City, MS",0,enbridge,TE
73157,"UGI CENTRAL - Penn Fuel - McConnellsburg, Fulton Co., PA",0,enbridge,TE
73161,"Middle TN Gas Monroe Co, KY",0,enbridge,TE
73187,"Elizabethtown Gas Company - Linden, NJ",0,enbridge,TE
73207,"AECI Plant Sto - Essex Pwr Plt -Stoddard Co, MO",0,enbridge,TE
73212,"PECO - EAGLE, CHESTER CO., PA. (del)",0,enbridge,TE
73216,"Town of Shannon - Monroe Co., MS",0,enbridge,TE
73225,"Nat'l Gas -Perry Co., OH",0,enbridge,TE
45257,NICORGAS/NGPL PATTERSON RD WILL,0,km,NGPL
73235,"National Energy & Trad. - W. Feliciana Psh, LA.",0,enbridge,TE
73294,"Dynegy- Ontelaunee, PA",0,enbridge,TE
73306,RELIANT PWR PLT - PA - (73306),0,enbridge,TE
73423,Piedmont Natural Gas - Rutherford,0,enbridge,TE
44094,BRIDGHOL/NGPL JOHNSONS BAYOU CAMERO,0,km,NGPL
44408,TRNSCO/NGPL JOHNSONS BAYOU SW CAMER,0,km,NGPL
44506,HRRII/NGPL EMERGENCY FUEL D CARSON,0,km,NGPL
44528,GLDNPASS/NGPL JE,0,km,NGPL
44543,XTO ENER/NGPL DAUBE RANCH JOHNSTON,0,km,NGPL
44836,HOLLY EP/NGPL CUST TRANS EDDY,0,km,NGPL
44941,ENABLEMR/NGPL METROEAST MADISON,0,km,NGPL
45373,ENSTOR/NGPL GRAMA RIDGE LEA,0,km,NGPL
45402,EMP-EOIT/NGPL DEL BRYAN,0,km,NGPL
46285,SWEPCO/NGPL TURK HEMPSTEAD,0,km,NGPL
46388,AMER IL/NGPL AMEREN BUREAU,0,km,NGPL
46480,PSI MIDS/NGPL PROCESSING PLANT CAME,0,km,NGPL
47662,ATMOS-TX/NGPL PYOTE WARD,0,km,NGPL
73379,"East Kentucky Power Co-op-Clark Co., KY",0,enbridge,TE
73318,LIBERTY ELEC-DEL.PA. - (73318),0,enbridge,TE
73902,Gas Utilities District #1 Spillman Delivery State Hwy 421;W.Felici,0,enbridge,TE
73913,"Tenaska Pennsylvania Partners, LLC - Westmoreland Co., PA",0,enbridge,TE
73918,Columbia Gas Johnson RD York Co. PA,0,enbridge,TE
73923,Entergy Services/Hinds 2 Delivery-Beasley Rd,0,enbridge,TE
73933,"Black Bear Transmission AlaTenn Delivery, Colbert County, AL",0,enbridge,TE
73970,"Farmersville Interconnect, Montgomery Co., OH",0,enbridge,TE
73971,Transco Woodbridge Lateral (Pierson),0,enbridge,TE
73975,"Atmos Energy/Madison - Endris Road, Madison Co., MS",0,enbridge,TE
74128,"MR 128 UPGRADE (PUBLIC SERVICE - LINDEN, NJ) DEL",0,enbridge,TE
74203,"Dominion Energy Transmission, Inc - Clarks Mill Road, Jefferson Co",0,enbridge,TE
74217,"Gulf South-Kosciusko, Attala Co., MS (Bi-Dir Rec 70217)",0,enbridge,TE
74218,"Gulf South Pipeline - Snake Creek Road - Hinds Co., MS",0,enbridge,TE
74536,AH Medora LFG Del.,0,enbridge,TE
412882,KINETICA/TGP PORT SULPHUR PLAQUEMIN,0,km,TGP
75061,EASTERN GAS - FRANKLIN REC76061/DEL73061,0,enbridge,TE
75258,MAGIC VALLEY PL-CALPINE-POWER PROJECT(D73258/R73259),0,enbridge,TE
75275,"CARNEGIE NATURAL GAS - WAYNESBURG, PA-(D71275/R76275)",0,enbridge,TE
75301,CALPINE BAYER PWR. PLANT-(D73301/R76301),0,enbridge,TE
75333,"PEMEX - REYNOSA, MX (D 70333/R 76333)",0,enbridge,TE
75475,"ETC - DESOTO PIPELINE, LP - (D70475/R76475)",0,enbridge,TE
11054,INT PWER/NGPL CLINTON HENRY,0,km,NGPL
11097,NICORGAS/NGPL DEL TROY GROVE LA SAL,0,km,NGPL
11295,COL GULF/NGPL CHALKLEY CAMERON,0,km,NGPL
11373,PGLC/NGPL ACCTG,0,km,NGPL
11433,ATMOSEN/NGPL MULESHOE BAILEY,0,km,NGPL
25016,OXY/NGPL FUEL GAS #1 EDDY,0,km,NGPL
25026,ATMOSEN/NGPL DEA,0,km,NGPL
25165,AMER IL/NGPL HILLSBORO MOULTRIE,0,km,NGPL
75037,"EASTERN GAS - WAYNESBURG, PA(D 70037/R 76037)",0,enbridge,TE
420192,BOSTN/TGP LEXINGTON MA MIDDLESEX,0,km,TGP
420199,PEOPLES/TGP PITTSBURGH TERMINAL PA,0,km,TGP
420201,CON ED/TGP TAPPAN NY ROCKLAND,0,km,TGP
420209,NATL GAS/TGP SPRATT OH MUSKINGUM,0,km,TGP
420211,ATMOS-MS/TGP GREENWOOD MS LEFLORE,0,km,TGP
420029,ATMOS KY/TGP LANCASTER KY GARRARD,0,km,TGP
39529,INVENERG/NGPL NELSON ENERGY CENTER,0,km,NGPL
39755,HORIZON/NGPL NORTH MC HENRY,0,km,NGPL
39865,OPPD/NGPL CASS CO. NEBRASKA CASS,0,km,NGPL
39927,CALPINE/NGPL ZION LAKE,0,km,NGPL
40057,DYNEGY/NGPL NRG LSP-KENDALL KENDALL,0,km,NGPL
40058,TMI/NGPL NRG LSP-KENDALL PWR PLT KE,0,km,NGPL
40059,NRG PM/NGPL LSP-KENDALL PWR PLT KE,0,km,NGPL
40106,AMUE/NGPL RACCOON POWER PLT CLAY,0,km,NGPL
73899,Bayonne Energy Center-NJ Route 440,0,enbridge,TE
40257,CALPINE/NGPL ZION ENERGY LAKE,0,km,NGPL
40330,AMER IL/NGPL METROEAST MADISON,0,km,NGPL
40460,PGLC/NGPL FORD BUILDING #8 COOK,0,km,NGPL
40462,PGLC/NGPL FORD BUILDING #9 COOK,0,km,NGPL
40900,ONG/NGPL LITTLE CITY MARSHALL,0,km,NGPL
41027,BHSC/NGPL GLENWOOD MILLS,0,km,NGPL
41796,ATMOS-TX/NGPL AT PARIS LAMAR,0,km,NGPL
41912,AMUE/NGPL AMEREN CDP,0,km,NGPL
43044,NICORGAS/NGPL BIO-SOLIDS COOK,0,km,NGPL
73729,"Centerpoint Energy - Granite Mountain Quarry, Pulaski Co., AR",0,enbridge,TE
73730,TGP - Wheelersburg Interconnect,0,enbridge,TE
73811,Enterprise Products/Wallace Junction,0,enbridge,TE
73820,Big Cajun II Power Plant-Woodmen Ln,0,enbridge,TE
73883,"Centerpoint Energy/IP Orange Mill-Owens Illinois Rd-Orange Co.,TX",0,enbridge,TE
43393,PGLC/KMIP,0,km,NGPL
904113,NICORGAS/NGPL MANHATTAN ROAD WILL,0,km,NGPL
904117,NICORGAS/NGPL EOLA ROAD DU PAGE,0,km,NGPL
904121,NICORGAS/NGPL TOUHY AVE COOK,0,km,NGPL
904829,NICORGAS/NGPL HODGKINS COOK,0,km,NGPL
904881,AMER IL/NGPL HARRISON JACKSON,0,km,NGPL
904137,NICORGAS/NGPL RIDGELAND AVE COOK,0,km,NGPL
904147,NICORGAS/NGPL BURNHAM COOK,0,km,NGPL
904164,PGLC/NGPL 134TH ST COOK,0,km,NGPL
904174,PGLC/NGPL OAKTON STREET COOK,0,km,NGPL
904193,NIPSCO/NGPL 112TH ST COOK,0,km,NGPL
421076,YANK GAS/TGP THOMPSONVILLE NO. 2 BO,0,km,TGP
421077,ELYSIUM/TGP POTASH: DIP 528 2 PLAQU,0,km,TGP
904216,NICORGAS/NGPL JOLIET EDISON SO WILL,0,km,NGPL
70020,"Equitrans - Waynesburg, PA",0,enbridge,TE
904360,PGLC/NGPL CRAWFORD COOK,0,km,NGPL
904373,PGLC/NGPL S.H. BELL COMPANY COOK,0,km,NGPL
904758,ANR/NGPL SOUTH JOLIET #2 WILL,0,km,NGPL
420937,TVA/TGP KEMPER,0,km,TGP
905571,TRANSPET/NGPL HA,0,km,NGPL
906103,PEPL/NGPL MOULTR,0,km,NGPL
906505,COL GULF/NGPL ERATH VERMILION,0,km,NGPL
907610,BRIDGHOL/NGPL VE,0,km,NGPL
421067,CALPINE/TGP HIDA,0,km,TGP
54897,AMERICUS/SNG LEATHERBROOK DELIVERY,0,km,SNG
421083,ENLINK/TGP PORT OF VICTORIA: DIP 8H,0,km,TGP
421085,NEXERGAS/TGP PEDERSON ROAD WALLER,0,km,TGP
421086,E OH GAS/TGP PLEASANT VALLEY TUSCAR,0,km,TGP
904359,PGLC/NGPL REPUBLIC ENG STEEL COOK,0,km,NGPL
420444,UGI UT/TGP TROY PA BRADFORD,0,km,TGP
420666,SE NGAS/TGP BROWN S RUN MORGAN,0,km,TGP
420688,EGTS/TGP LAKEVILLE SALES LIVINGSTON,0,km,TGP
420690,EGTS/TGP NORTH SHELDON SALES WYOMIN,0,km,TGP
420693,SPIREMS/TGP HATTIESBURG SALES FORRE,0,km,TGP
49858,LIBERTYU/TGP PELHAM SALES HILLSBORO,0,km,TGP
53956,NEWALBNY/TGP CITY OF NEW ALBANY MAR,0,km,TGP
420707,OCEAN ST/TGP PRO,0,km,TGP
55152,TGP/KMTEJAS KING RANCH EXCH #2 ROLL,0,km,TGP
55258,NSTAR/TGP SUTTON DELIVERY WORCHESTE,0,km,TGP
55540,HOOKSGAS/TGP PINEWOOD DELIVERY MONT,0,km,TGP
420723,ETP/TGP CARTHAGE GAS UNIT 13 PANOLA,0,km,TGP
420728,E OH GAS/TGP AUGUSTA SALES CARROLL,0,km,TGP
904107,NICORGAS/NGPL AMOCO WILL,0,km,NGPL
421000,ATMOS KY/TGP SIMPSON SIMPSON,0,km,TGP
421059,SESH/TGP PETAL INTERCONNECT: RIP 53,0,km,TGP
421061,MNROE GS/TGP MONROE GAS STORAGE REC,0,km,TGP
904105,NICORGAS/NGPL ROWELL AVE WILL,0,km,NGPL
421012,ANR/TGP GREENVILLE SOUTH RECEIPT WA,0,km,TGP
421014,UGI/TGP WAYMART WAYNE,0,km,TGP
421023,BOSTN/TGP OXFORD SALES WORCHESTER,0,km,TGP
420878,GGUC/TGP RINCON DEHYD STARR,0,km,TGP
421046,STAGEPS/TGP STA 319 OWEGO BRADFORD,0,km,TGP
421056,ACADIAN/TGP INDIAN BAYOU: DIP 510B-,0,km,TGP
904205,NICORGAS/NGPL STEPAN CHEMICAL WILL,0,km,NGPL
904209,NICORGAS/NGPL UPS COOK,0,km,NGPL
904210,NICORGAS/NGPL JOLIET EDISON NO WILL,0,km,NGPL
904106,NICORGAS/NGPL ROSELLE ROAD COOK,0,km,NGPL
420979,TGP/TGP YSCLOSKY OWNERS GAS ST BERN,0,km,TGP
900203,NNG/NGPL MILLS,0,km,NGPL
900421,SNG/NGPL ERATH VERMILION,0,km,NGPL
900545,MOBIL/NGPL LIBER,0,km,NGPL
601400,ACADIAN/SNG SUGAR BOWL #6 ASCENSION,0,km,SNG
604000,ANR/SNG SHADYSIDE SAINT MARY,0,km,SNG
901043,NICORGAS/NGPL MARENGO MC HENRY,0,km,NGPL
901100,ACADIAN/NGPL #1 VERMILION,0,km,NGPL
460011,ELLISBURG INJECTION POTTER,0,km,TGP
460012,EGTS/TGP ELLISBURG INJECTION POTTER,0,km,TGP
606370,EEC/SNG WRENS EEC TO SNG JEFFERSON,0,km,EEC
903411,IPLC/NGPL BEAMAN GRUNDY,0,km,NGPL
903600,AMER IL/NGPL SHEFFIELD BUREAU,0,km,NGPL
903933,ENBRIDGE/NGPL BRYANS MILL FUEL CASS,0,km,NGPL
460004,EGTS/TGP HARRISON INJECTION POTTER,0,km,TGP
605200,SABPL/SNG SABINE VERMILION,0,km,SNG
605600,FGT/SNG FRANKLINTON WEST WASHINGTON,0,km,SNG
606100,ETNG/SNG WHITFIELD WHITFIELD,0,km,SNG
606380,EEC/SNG WRENS SNG TO EEC JEFFERSON,0,km,SNG
732200,VICKSBRG/SNG WAR,0,km,SNG
659900,SPIREAL/SNG DEMOPOLIS AREA MARENGO,0,km,SNG
660060,SLNG/SNG TO DCGT CHATHAM,0,km,SNG
660700,ELC/EEC EEC TO ELC CHATHAM,0,km,SNG
725300,ATMOS-MS/SNG DEER CREEK NATURAL GAS,0,km,SNG
726000,ATMOS-MS/SNG YAZ,0,km,SNG
727300,ATMOS-MS/SNG BENTON YAZOO,0,km,SNG
900187,LIBERTY/NGPL DONIPHAN BUTLER,0,km,NGPL
900188,LIBERTY/NGPL NEELYVILLE BUTLER,0,km,NGPL
900189,MARIETTA/NGPL MARIETTA CASS,0,km,NGPL
605150,BBTMISS/SNG SILVER CREEK JEFFERSON,0,km,SNG
600053,CALERA/SNG CALERA #1 SHELBY,0,km,SNG
600054,CALERA/SNG CALERA #2 SHELBY,0,km,SNG
938200,SO CO/EEC PLANT MCINTOSH EFFINGHAM,0,km,EEC
938510,TRNSCO/EEC Z4 HART,0,km,EEC
938610,TRNSCO/EEC Z5 ANDERSON,0,km,EEC
938860,EEC/SNG BLENDING CHATHAM,0,km,EEC
49433,BBT ALTN/SNG ALATENN LIMESTONE,0,km,SNG
56544,SEAGD/SNG SOUTHEAST AL GAS #4 MACON,0,km,SNG
405367,TGP/SNG BEAR CREEK INJECTION BIENVI,0,km,SNG
420294,TGP/SNG PUGH MISSISSIPPI EXCH LOWND,0,km,SNG
420546,TGP/SNG ROSE HILL MISS CLARKE,0,km,SNG
420556,TGP/SNG TOCA EXCHANGE ST BERNARD,0,km,SNG
904122,NICORGAS/NGPL SUMMIT AVE COOK,0,km,NGPL
900190,NGT/NGPL DOUGLASSVILLE CASS,0,km,NGPL
904135,NICORGAS/NGPL 170TH ST COOK,0,km,NGPL
600056,WILTON/SNG SHELB,0,km,SNG
600063,LUPEACH/SNG COLUMBUS #3 HARRIS,0,km,SNG
900548,TRUNKLNE/NGPL LAKESIDE CAMERON,0,km,NGPL
900549,TEX GAS/NGPL LOWRY CAMERON,0,km,NGPL
900553,TGP/NGPL CHALKLEY CAMERON,0,km,NGPL
600069,AGL/SNG FARM TAPS GORDON,0,km,SNG
600076,SPIREAL/SNG PHENIX CITY AREA RUSSEL,0,km,SNG
900184,AMUE/NGPL LUTESVILLE BOLLINGER,0,km,NGPL
900185,LIBERTY/NGPL PUXICO STODDARD,0,km,NGPL
900186,AMUE/NGPL FISK BUTLER,0,km,NGPL
903179,IPLC/NGPL AMANA POWESHIEK,0,km,NGPL
903180,IPLC/NGPL TAMA,0,km,NGPL
903366,SWT LAKE/NGPL CA,0,km,NGPL
904125,NICORGAS/NGPL PARK FOREST COOK,0,km,NGPL
80145,IRR. TX - GAIL MORTON & SON,0,et,TGC
80152,IRR. TX - GOFF FARMS,0,et,TGC
80256,TENNESSEE @ CENTERVILLE,0,et,TGC
80443,IRR. TX - GOFF FARMS #2,0,et,TGC
44396,TET/KMLP EVANGEL,0,km,KMLP
4102,NICORGAS/NGPL MOUND ROAD WILL,0,km,NGPL
4103,NICORGAS/NGPL CICERO AVE COOK,0,km,NGPL
4109,NICORGAS/NGPL WEBER ROAD WILL,0,km,NGPL
80734,LAKE CHARLES INTERCONNECT - CENTERPOINT ENERGY RESOURCES,0,et,TGC
3352,ETP/NGPL BECKVILLE PANOLA,0,km,NGPL
4132,NICORGAS/NGPL LAWNDALE AVE COOK,0,km,NGPL
4134,NICORGAS/NGPL CALDWELL AVE COOK,0,km,NGPL
4142,NICORGAS/NGPL SKOKIE RD COOK,0,km,NGPL
420658,MMWEC/TGP PEABODY SALES ESSEX,0,km,TGP
3886,BANHUB/NGPL BANQUETE HUB BI-DI,0,km,NGPL
3950,MIDAMER/NGPL DES MOINES WARREN,0,km,NGPL
49756,NFG/TGP COLDEN INTERCONNECT ERIE,0,km,TGP
49780,GULFSTH/TGP WORTHY ROAD SOUTH OUACH,0,km,TGP
420730,NFG/TGP CRANBERRY SMS VENANGO,0,km,TGP
420731,SELKIRK/TGP SELKIRK SMS ALBANY,0,km,TGP
420732,POA/TGP SYRACUSE COGEN SALES ONONDA,0,km,TGP
53981,COLUMBIA/TGP CAREY DELIVERY COLUMBI,0,km,TGP
54106,RH ET/TGP HARVEY ROAD CRAWFORD,0,km,TGP
54379,KY FRESH/TGP KENTUCKY FRESH LINCOLN,0,km,TGP
54402,NEXERGAS/TGP ADOLPH ROAD IBERIA,0,km,TGP
420611,BOSTN/TGP ACTON SALES MIDDLESEX,0,km,TGP
420615,MTNEER/TGP ST ALBAN SALES KANAWHA,0,km,TGP
3857,PGLC/NGPL MANLOVE PIATT,0,km,NGPL
47643,CHENIERE FUEL GAS DEL CAMERON,0,km,KMLP
17,NICORGAS/NGPL FRANKLIN GROVE LEE,0,km,NGPL
20,NICORGAS/NGPL HARMON LEE,0,km,NGPL
27,NICORGAS/NGPL NORWAY LA SALLE,0,km,NGPL
34,AMER IL/NGPL HENNEPIN BUREAU,0,km,NGPL
55,MIDAMER/NGPL ILL CITY ROCK ISLAND,0,km,NGPL
56,NICORGAS/NGPL RO,0,km,NGPL
58,MIDAMER/NGPL W LIBERTY MUSCATINE,0,km,NGPL
66,MIDAMER/NGPL CEDR RAP#2 WASHINGTON,0,km,NGPL
68,IPLC/NGPL WASHINGTON WASHINGTON,0,km,NGPL
420066,EGTS/TGP AUGUSTA OH CARROLL,0,km,TGP
82862,TRUNKLINE DELIVERY TO TARGA MIDSTREAM SERVICES @ ACADIA,0,et,TGC
80482,LNG AT LAKE CHARLES - TGC,0,et,TGC
420159,COKINOS/TGP MCCOLLOCH SPENCER FARM,0,km,TGP
GSLNG,LNG-GULF SOUTH NOM AT LINCOLN ROAD (MIRRORS 83091),0,et,LCLNG
810066,Cadeville GR,0,et,GR
44389,TRUNKLNE/KMLP JE,0,km,KMLP
822000,ETC HPL to GR,0,et,GR
44378,FGT/KMLP ACADIA,0,km,KMLP
822090,Arcadia GR,0,et,GR
44337,SABPL/KMLP CALCA,0,km,KMLP
157,AMER IL/NGPL WINDSOR SHELBY,0,km,NGPL
44405,NGPL/KMLP,0,km,KMLP
420076,NFG/TGP HAMBURG NY ERIE,0,km,TGP
420078,EQUITRNS/TGP PITTSBURGH TERMINAL PA,0,km,TGP
420108,BOSTN/TGP SOUTHBRIDGE MA WORCHESTER,0,km,TGP
420110,BOSTN/TGP CLINTON MA WORCHESTER,0,km,TGP
420111,BOSTN/TGP LEOMINSTER MA WORCHESTER,0,km,TGP
4166,PGLC/NGPL O'HARE #2 COOK,0,km,NGPL
420857,NYSEG/TGP CARLISLE SALES SCHOHARIE,0,km,TGP
48850,E OH GAS/TGP HOLMES TUSCARAWAS,0,km,TGP
49042,CP-UGC/TGP MOSSY OAKS DELIVERY HARR,0,km,TGP
420882,FLORENC/TGP FLORENCE SALES LAUDERDA,0,km,TGP
420885,NATGASKY/TGP UDP ALLEN CNTY SALES A,0,km,TGP
420902,RANGEAPP/TGP CRAWFORD SALES CRAWFOR,0,km,TGP
420911,ATMOS-MS/TGP GREENVILLE DELIVERY WA,0,km,TGP
44521,TGP/KMTP SHEPHERD SAN JACINTO,0,km,TGP
420751,EVRSRC/TGP MONSON SALES HAMPDEN,0,km,TGP
420753,SPIR TEN/TGP GREEN LUMBER CO. STATI,0,km,TGP
49274,CRANBERY/TGP BEECHFORK DELIVERY WAY,0,km,TGP
420895,DELTA NG/TGP MADISON CNTY MADISON,0,km,TGP
420897,NYSEG/TGP RICHFIELD SPRINGS HERKIME,0,km,TGP
420617,EGTS/TGP HOPEWELL SALES ONTARIO,0,km,TGP
421007,NSTAR/TGP MARLBOROUGH MIDDLESEX,0,km,TGP
420918,NIAGMOH/TGP SOUTH ALBANY ALBANY,0,km,TGP
420920,XH/TGP NEBO HEMPHILL GAS PLANT LA S,0,km,TGP
420924,RIVERSID/TGP LAWERENCE BOYD,0,km,TGP
420930,FGT/TGP CARNES COMPRESSOR STONE,0,km,TGP
420935,BOSTN/TGP DANVERS ESSEX,0,km,TGP
421034,ANR/TGP RAPIDES RAPIDES,0,km,TGP
421035,NSTAR/TGP ROUTE 9 FRAMINGHAM MIDDLE,0,km,TGP
420946,MOREHEAD/TGP CITY OF MOREHEAD ROWAN,0,km,TGP
420949,BOSTN/TGP LUNENBERG WORCHESTER,0,km,TGP
420961,TARGA/TGP YSCLOSKEY STRANGERS GAS,0,km,TGP
420632,LIBERTYU/TGP LONDONDERRY SALES ROCK,0,km,TGP
420636,HESS/TGP BELDEN AND BLAKE SALES CAR,0,km,TGP
420644,NYSEG/TGP PRATTSBURG SALES STEUBEN,0,km,TGP
420901,BERKPWR/TGP BERKSHIRE POWER SALES H,0,km,TGP
55544,BBT ALTN/TGP BARTON TVA DELIVERY CO,0,km,TGP
55785,RHOBIO/TGP SCITUATE RNG BUY BACK PR,0,km,TGP
56495,ATMOS TL/TGP YSCLOSKEY DEL ST BERNA,0,km,TGP
420794,KY UTIL/TGP E W BROWN GARRARD,0,km,TGP
420733,DELTA NG/TGP DELTA KINDER HILDA SAL,0,km,TGP
420746,NYSEG/TGP WALLACE SALES STEUBEN,0,km,TGP
420747,BERKSHR/TGP BOUSQUET SMS BERKSHIRE,0,km,TGP
420749,CRANBERY/TGP CRANBERRY SALES KANAWH,0,km,TGP
420811,VISTARES/TGP DEER CREEK SALES MERCE,0,km,TGP
420813,DELTA NG/TGP WEST BEND POWELL,0,km,TGP
420814,NYSEG/TGP CANAAN SALES COLUMBIA,0,km,TGP
420767,NFG/TGP CAMP PERRY SALES MERCER,0,km,TGP
420771,SOMERSET/TGP SOMERSET SALES CASEY,0,km,TGP
420855,CORINTH/TGP CORINTH 3 ALCORN,0,km,TGP
420797,GULFSTH/TGP PETAL STORAGE FIELD FOR,0,km,TGP
420801,MILL PL/TGP GREENWOOD STEUBEN,0,km,TGP
420802,KIMBERLY/TGP KIMBERLY CLARK SMS ALC,0,km,TGP
420808,BOSTN/TGP CAMP CURTIS ESSEX,0,km,TGP
420810,NATGASKY/TGP UDP METCALFE SALES MET,0,km,TGP
420717,PITTCORN/TGP PITTSBURGH CORNING SAL,0,km,TGP
420722,GRANSTGT/TGP SALEM SALES ROCKINGHAM,0,km,TGP
420816,NRGBM/TGP BETHLEHEM SALES ALBANY,0,km,TGP
420822,EGAN HUB/TGP EGAN GAS STORAGE ACADI,0,km,TGP
908131,MONTEZUM/NGPL BARNES CTY MAHASKA,0,km,NGPL
908197,ENSTOR/NGPL KATY FORT BEND,0,km,NGPL
909294,WISC ELE/NGPL CDP,0,km,NGPL
420851,NATGASKY/TGP UDP GLASS SALES BARREN,0,km,TGP
420852,MIDWSTRN/TGP MGT SMS SUMNER,0,km,TGP
420846,SPIR TEN/TGP ASHLAND CITY SALES 2,0,km,TGP
900104,IPLC/NGPL GREENFIELD ADAIR,0,km,NGPL
900089,MIDAMER/NGPL MELCHER MARION,0,km,NGPL
900090,MIDAMER/NGPL PLEASANTVILLE MARION,0,km,NGPL
900091,IPLC/NGPL CHARITON WARREN,0,km,NGPL
900092,MIDAMER/NGPL MILO WARREN,0,km,NGPL
900093,MIDAMER/NGPL INDIANOLA WARREN,0,km,NGPL
900097,IPLC/NGPL TRURO MADISON,0,km,NGPL
900098,MIDAMER/NGPL WINTERSET MADISON,0,km,NGPL
900099,IPLC/NGPL MADISO,0,km,NGPL
900101,IPLC/NGPL SW FEDERATED UNION,0,km,NGPL
900102,IPLC/NGPL CRESTON UNION,0,km,NGPL
938610,TRNSCO/EEC Z5 ANDERSON,0,km,SNG
938800,CARGAS/EEC PORT WENTWORTH CHATHAM,0,km,SNG
790300,ETNG/SNG CLEVELAND #1 BRADLEY,0,km,SNG
900106,BHSC/NGPL MASSENA ADAMS,0,km,NGPL
960360,THMASVIL/SNG THO,0,km,SNG
70043,"Union Electric - Dexter, MO",0,enbridge,TE
70056,Columbia Gas of PA. - (Uniontown),0,enbridge,TE
70061,"Atmos Energy Corporation - Scott Co, MO",0,enbridge,TE
960450,GA PAC/SNG EARLY,0,km,SNG
960511,PKG CORP/SNG PACKAGING CORP #2 LOWN,0,km,SNG
960520,THMASVIL/SNG THOMASVILLE # 2 METER,0,km,SNG
900086,MIDAMER/NGPL HARVEY MARION,0,km,NGPL
900087,MIDAMER/NGPL ATTICA MARION,0,km,NGPL
900088,IPLC/NGPL KNOXVILLE MARION,0,km,NGPL
44411,BRIDGHOL/KMLP JOHNSONS BAYOU,0,km,KMLP
70039,"United Cities - Harrisburg, IL",0,enbridge,TE
940011,SPIREAL/SNG OPELIKA AREA LEE,0,km,SNG
915000,WARN ROB/SNG JOINTLY OWNED BOARD #1,0,km,SNG
900143,NICORGAS/NGPL ANCHOR MC LEAN,0,km,NGPL
900144,NICORGAS/NGPL SAYBROOK MC LEAN,0,km,NGPL
900145,NICORGAS/NGPL BELLFLOWER MC LEAN,0,km,NGPL
900147,AMER IL/NGPL MANSFIELD PIATT,0,km,NGPL
937100,AGL/SNG SOUTH THOMASTON UPSON,0,km,SNG
938000,SLNG/EEC CHATHAM,0,km,SNG
938200,SO CO/EEC PLANT MCINTOSH EFFINGHAM,0,km,SNG
938300,OGLETHRP/EEC PLANT EFFINGHAM,0,km,SNG
938510,TRNSCO/EEC Z4 HART,0,km,SNG
960090,CAMILLA/SNG MITC,0,km,SNG
940023,SPIREAL/SNG SELMA AREA DALLAS,0,km,SNG
940024,SPIREAL/SNG TUSKEGEE AREA MACON,0,km,SNG
900103,MIDAMER/NGPL AFTON UNION,0,km,NGPL
900079,MONTEZUM/NGPL MONTEZUMA MAHASKA,0,km,NGPL
900080,MIDAMER/NGPL NEW SHARON MAHASKA,0,km,NGPL
960091,CAMILLA/SNG CAMILLA #2 MITCHELL,0,km,SNG
900075,IPLC/NGPL HARPER KEOKUK,0,km,NGPL
900076,IPLC/NGPL SIGOURNEY KEOKUK,0,km,NGPL
900077,IPLC/NGPL WHAT CHEER KEOKUK,0,km,NGPL
900094,MIDAMER/NGPL MARTENSDALE WARREN,0,km,NGPL
900095,IPLC/NGPL OSCEOLA WARREN,0,km,NGPL
900096,MIDAMER/NGPL ST CHARLES MADISON,0,km,NGPL
900081,MIDAMER/NGPL OTTUMWA #1 MAHASKA,0,km,NGPL
900082,MIDAMER/NGPL OSKALOOSA MAHASKA,0,km,NGPL
900083,MIDAMER/NGPL LEIGHTON MAHASKA,0,km,NGPL
900084,IPLC/NGPL PELLA MAHASKA,0,km,NGPL
900085,MIDAMER/NGPL TRACY MARION,0,km,NGPL
900078,MIDAMER/NGPL OTTUMWA #2 MAHASKA,0,km,NGPL
70110,"Assoc Nat Gas - Piggott, AR",0,enbridge,TE
70244,"Transco - Linden, NJ - DEL",0,enbridge,TE
70266,"UGI CENTRAL - Huntingdon Gas - Huntingdon, PA",0,enbridge,TE
900036,AMER IL/NGPL HOLLOWAYVILLE BUREAU,0,km,NGPL
900037,AMER IL/NGPL DOVER BUREAU,0,km,NGPL
900038,NICORGAS/NGPL PRINCETON BUREAU,0,km,NGPL
900039,AMER IL/NGPL WYANET BUREAU,0,km,NGPL
900040,AMER IL/NGPL MANLIUS BUREAU,0,km,NGPL
900062,IPLC/NGPL LETTS MUSCATINE,0,km,NGPL
900063,IPLC/NGPL CONESVILLE MUSCATINE,0,km,NGPL
900064,IPLC/NGPL COLUMBUS JCT MUSCATINE,0,km,NGPL
900045,NICORGAS/NGPL SOUTH GENESEO HENRY,0,km,NGPL
900046,MIDAMER/NGPL MOLINE #4 HENRY,0,km,NGPL
70066,"Parkway Generation - Sewaren, NJ",0,enbridge,TE
900048,MIDAMER/NGPL MOLINE #1 ROCK ISLAND,0,km,NGPL
900049,MIDAMER/NGPL MOLINE #2 ROCK ISLAND,0,km,NGPL
900073,IPLC/NGPL KEOTA KEOKUK,0,km,NGPL
900074,IPLC/NGPL ENGLISH KEOKUK,0,km,NGPL
900053,MIDAMER/NGPL DAVENPORT SCOTT,0,km,NGPL
900054,MIDAMER/NGPL EDGINGTON ROCK ISLAND,0,km,NGPL
900057,IPLC/NGPL MUSCATINE#3 MUSCATINE,0,km,NGPL
900060,IPLC/NGPL MUSCATINE#1 MUSCATINE,0,km,NGPL
900061,IPLC/NGPL MUSCATINE#2 MUSCATINE,0,km,NGPL
70336,"Union Elec. - Bloomfield, MO",0,enbridge,TE
70396,"United Cities - Franklin, TN",0,enbridge,TE
70397,"Smyrna, TN",0,enbridge,TE
900065,IPLC/NGPL AINSWORTH WASHINGTON,0,km,NGPL
900067,MIDAMER/NGPL CEDR RAP#1 WASHINGTON,0,km,NGPL
900047,MIDAMER/NGPL MOLINE #3 HENRY,0,km,NGPL
70090,"Somerset Gas - Casey Co., KY",0,enbridge,TE
70297,ATMOS ENERGY - ETHEL - ATTALA CO. MS,0,enbridge,TE
70298,"Mississippi Valley - McCool, MS",0,enbridge,TE
420309,SPIR TEN/TGP ASHLAND TN CHEATHAM,0,km,TGP
420362,UTILMGMT/TGP PONTOTOC MS UNION,0,km,TGP
420366,FGT/TGP CARNES MISSISSIPPI STONE,0,km,TGP
420323,BOSTN/TGP ESSEX MA ESSEX,0,km,TGP
420326,NFG/TGP PEKIN NEW YORK NIAGARA,0,km,TGP
420329,COKINOS/TGP HOLLINS FARM LA JEFFERS,0,km,TGP
420212,DELTA NG/TGP SALT LICK KY BATH,0,km,TGP
420214,EGTS/TGP BROOKVIEW NY RENSSELAER,0,km,TGP
420341,BOSTN/TGP BURLINGTON MA MIDDLESEX,0,km,TGP
420343,BOSTN/TGP LYNN FIELD MA ESSEX,0,km,TGP
900044,AMER IL/NGPL ATKINSON HENRY,0,km,NGPL
420345,EGTS/TGP GILMORE OH TUSCARAWAS,0,km,TGP
420346,COKINOS/TGP HEBERT FARM LA JEFFERSO,0,km,TGP
400480,COL GAS/TGP BRINKER OH COLUMBIANA,0,km,TGP
401464,CPTENTEX/TGP BALLARD LAWRENCE,0,km,TGP
420385,PEOPLES/TGP PITTSBURG TERMINAL PA A,0,km,TGP
420388,PROVNCAL/TGP PROVENCAL LA NATCHITOC,0,km,TGP
412013,ENTRPRSE/TGP SABINE RIVER TRANS NEW,0,km,TGP
412036,REGENCY/TGP BEAR CREEK TRANSPORT BI,0,km,TGP
412271,KTY STTR/TGP KATY INTERCONNECT WALL,0,km,TGP
420409,CRANBERY/TGP INSTITUTE WV KANAWHA,0,km,TGP
400459,COL GAS/TGP BROAD RUN COBB WV KANAW,0,km,TGP
70102,"Unit Cities - Murfreesboro, TN",0,enbridge,TE
900042,AMER IL/NGPL MINERAL BUREAU,0,km,NGPL
900043,AMER IL/NGPL KEWANEE HENRY,0,km,NGPL
420344,CON ED/TGP RYE NY WESTCHESTER,0,km,TGP
420496,NFG/TGP SHARON PA MERCER,0,km,TGP
420497,NFG/TGP CLARENCE NY ERIE,0,km,TGP
420502,EGTS/TGP MARILLA NY ERIE,0,km,TGP
420506,ATMOS-MS/TGP HOLCOMB MS GRENADA,0,km,TGP
420638,BERKSHR/TGP WEST PITTSFIELD SALES B,0,km,TGP
420642,NYSEG/TGP RUSHVILLE SALES YATES,0,km,TGP
420556,TGP/SNG TOCA EXCHANGE ST BERNARD,0,km,TGP
420572,BOSTN/TGP DRACUT MA MIDDLESEX,0,km,TGP
420581,BDWKLAGT/TGP BECKWITH CREEK CALCASI,0,km,TGP
420600,SPIR TEN/TGP WHITE HOUSE TN SALES R,0,km,TGP
420610,SPIR TEN/TGP FAIRVIEW TN DICKSON,0,km,TGP
420662,UTILMGMT/TGP PONTOTOC MS SALES 2 L,0,km,TGP
420663,PORTLAND/TGP PORTLAND SALES 2 ROBE,0,km,TGP
900139,NICORGAS/NGPL SAUNEMIN LIVINGSTON,0,km,NGPL
420631,EVRSRC/TGP BROCKTON SALES WORCHESTE,0,km,TGP
900166,AMER IL/NGPL PATOKA MARION,0,km,NGPL
900168,AMER IL/NGPL SHATTUC CLINTON,0,km,NGPL
808500,CAMPHILL/SNG TAL,0,km,SNG
900173,AMER IL/NGPL DUBOIS WASHINGTON,0,km,NGPL
900174,AMER IL/NGPL TAMAROA PERRY,0,km,NGPL
900176,AMER IL/NGPL VERGENNES JACKSON,0,km,NGPL
900177,AMER IL/NGPL STEELEVILLE JACKSON,0,km,NGPL
740800,ATMOS-MS/SNG SMI,0,km,SNG
900182,LIBERTY/NGPL OAKRDG CAPE GIRARDEAU,0,km,NGPL
900183,LIBERTY/NGPL JACKSN CAPE GIRARDEAU,0,km,NGPL
825400,MARSHALL/SNG MARSHALL COUNTY #1 ETO,0,km,SNG
832300,SPIREAL/SNG LIME SHELBY,0,km,SNG
811400,WALTDISC/SNG PLANT SMITH LEE,0,km,SNG
420627,MTNEER/TGP CABELL TRANSPORT CABELL,0,km,TGP
741300,DENHM SP/SNG DENHAM SPRINGS LIVINGS,0,km,SNG
744700,SO CO/SNG SWEATT- MISS LAUDERDALE,0,km,SNG
746400,ATMOS-MS/SNG FARM TAPS WINSTON,0,km,SNG
900150,AMER IL/NGPL BEMENT PIATT,0,km,NGPL
900151,AMER IL/NGPL CERRO GORDO PIATT,0,km,NGPL
900152,AMER IL/NGPL HAMMOND PIATT,0,km,NGPL
780600,DESOUTHC/SNG BATH AIKEN,0,km,SNG
780800,DESOUTHC/SNG DEL WEBB TAP JASPER,0,km,SNG
781600,DESOUTHC/SNG GRANITEVILLE AIKEN,0,km,SNG
606610,SESH/SNG JEFFERS,0,km,SNG
607000,BOARDWST/SNG PETROLOGISTICS IBERVIL,0,km,SNG
800200,YORK/SNG SUMTER,0,km,SNG
900149,AMER IL/NGPL MONTICELLO PIATT,0,km,NGPL
420493,COKINOS/TGP MALLETT FARM LA JEFFERS,0,km,TGP
900171,AMER IL/NGPL HOYLETON WASHINGTON,0,km,NGPL
900153,AMER IL/NGPL LOVINGTON MOULTRIE,0,km,NGPL
900158,AMER IL/NGPL STRASBURG SHELBY,0,km,NGPL
900159,LIBERTY/NGPL COWDEN SHELBY,0,km,NGPL
900178,AMER IL/NGPL GORHAM JACKSON,0,km,NGPL
900163,AMER IL/NGPL EDGEWOOD FAYETTE,0,km,NGPL
900164,LIBERTY/NGPL ST PETER FAYETTE,0,km,NGPL
900165,LIBERTY/NGPL KINMUNDY FAYETTE,0,km,NGPL
420449,COL GAS/TGP HIGHLAND PA ELK,0,km,TGP
420451,LIBERTYU/TGP SUNCOOK NH MERRIMACK,0,km,TGP
420516,PSEG/TGP RINGWOOD NJ PASSAIC,0,km,TGP
420532,BOSTN/TGP WILMINGTON MA MIDDLESEX,0,km,TGP
420477,CON ED/TGP KNOLLWOOD NY WESTCHESTER,0,km,TGP
420389,BOSTN/TGP WEST PEABODY MA ESSEX,0,km,TGP
900170,AMER IL/NGPL CENTRALIA CLINTON,0,km,NGPL
401482,CPTENTEX/TGP HUDSON CHICKEN FARM LA,0,km,TGP
411159,ENTRPRSE/TGP KATY DEHY TRANS WALLER,0,km,TGP
411306,ENTRPRSE/TGP AGUA DULCE NUECES,0,km,TGP
412002,ANR/TGP CHALKLEY TRANSPORT JEFFERSO,0,km,TGP
420280,SPIR TEN/TGP GREENBRIER SALES ROBER,0,km,TGP
420282,NEWALBNY/TGP COTTON PLANT MS UNION,0,km,TGP
412352,EGT/TGP GUTHRIE EXCHANGE OUACHITA,0,km,TGP
412398,JEFFSTOR/TGP JEFFERSON ISLAND IBERI,0,km,TGP
412538,MARITIME/TGP DRACUT MIDDLESEX,0,km,TGP
412684,ANR/TGP SHADYSIDE ST MARY,0,km,TGP
412737,CAM IPL/TGP DE QUINCY GAS STORAGE C,0,km,TGP
420453,CONN NG/TGP NORTH BLOOMFIELD CT HAR,0,km,TGP
420466,COKINOS/TGP HOLT FARM TX WHARTON,0,km,TGP
843200,SO CO/SNG PLANT GADSDEN - ALA POWER,0,km,SNG
420430,DELTA NG/TGP JEFFERSONVILLE KY MONT,0,km,TGP
420431,NEXERGAS/TGP FLORENCE AL LAUDERDALE,0,km,TGP
420436,VERNON/TGP PITKIN LA VERNON,0,km,TGP
420487,CONN NG/TGP FARMINGTON CT HARTFORD,0,km,TGP
420490,CONN NG/TGP WEST PORT CT FAIRFIELD,0,km,TGP
420445,ATMOS KY/TGP HUSTONVILLE KY LINCOLN,0,km,TGP
900130,NIPSCO/NGPL NORTH HAYDEN KANKAKEE,0,km,NGPL
900131,NICORGAS/NGPL MANTENO KANKAKEE,0,km,NGPL
936400,IPC/SNG SAVANNAH CHATHAM,0,km,SNG
936700,OGLETHRP/SNG EFF,0,km,SNG
900135,NICORGAS/NGPL GOOSE LAKE GRUNDY,0,km,NGPL
900136,NICORGAS/NGPL SOUTH MORRIS GRUNDY,0,km,NGPL
900137,NICORGAS/NGPL MAZON GRUNDY,0,km,NGPL
900138,NICORGAS/NGPL DWIGHT LIVINGSTON,0,km,NGPL
420473,TRUNKLNE/TGP KINDER LA EXCH JEFFERS,0,km,TGP
843400,DEKALB-C/SNG DEKALB-CHEROKEE #1 ETO,0,km,SNG
900160,LIBERTY/NGPL BEECHER CITY EFFINGHAM,0,km,NGPL
900161,LIBERTY/NGPL ST ELMO EFFINGHAM,0,km,NGPL
900162,LIBERTY/NGPL VANDALIA FAYETTE,0,km,NGPL
847900,SPIREAL/SNG FARM TAPS LEE,0,km,SNG
910900,AUSTELL/SNG AUSTELL #3 COBB,0,km,SNG
914400,LUPEACH/SNG TALB,0,km,SNG
930100,WASH CTY/SNG WASHINGTON TIGER CREEK,0,km,SNG
930300,AL SANDE/SNG PLANT SANDERSVILLE WAS,0,km,SNG
915004,MSTE CO/SNG BYRON BIBB,0,km,SNG
915200,WARN ROB/SNG JOINTLY OWNED BOARD #2,0,km,SNG
900109,IPLC/NGPL CLARINDA MONTGOMERY,0,km,NGPL
900110,MIDAMER/NGPL ELLIOTT MONTGOMERY,0,km,NGPL
420425,CONN NG/TGP MILFORD CT NEW HAVEN,0,km,TGP
931300,WRENS/SNG WRENS #2 JEFFERSON,0,km,SNG
900132,NICORGAS/NGPL CABERY KANKAKEE,0,km,NGPL
900133,NICORGAS/NGPL MINOOKA WILL,0,km,NGPL
900134,NICORGAS/NGPL DES PLAINES CHEM GRUN,0,km,NGPL
900112,MIDAMER/NGPL EMERSON MILLS,0,km,NGPL
900116,BHSC/NGPL MURRAY CASS,0,km,NGPL
900117,BHSC/NGPL AVOCA CASS,0,km,NGPL
900119,NEB CITY/NGPL UNADILLA OTOE,0,km,NGPL
900121,BHSC/NGPL AGENDA REPUBLIC,0,km,NGPL
900140,NICORGAS/NGPL PONTIAC LIVINGSTON,0,km,NGPL
900141,NICORGAS/NGPL FAIRBURY LIVINGSTON,0,km,NGPL
900142,NICORGAS/NGPL CROPSEY MC LEAN,0,km,NGPL
900125,BHSC/NGPL OFFERLE EDWARDS,0,km,NGPL
400460,TEX GAS/TGP MITCHELLVILLE TN SUMNER,0,km,TGP
900111,MIDAMER/NGPL RED OAK MONTGOMERY,0,km,NGPL
72770,PEPL/TETCO (LEBANON LATERAL-TETCO CAPACITY),-116,enbridge,TE
72903,ANR - Glen Karn - (72903),-332,enbridge,TE
73581,"REX Lebanon (REC), Warren Co., OH",-15782,enbridge,TE
