Date,Volume (m3),Flowback (m3)
15/10/2018,2,0
16/10/2018,162.8,0
17/10/2018,316.9,47.2
18/10/2018,393.8,94.9
19/10/2018,33.9,22.5
20/10/2018,224,0
21/10/2018,0,0
22/10/2018,384.8,37
23/10/2018,128.9,2.6
24/10/2018,10.5,0.2
25/10/2018,351,37.6
26/10/2018,157.5,21.8
27/10/2018,111.7,29.7
28/10/2018,0,0
29/10/2018,119.1,8.5
30/10/2018,31,0
31/10/2018,25.6,0
01/11/2018,7.3,32.8
02/11/2018,15,0
03/11/2018,14.3,0
04/11/2018,0,0
05/11/2018,0,0
06/11/2018,0,0
07/11/2018,0,0
08/11/2018,0,0
09/11/2018,0,0
10/11/2018,0,0
11/11/2018,0,0
12/11/2018,0,0
13/11/2018,0,0
14/11/2018,0,0
15/11/2018,0,0
16/11/2018,8.8,0
17/11/2018,9.9,0
18/11/2018,0,0
19/11/2018,0,0
20/11/2018,0,0
21/11/2018,0,0
22/11/2018,0,0
23/11/2018,0,0
24/11/2018,0,0
25/11/2018,0,0
26/11/2018,0,0
27/11/2018,0,9
28/11/2018,7,49.9
29/11/2018,0,41.5
30/11/2018,0,22.6
01/12/2018,0,0
02/12/2018,0,0
03/12/2018,0,38.4
04/12/2018,0,56.3
05/12/2018,0,63.5
06/12/2018,0,50.8
07/12/2018,0,14.6
08/12/2018,78.4,1.8
09/12/2018,1,4.9
10/12/2018,99.5,41.9
11/12/2018,269.7,61
12/12/2018,0,30
13/12/2018,262.8,46.2
14/12/2018,250,60
15/12/2018,20,0
16/12/2018,0,0
17/12/2018,431,62
18/12/2018,0,49
19/12/2018,0,40
20/12/2018,0,0
21/12/2018,0,0
22/12/2018,0,0
23/12/2018,0,26
24/12/2018,0,20.9
25/12/2018,0,32
26/12/2018,0,10.2
27/12/2018,0,20
28/12/2018,0,9.7
29/12/2018,0,0
30/12/2018,0,0
31/12/2018,0,22.7
01/01/2019,0,17.7
02/01/2019,0,13.6
03/01/2019,0,11.3
04/01/2019,0,10
05/01/2019,0,58
06/01/2019,0,53
07/01/2019,0,38
08/01/2019,0,90
09/01/2019,0,74
10/01/2019,0,74
11/01/2019,0,69
12/01/2019,0,71
13/01/2019,0,73
14/01/2019,0,67
15/01/2019,0,1.3
16/01/2019,0,38
17/01/2019,0,63
18/01/2019,0,54
19/01/2019,0,51
20/01/2019,0,47
21/01/2019,0,14
22/01/2019,0,0
23/01/2019,0,0
24/01/2019,0,0
25/01/2019,0,0
26/01/2019,0,0
27/01/2019,0,0
28/01/2019,0,0
