Previous,New
https://data.ogauthority.co.uk/arcgis/rest/services/OGA_Adhoc/NDR_Seismic_ED50,https://data.nstauthority.co.uk/arcgis/rest/services/Adhoc/NDR_Seismic_ED50
https://data.ogauthority.co.uk/arcgis/rest/services/OGA_Adhoc/OGA_EA_Wells,https://data.nstauthority.co.uk/arcgis/rest/services/Adhoc/UKCS_EA_Wells
https://data.ogauthority.co.uk/arcgis/rest/services/OGA_Adhoc/OGA_GasStorageCCSLicences,https://data.nstauthority.co.uk/arcgis/rest/services/Adhoc/UKCS_GasStorageCCSLicences
https://data.ogauthority.co.uk/arcgis/rest/services/OGA_Adhoc/OGA_Licence_Timeline_ED50,https://data.nstauthority.co.uk/arcgis/rest/services/Adhoc/UKCS_Licence_Timeline_ED50
https://data.ogauthority.co.uk/arcgis/rest/services/OGA_Adhoc/OGA_NDR_WONS_BHL_Check,https://data.nstauthority.co.uk/arcgis/rest/services/Adhoc/UKCS_NDR_WONS_BHL_Check
https://data.ogauthority.co.uk/arcgis/rest/services/OGA_Adhoc/OGA_Petrel_Test_Service,https://data.nstauthority.co.uk/arcgis/rest/services/Adhoc/UKCS_Petrel_Test_Service
https://data.ogauthority.co.uk/arcgis/rest/services/OGA_Adhoc/OGA_Pressure_Cells_CNS_ED50,https://data.nstauthority.co.uk/arcgis/rest/services/Adhoc/UKCS_Pressure_Cells_CNS_ED50
https://data.ogauthority.co.uk/arcgis/rest/services/OGA_Adhoc/OGA_Relinquished_Block_Frequency_ED50,https://data.nstauthority.co.uk/arcgis/rest/services/Adhoc/UKCS_Relinquished_Block_Frequency_ED50
https://data.ogauthority.co.uk/arcgis/rest/services/OGA_Adhoc/OGA_Suspended_Wells_ED50,https://data.nstauthority.co.uk/arcgis/rest/services/Adhoc/UKCS_Suspended_Wells_ED50
https://data.ogauthority.co.uk/arcgis/rest/services/OGA_Adhoc/OGA_Wellhead_Errors,https://data.nstauthority.co.uk/arcgis/rest/services/Adhoc/UKCS_Wellhead_Errors
https://data.ogauthority.co.uk/arcgis/rest/services/OGA_Adhoc/PDF_Map_Regions,https://data.nstauthority.co.uk/arcgis/rest/services/Adhoc/PDF_Map_Regions
https://data.ogauthority.co.uk/arcgis/rest/services/OGA_Government_Seismic/OGA_GovSeismicLegacy_ED50,https://data.nstauthority.co.uk/arcgis/rest/services/Government_Seismic/UKCS_GovSeismicLegacy_ED50
https://data.ogauthority.co.uk/arcgis/rest/services/OGA_Government_Seismic/OGA_GovSeismicLegacy_ETRS89,https://data.nstauthority.co.uk/arcgis/rest/services/Government_Seismic/UKCS_GovSeismicLegacy_ETRS89
https://data.ogauthority.co.uk/arcgis/rest/services/OGA_Government_Seismic/OGA_GovSeismicLegacy_UTM29N,https://data.nstauthority.co.uk/arcgis/rest/services/Government_Seismic/UKCS_GovSeismicLegacy_UTM29N
https://data.ogauthority.co.uk/arcgis/rest/services/OGA_Government_Seismic/OGA_GovSeismicLegacy_UTM31N,https://data.nstauthority.co.uk/arcgis/rest/services/Government_Seismic/UKCS_GovSeismicLegacy_UTM31N
https://data.ogauthority.co.uk/arcgis/rest/services/OGA_Government_Seismic/OGA_GovSeismicLegacy_WGS84,https://data.nstauthority.co.uk/arcgis/rest/services/Government_Seismic/UKCS_GovSeismicLegacy_WGS84
https://data.ogauthority.co.uk/arcgis/rest/services/OGA_Government_Seismic/OGA_GovSeismic_ED50,https://data.nstauthority.co.uk/arcgis/rest/services/Government_Seismic/UKCS_GovSeismic_ED50
https://data.ogauthority.co.uk/arcgis/rest/services/OGA_Government_Seismic/OGA_GovSeismic_ETRS89,https://data.nstauthority.co.uk/arcgis/rest/services/Government_Seismic/UKCS_GovSeismic_ETRS89
https://data.ogauthority.co.uk/arcgis/rest/services/OGA_Government_Seismic/OGA_GovSeismic_UTM29N,https://data.nstauthority.co.uk/arcgis/rest/services/Government_Seismic/UKCS_GovSeismic_UTM29N
https://data.ogauthority.co.uk/arcgis/rest/services/OGA_Government_Seismic/OGA_GovSeismic_UTM31N,https://data.nstauthority.co.uk/arcgis/rest/services/Government_Seismic/UKCS_GovSeismic_UTM31N
https://data.ogauthority.co.uk/arcgis/rest/services/OGA_Government_Seismic/OGA_GovSeismic_WGS84,https://data.nstauthority.co.uk/arcgis/rest/services/Government_Seismic/UKCS_GovSeismic_WGS84
https://data.ogauthority.co.uk/arcgis/rest/services/OGA_Public_BNG/OGA_BGS_ShalePros_BNG,https://data.nstauthority.co.uk/arcgis/rest/services/Public_BNG/ENG_BGS_ShalePros_BNG
https://data.ogauthority.co.uk/arcgis/rest/services/OGA_Public_BNG/OGA_CoalMineMethaneVents_BNG,https://data.nstauthority.co.uk/arcgis/rest/services/Public_BNG/ENG_CoalMineMethaneVents_BNG
https://data.ogauthority.co.uk/arcgis/rest/services/OGA_Public_BNG/OGA_Licences_BNG,https://data.nstauthority.co.uk/arcgis/rest/services/Public_BNG/ENG_Licences_BNG
https://data.ogauthority.co.uk/arcgis/rest/services/OGA_Public_BNG/OGA_Licensed_Blocks_History_BNG,https://data.nstauthority.co.uk/arcgis/rest/services/Public_BNG/ENG_Licensed_Blocks_History_BNG
https://data.ogauthority.co.uk/arcgis/rest/services/OGA_Public_BNG/OGA_Licensed_and_Unlicensed_Blocks_BNG,https://data.nstauthority.co.uk/arcgis/rest/services/Public_BNG/ENG_Licensed_and_Unlicensed_Blocks_BNG
https://data.ogauthority.co.uk/arcgis/rest/services/OGA_Public_BNG/OGA_OnshoreReferenceBlocks_BNG,https://data.nstauthority.co.uk/arcgis/rest/services/Public_BNG/ENG_OnshoreReferenceBlocks_BNG
https://data.ogauthority.co.uk/arcgis/rest/services/OGA_Public_BNG/OGA_Onshore_FieldsDets_BNG,https://data.nstauthority.co.uk/arcgis/rest/services/Public_BNG/ENG_Onshore_FieldsDets_BNG
https://data.ogauthority.co.uk/arcgis/rest/services/OGA_Public_BNG/OGA_Onshore_Fields_BNG,https://data.nstauthority.co.uk/arcgis/rest/services/Public_BNG/ENG_Onshore_Fields_BNG
https://data.ogauthority.co.uk/arcgis/rest/services/OGA_Public_BNG/OGA_Onshore_Wells_BNG,https://data.nstauthority.co.uk/arcgis/rest/services/Public_BNG/ENG_Onshore_Wells_BNG
https://data.ogauthority.co.uk/arcgis/rest/services/OGA_Public_BNG/OGA_Rd14_Awards_BNG,https://data.nstauthority.co.uk/arcgis/rest/services/Public_BNG/ENG_Rd14_Awards_BNG
https://data.ogauthority.co.uk/arcgis/rest/services/OGA_Public_ED50/OGA_Blocks_Offered_ED50,https://data.nstauthority.co.uk/arcgis/rest/services/Public_ED50/UKCS_Blocks_Offered_ED50
https://data.ogauthority.co.uk/arcgis/rest/services/OGA_Public_ED50/OGA_Buchan_Production_Data_ED50,https://data.nstauthority.co.uk/arcgis/rest/services/Public_ED50/UKCS_Buchan_Production_Data_ED50
https://data.ogauthority.co.uk/arcgis/rest/services/OGA_Public_ED50/OGA_ClusterAreas_ED50,https://data.nstauthority.co.uk/arcgis/rest/services/Public_ED50/UKCS_ClusterAreas_ED50
https://data.ogauthority.co.uk/arcgis/rest/services/OGA_Public_ED50/OGA_Daily_Production_Data_ED50,https://data.nstauthority.co.uk/arcgis/rest/services/Public_ED50/UKCS_Daily_Production_Data_ED50
https://data.ogauthority.co.uk/arcgis/rest/services/OGA_Public_ED50/OGA_GeologicalBoundaries_ED50,https://data.nstauthority.co.uk/arcgis/rest/services/Public_ED50/UKCS_GeologicalBoundaries_ED50
https://data.ogauthority.co.uk/arcgis/rest/services/OGA_Public_ED50/OGA_LicenceRelinquishments_ED50,https://data.nstauthority.co.uk/arcgis/rest/services/Public_ED50/UKCS_LicenceRelinquishments_ED50
https://data.ogauthority.co.uk/arcgis/rest/services/OGA_Public_ED50/OGA_Licences_ED50,https://data.nstauthority.co.uk/arcgis/rest/services/Public_ED50/UKCS_Licences_ED50
https://data.ogauthority.co.uk/arcgis/rest/services/OGA_Public_ED50/OGA_Licensed_Blocks_History_ED50,https://data.nstauthority.co.uk/arcgis/rest/services/Public_ED50/UKCS_Licensed_Blocks_History_ED50
https://data.ogauthority.co.uk/arcgis/rest/services/OGA_Public_ED50/OGA_Licensed_and_Unlicensed_Blocks_ED50,https://data.nstauthority.co.uk/arcgis/rest/services/Public_ED50/UKCS_Licensed_and_Unlicensed_Blocks_ED50
https://data.ogauthority.co.uk/arcgis/rest/services/OGA_Public_ED50/OGA_Licensees_ED50,https://data.nstauthority.co.uk/arcgis/rest/services/Public_ED50/UKCS_Licensees_ED50
https://data.ogauthority.co.uk/arcgis/rest/services/OGA_Public_ED50/OGA_Offshore_FieldDets_ED50,https://data.nstauthority.co.uk/arcgis/rest/services/Public_ED50/UKCS_Offshore_FieldDets_ED50
https://data.ogauthority.co.uk/arcgis/rest/services/OGA_Public_ED50/OGA_Offshore_Fields_ED50,https://data.nstauthority.co.uk/arcgis/rest/services/Public_ED50/UKCS_Offshore_Fields_ED50
https://data.ogauthority.co.uk/arcgis/rest/services/OGA_Public_ED50/OGA_Offshore_Infrastructure_ED50,https://data.nstauthority.co.uk/arcgis/rest/services/Public_ED50/UKCS_Offshore_Infrastructure_ED50
https://data.ogauthority.co.uk/arcgis/rest/services/OGA_Public_ED50/OGA_PPRS_Fields_ED50,https://data.nstauthority.co.uk/arcgis/rest/services/Public_ED50/UKCS_PPRS_Fields_ED50
https://data.ogauthority.co.uk/arcgis/rest/services/OGA_Public_ED50/OGA_Quadrants_ED50,https://data.nstauthority.co.uk/arcgis/rest/services/Public_ED50/UKCS_Quadrants_ED50
https://data.ogauthority.co.uk/arcgis/rest/services/OGA_Public_ED50/OGA_RestrictedBlocks_ED50,https://data.nstauthority.co.uk/arcgis/rest/services/Public_ED50/UKCS_RestrictedBlocks_ED50
https://data.ogauthority.co.uk/arcgis/rest/services/OGA_Public_ED50/OGA_RoundAwards_ED50,https://data.nstauthority.co.uk/arcgis/rest/services/Public_ED50/UKCS_RoundAwards_ED50
https://data.ogauthority.co.uk/arcgis/rest/services/OGA_Public_ED50/OGA_RoundIndicativeAreas_ED50,https://data.nstauthority.co.uk/arcgis/rest/services/Public_ED50/UKCS_RoundIndicativeAreas_ED50
https://data.ogauthority.co.uk/arcgis/rest/services/OGA_Public_ED50/OGA_Undeveloped_Discoveries_ED50,https://data.nstauthority.co.uk/arcgis/rest/services/Public_ED50/UKCS_Undeveloped_Discoveries_ED50
https://data.ogauthority.co.uk/arcgis/rest/services/OGA_Public_ED50/OGA_Wells_ED50,https://data.nstauthority.co.uk/arcgis/rest/services/Public_ED50/UKCS_Wells_ED50
https://data.ogauthority.co.uk/arcgis/rest/services/OGA_Public_ETRS89/OGA_Blocks_Offered_ETRS89,https://data.nstauthority.co.uk/arcgis/rest/services/Public_ETRS89/UKCS_Blocks_Offered_ETRS89
https://data.ogauthority.co.uk/arcgis/rest/services/OGA_Public_ETRS89/OGA_ClusterAreas_ETRS89,https://data.nstauthority.co.uk/arcgis/rest/services/Public_ETRS89/UKCS_ClusterAreas_ETRS89
https://data.ogauthority.co.uk/arcgis/rest/services/OGA_Public_ETRS89/OGA_GeologicalBoundaries_ETRS89,https://data.nstauthority.co.uk/arcgis/rest/services/Public_ETRS89/UKCS_GeologicalBoundaries_ETRS89
https://data.ogauthority.co.uk/arcgis/rest/services/OGA_Public_ETRS89/OGA_LicenceRelinquishments_ETRS89,https://data.nstauthority.co.uk/arcgis/rest/services/Public_ETRS89/UKCS_LicenceRelinquishments_ETRS89
https://data.ogauthority.co.uk/arcgis/rest/services/OGA_Public_ETRS89/OGA_Licences_ETRS89,https://data.nstauthority.co.uk/arcgis/rest/services/Public_ETRS89/UKCS_Licences_ETRS89
https://data.ogauthority.co.uk/arcgis/rest/services/OGA_Public_ETRS89/OGA_Licensed_Blocks_History_ETRS89,https://data.nstauthority.co.uk/arcgis/rest/services/Public_ETRS89/UKCS_Licensed_Blocks_History_ETRS89
https://data.ogauthority.co.uk/arcgis/rest/services/OGA_Public_ETRS89/OGA_Licensed_and_Unlicensed_Blocks_ETRS89,https://data.nstauthority.co.uk/arcgis/rest/services/Public_ETRS89/UKCS_Licensed_and_Unlicensed_Blocks_ETRS89
https://data.ogauthority.co.uk/arcgis/rest/services/OGA_Public_ETRS89/OGA_Offshore_FieldDets_ETRS89,https://data.nstauthority.co.uk/arcgis/rest/services/Public_ETRS89/UKCS_Offshore_FieldDets_ETRS89
https://data.ogauthority.co.uk/arcgis/rest/services/OGA_Public_ETRS89/OGA_Offshore_Fields_ETRS89,https://data.nstauthority.co.uk/arcgis/rest/services/Public_ETRS89/UKCS_Offshore_Fields_ETRS89
https://data.ogauthority.co.uk/arcgis/rest/services/OGA_Public_ETRS89/OGA_Offshore_Infrastructure_ETRS89,https://data.nstauthority.co.uk/arcgis/rest/services/Public_ETRS89/UKCS_Offshore_Infrastructure_ETRS89
https://data.ogauthority.co.uk/arcgis/rest/services/OGA_Public_ETRS89/OGA_Quadrants_ETRS89,https://data.nstauthority.co.uk/arcgis/rest/services/Public_ETRS89/UKCS_Quadrants_ETRS89
https://data.ogauthority.co.uk/arcgis/rest/services/OGA_Public_ETRS89/OGA_RestrictedBlocks_ETRS89,https://data.nstauthority.co.uk/arcgis/rest/services/Public_ETRS89/UKCS_RestrictedBlocks_ETRS89
https://data.ogauthority.co.uk/arcgis/rest/services/OGA_Public_ETRS89/OGA_RoundAwards_ETRS89,https://data.nstauthority.co.uk/arcgis/rest/services/Public_ETRS89/UKCS_RoundAwards_ETRS89
https://data.ogauthority.co.uk/arcgis/rest/services/OGA_Public_ETRS89/OGA_RoundIndicativeAreas_ETRS89,https://data.nstauthority.co.uk/arcgis/rest/services/Public_ETRS89/UKCS_RoundIndicativeAreas_ETRS89
https://data.ogauthority.co.uk/arcgis/rest/services/OGA_Public_ETRS89/OGA_Undeveloped_Discoveries_ETRS89,https://data.nstauthority.co.uk/arcgis/rest/services/Public_ETRS89/UKCS_Undeveloped_Discoveries_ETRS89
https://data.ogauthority.co.uk/arcgis/rest/services/OGA_Public_ETRS89/OGA_Wells_ETRS89,https://data.nstauthority.co.uk/arcgis/rest/services/Public_ETRS89/UKCS_Wells_ETRS89
https://data.ogauthority.co.uk/arcgis/rest/services/OGA_Public_WGS84/OGA_BGS_ShalePros_WGS84,https://data.nstauthority.co.uk/arcgis/rest/services/Public_WGS84/UKCS_BGS_ShalePros_WGS84
https://data.ogauthority.co.uk/arcgis/rest/services/OGA_Public_WGS84/OGA_Blocks_Offered_WGS84,https://data.nstauthority.co.uk/arcgis/rest/services/Public_WGS84/UKCS_Blocks_Offered_WGS84
https://data.ogauthority.co.uk/arcgis/rest/services/OGA_Public_WGS84/OGA_ClusterAreas_WGS84,https://data.nstauthority.co.uk/arcgis/rest/services/Public_WGS84/UKCS_ClusterAreas_WGS84
https://data.ogauthority.co.uk/arcgis/rest/services/OGA_Public_WGS84/OGA_Data_Initiatives_AOIs_WGS84,https://data.nstauthority.co.uk/arcgis/rest/services/Public_WGS84/UKCS_Data_Initiatives_AOIs_WGS84
https://data.ogauthority.co.uk/arcgis/rest/services/OGA_Public_WGS84/OGA_GeologicalBoundaries_WGS84,https://data.nstauthority.co.uk/arcgis/rest/services/Public_WGS84/UKCS_GeologicalBoundaries_WGS84
https://data.ogauthority.co.uk/arcgis/rest/services/OGA_Public_WGS84/OGA_LicenceRelinquishments_WGS84,https://data.nstauthority.co.uk/arcgis/rest/services/Public_WGS84/UKCS_LicenceRelinquishments_WGS84
https://data.ogauthority.co.uk/arcgis/rest/services/OGA_Public_WGS84/OGA_Licences_WGS84,https://data.nstauthority.co.uk/arcgis/rest/services/Public_WGS84/UKCS_Licences_WGS84
https://data.ogauthority.co.uk/arcgis/rest/services/OGA_Public_WGS84/OGA_Licensed_Blocks_History_WGS84,https://data.nstauthority.co.uk/arcgis/rest/services/Public_WGS84/UKCS_Licensed_Blocks_History_WGS84
https://data.ogauthority.co.uk/arcgis/rest/services/OGA_Public_WGS84/OGA_Licensed_and_Unlicensed_Blocks_WGS84,https://data.nstauthority.co.uk/arcgis/rest/services/Public_WGS84/UKCS_Licensed_and_Unlicensed_Blocks_WGS84
https://data.ogauthority.co.uk/arcgis/rest/services/OGA_Public_WGS84/OGA_Offshore_FieldDets_WGS84,https://data.nstauthority.co.uk/arcgis/rest/services/Public_WGS84/UKCS_Offshore_FieldDets_WGS84
https://data.ogauthority.co.uk/arcgis/rest/services/OGA_Public_WGS84/OGA_Offshore_Fields_WGS84,https://data.nstauthority.co.uk/arcgis/rest/services/Public_WGS84/UKCS_Offshore_Fields_WGS84
https://data.ogauthority.co.uk/arcgis/rest/services/OGA_Public_WGS84/OGA_Offshore_Infrastructure_WGS84,https://data.nstauthority.co.uk/arcgis/rest/services/Public_WGS84/UKCS_Offshore_Infrastructure_WGS84
https://data.ogauthority.co.uk/arcgis/rest/services/OGA_Public_WGS84/OGA_Onshore_FieldsDets_WGS84,https://data.nstauthority.co.uk/arcgis/rest/services/Public_WGS84/ENG_Onshore_FieldsDets_WGS84
https://data.ogauthority.co.uk/arcgis/rest/services/OGA_Public_WGS84/OGA_Onshore_Fields_WGS84,https://data.nstauthority.co.uk/arcgis/rest/services/Public_WGS84/ENG_Onshore_Fields_WGS84
https://data.ogauthority.co.uk/arcgis/rest/services/OGA_Public_WGS84/OGA_Onshore_Wells_WGS84,https://data.nstauthority.co.uk/arcgis/rest/services/Public_WGS84/ENG_Onshore_Wells_WGS84
https://data.ogauthority.co.uk/arcgis/rest/services/OGA_Public_WGS84/OGA_PPRS_FieldsPT_WGS84,https://data.nstauthority.co.uk/arcgis/rest/services/Public_WGS84/UKCS_PPRS_FieldsPT_WGS84
https://data.ogauthority.co.uk/arcgis/rest/services/OGA_Public_WGS84/OGA_PPRS_Fields_WGS84,https://data.nstauthority.co.uk/arcgis/rest/services/Public_WGS84/UKCS_PPRS_Fields_WGS84
https://data.ogauthority.co.uk/arcgis/rest/services/OGA_Public_WGS84/OGA_Pathfinder_Basemap_WGS84,https://data.nstauthority.co.uk/arcgis/rest/services/Public_WGS84/UKCS_Pathfinder_Basemap_WGS84
https://data.ogauthority.co.uk/arcgis/rest/services/OGA_Public_WGS84/OGA_Pre31stRoundAvailableData_WGS84,https://data.nstauthority.co.uk/arcgis/rest/services/Public_WGS84/UKCS_Pre31stRoundAvailableData_WGS84
https://data.ogauthority.co.uk/arcgis/rest/services/OGA_Public_WGS84/OGA_Quadrants_WGS84,https://data.nstauthority.co.uk/arcgis/rest/services/Public_WGS84/UKCS_Quadrants_WGS84
https://data.ogauthority.co.uk/arcgis/rest/services/OGA_Public_WGS84/OGA_ReferenceBlocks_WGS84,https://data.nstauthority.co.uk/arcgis/rest/services/Public_WGS84/UKCS_ReferenceBlocks_WGS84
https://data.ogauthority.co.uk/arcgis/rest/services/OGA_Public_WGS84/OGA_Relinquishment_Opportunities_WGS84,https://data.nstauthority.co.uk/arcgis/rest/services/Public_WGS84/UKCS_Relinquishment_Opportunities_WGS84
https://data.ogauthority.co.uk/arcgis/rest/services/OGA_Public_WGS84/OGA_RestrictedBlocks_WGS84,https://data.nstauthority.co.uk/arcgis/rest/services/Public_WGS84/UKCS_RestrictedBlocks_WGS84
https://data.ogauthority.co.uk/arcgis/rest/services/OGA_Public_WGS84/OGA_RoundAwards_WGS84,https://data.nstauthority.co.uk/arcgis/rest/services/Public_WGS84/UKCS_RoundAwards_WGS84
https://data.ogauthority.co.uk/arcgis/rest/services/OGA_Public_WGS84/OGA_RoundIndicativeAreas_WGS84,https://data.nstauthority.co.uk/arcgis/rest/services/Public_WGS84/UKCS_RoundIndicativeAreas_WGS84
https://data.ogauthority.co.uk/arcgis/rest/services/OGA_Public_WGS84/OGA_Suspended_Wells_WGS84,https://data.nstauthority.co.uk/arcgis/rest/services/Public_WGS84/UKCS_Suspended_Wells_WGS84
https://data.ogauthority.co.uk/arcgis/rest/services/OGA_Public_WGS84/OGA_Undeveloped_Discoveries_WGS84,https://data.nstauthority.co.uk/arcgis/rest/services/Public_WGS84/UKCS_Undeveloped_Discoveries_WGS84
https://data.ogauthority.co.uk/arcgis/rest/services/OGA_Public_WGS84/OGA_WellDataAvailability_WGS84,https://data.nstauthority.co.uk/arcgis/rest/services/Public_WGS84/UKCS_WellDataAvailability_WGS84
https://data.ogauthority.co.uk/arcgis/rest/services/OGA_Public_WGS84/OGA_Wells_WGS84,https://data.nstauthority.co.uk/arcgis/rest/services/Public_WGS84/UKCS_Wells_WGS84
